0.8795244463574887,0.8198236193393009,0.7900938865133601,0.8634655549733689,1.1008913607220152,0.4147994172589864,0.4147994172589864,0.17584058790497223,0.0,0.0,0.0,0.0,1.0,0.7047857046127319,0.669697642326355,0.6244595050811768,0.5350661277770996,0.15516003397265415,-0.11285810537691872,0.9814216280011038,1,0.0,FIST
0.8307522510153257,0.7525888155435477,0.7619092243265523,0.826084688958327,1.1212220555727888,0.43612758970596754,0.43612758970596754,0.19007746611206267,0.0,0.0,0.0,0.0,1.0,0.532954216003418,0.6284820437431335,0.46181491017341614,0.48314154148101807,0.24867611039189474,-0.05812787767196113,0.9668409082975916,1,0.0,FIST
0.9232355984177647,0.8125761095034323,0.8299793001643432,0.9463746760392983,1.0917307904764975,0.2888603070588835,0.2888603070588835,0.17735858032215007,1.0,0.0,0.0,1.0,1.0,0.6039720773696899,0.6122719645500183,0.5206859111785889,0.4745146334171295,0.3607313221889787,-0.08546256336741563,0.9287459628200069,3,0.0,FIST
0.9257757689240307,0.8922532512467963,0.8639832195502524,0.8605354505822219,1.0792409536502034,0.1984256466546219,0.1984256466546219,0.1806438002749368,1.0,0.0,0.0,0.0,1.0,0.6172927618026733,0.6091190576553345,0.5502336025238037,0.44857460260391235,0.43171583115043627,-0.15184520522493672,0.8891369269039976,2,0.0,FIST
0.9070383448180804,0.8476961683116794,0.7801902251890548,0.7795200946071823,1.1606355781131756,0.3367487811488616,0.3367487811488616,0.18084611234807688,1.0,0.0,0.0,0.0,1.0,0.6235058307647705,0.600479006767273,0.5679939985275269,0.43375712633132935,0.533233222353151,-0.06262086058921677,0.8436474135549406,2,0.0,FIST
0.8878446021306606,0.787279813120115,0.7660816874205018,0.8109722286182584,1.176458163242758,0.3761866522183639,0.3761866522183639,0.20120747763778193,0.0,0.0,0.0,0.0,1.0,0.6518361568450928,0.6006491184234619,0.5918640494346619,0.42033249139785767,0.872485762758122,-0.0021597844482428782,0.4886347604453812,1,0.0,FIST
0.9705494092577208,0.8515622360564252,0.8187204387633037,0.8114518370478246,1.1750571909485148,0.33357069481529494,0.33357069481529494,0.20474001945952364,1.0,0.0,0.0,0.0,1.0,0.6800956130027771,0.6094436049461365,0.6093990802764893,0.4059159755706787,0.9988453533639955,0.03748196205680159,-0.030050999709288404,2,0.0,FIST
0.9644788848234361,0.9163215514680548,0.9004199946756908,0.8450345884987006,1.1738261528456126,0.36921770698170403,0.36921770698170403,0.20682323446050488,1.0,1.0,1.0,0.0,1.0,0.7020410299301147,0.6122289896011353,0.6245258450508118,0.4048371911048889,0.9524817276035012,0.05044960067826714,-0.30038874208740446,4,0.0,FIST
0.8838350501828307,0.8625655843536162,0.8900047791295909,0.8866423063383139,1.1753918700659065,0.3891148604960381,0.3891148604960381,0.19701006972603965,0.0,0.0,0.0,0.0,1.0,0.7121002078056335,0.6184952259063721,0.6324090361595154,0.4360814094543457,0.9465133957209036,-0.02142028577721452,-0.32195273422989656,1,0.0,FIST
0.8836147029968546,0.7268203272653673,0.7844875720715585,0.7279607739507544,1.1255533735131373,0.47421153190175896,0.47421153190175896,0.16729398551208588,0.0,0.0,0.0,0.0,1.0,0.6952023506164551,0.6222938895225525,0.6166683435440063,0.462892085313797,-0.9415333787472356,0.007798146829719679,-0.33682946072283637,1,0.0,FIST
1.4384796058427136,1.2645668816408073,1.2011311370826105,1.2187786109160856,1.2211646891051986,0.2938178334016889,0.2938178334016889,0.1401312907486462,1.0,1.0,1.0,1.0,1.0,0.6722819805145264,0.5291202664375305,0.584567129611969,0.5220912098884583,0.9983973280720868,-0.0464123497525345,0.03238316057715952,5,1.0,FIST
1.3395409976325132,1.1595107374665932,0.910077474359254,0.9724185703153772,1.2175030634938686,0.642112142218683,0.642112142218683,0.14967874526935862,1.0,1.0,1.0,1.0,1.0,0.6725907921791077,0.5611677765846252,0.6057913899421692,0.559938907623291,0.9904242244681043,0.1378709432268331,0.007173465027281003,5,1.0,FIST
1.303630491920378,1.0940210645707502,0.8749371918339726,0.9688772574172666,1.14928375231862,0.6603221243878749,0.6603221243878749,0.14856219349216607,1.0,1.0,0.0,1.0,1.0,0.6754007339477539,0.5688265562057495,0.6067419052124023,0.5581209659576416,0.9929805945091175,0.1144421895389687,-0.0298751432104815,4,0.0,FIST
1.0500565441920953,1.0086327333729732,0.9137396927946649,0.9572638336711188,1.036457034813576,0.5411886636175033,0.5411886636175033,0.15039004912738932,1.0,1.0,1.0,1.0,1.0,0.679103434085846,0.6506008505821228,0.5980185866355896,0.5598933100700378,0.9899021167230637,0.08986698547937659,-0.10962538131312283,5,1.0,FIST
1.0651386659282711,1.0023298024671021,0.9182915281505234,1.0020056998472948,1.0134828103473512,0.46233484825049337,0.46233484825049337,0.1605700450373134,1.0,1.0,1.0,1.0,1.0,0.6688258051872253,0.6718157529830933,0.5962461233139038,0.5512856841087341,0.9896972480596409,0.11462699547136011,-0.08579049534990679,5,1.0,FIST
1.0964733541480916,0.9998705188020123,0.9032653691599813,0.9914952336599728,1.0603855731318792,0.4703251848327753,0.4703251848327753,0.16065023501442838,1.0,1.0,1.0,1.0,1.0,0.6665674448013306,0.663462221622467,0.5926584601402283,0.5512799024581909,0.9908115282285891,0.12075312744594933,-0.060919600633541154,5,1.0,FIST
1.120179103468606,1.0209233496832666,0.9121593873427116,0.9816446266577804,1.0392059980675186,0.48966637489777953,0.48966637489777953,0.15690667624810256,1.0,1.0,1.0,1.0,1.0,0.6651564240455627,0.6671886444091797,0.595794677734375,0.5438360571861267,0.9868914378337885,0.14670155726745918,-0.06726026334813157,5,1.0,FIST
1.0578081684054346,1.0140288918039075,0.9208138702507913,0.9838328249307711,1.0340801734461778,0.44639594697034773,0.44639594697034773,0.15247157802915137,1.0,1.0,1.0,1.0,1.0,0.6644014716148376,0.6786843538284302,0.5936951637268066,0.5463188290596008,0.9884459759249669,0.12376335497594093,-0.08750534065323702,5,1.0,FIST
1.0787305500758386,1.0069835896205017,0.9091139712285198,0.9825535777429899,1.0223667629482973,0.4648032283973734,0.4648032283973734,0.14788833830803125,1.0,1.0,1.0,1.0,1.0,0.6641386151313782,0.6577785611152649,0.5915514826774597,0.5480560660362244,0.9895477116569596,0.13424196484991754,-0.052672775014309,5,1.0,FIST
1.1053476300641583,1.0257747713169492,0.8993842221388724,0.9738672295434468,1.0559526171065319,0.4875626464643821,0.4875626464643821,0.14809029764688791,1.0,1.0,0.0,1.0,1.0,0.6600036025047302,0.6561151742935181,0.593349814414978,0.5452712774276733,0.9888510677937833,0.1478305564264332,-0.017879941547604257,4,0.0,FIST
1.1760359268562175,1.0700752883704818,0.9265144542444688,0.9834108791717264,1.0771717132474068,0.4645829101532898,0.4645829101532898,0.14840157624657524,1.0,1.0,1.0,1.0,1.0,0.6549914479255676,0.6562501192092896,0.5879734754562378,0.5361709594726562,0.9867312942599544,0.160421946990533,0.025023026432499502,5,1.0,FIST
0.871858057556876,0.8415208575815741,0.7907637590874673,0.7524346858500067,1.1257061722040782,0.22083620210433494,0.22083620210433494,0.21994659203477,0.0,0.0,0.0,0.0,1.0,0.7016117572784424,0.5721225738525391,0.6496453881263733,0.3731677532196045,0.9636974056516142,0.06771425582756867,-0.2582674774300215,1,0.0,FIST
0.6989027684643625,0.6499593285424793,0.6333568741797009,0.7036088369316257,1.0844249232066225,0.30996817247988084,0.30996817247988084,0.2038918503027071,0.0,0.0,0.0,0.0,1.0,0.6305648684501648,0.6157200932502747,0.5446010231971741,0.5124642848968506,0.2186312850434946,-0.15653129727166679,0.9631709682993355,1,0.0,FIST
0.8273976828481691,0.7544426509213343,0.7657890519511414,0.8461780262215781,1.0573150934644755,0.45175853267819055,0.45175853267819055,0.15013101263363884,0.0,0.0,0.0,0.0,1.0,0.5641798377037048,0.45603692531585693,0.4624127447605133,0.38281217217445374,0.19943566245883287,-0.08010212084190695,0.9766314897525242,1,0.0,FIST
0.9643448512445221,0.9345086854190157,0.9071045952201314,0.9695842074428741,1.1127994631146028,0.4007881500655224,0.4007881500655224,0.13378796154638387,1.0,1.0,1.0,1.0,1.0,0.5776730179786682,0.38450881838798523,0.4841501712799072,0.28760793805122375,0.23350163186478987,-0.127994348965638,0.9638954479347555,5,1.0,FIST
0.8294059743972713,0.8095410893521641,0.7997430748980761,0.8582064151539087,1.0437313463632887,0.31267093502634663,0.31267093502634663,0.1620792979655515,0.0,0.0,0.0,0.0,1.0,0.6460666060447693,0.3740755021572113,0.5911375284194946,0.24336567521095276,0.18570673935409318,-0.07696768593844829,0.9795861280560026,1,0.0,FIST
0.8285014458202662,0.8113361413079764,0.7471061556937906,0.7767255720297016,1.036751594642785,0.38796640148782713,0.38796640148782713,0.18099821650537373,0.0,0.0,0.0,0.0,1.0,0.7022549510002136,0.5449085235595703,0.6646914482116699,0.39041948318481445,0.31340961795749395,-0.07384652929118002,0.9467423627805955,1,0.0,FIST
1.1291446939855136,1.0602503286167781,0.9273267802119363,1.0431180130665334,1.0717540181895495,0.40914426499248635,0.40914426499248635,0.17032177934984727,1.0,1.0,1.0,1.0,1.0,0.6783473491668701,0.6809723973274231,0.6616789698600769,0.5470852851867676,0.9334281581149632,0.10144725512431231,0.3441225480346354,5,1.0,FIST
0.9628223807818892,1.01975078115804,1.0341878572899228,0.9747660298721844,1.171757492375583,0.5259604273980195,0.5259604273980195,0.17409635477478438,1.0,1.0,1.0,1.0,1.0,0.6399319171905518,0.7493035197257996,0.5214139819145203,0.5746859312057495,0.6920480625692886,0.05135588714000041,-0.7200222579546812,5,1.0,FIST
0.897132050859988,0.8787788409181153,0.8459894739104585,0.9164601864059636,0.9886612225385386,0.3108855619272947,0.3108855619272947,0.31509282684139706,0.0,0.0,0.0,1.0,1.0,0.7639340758323669,0.6668298840522766,0.6673436164855957,0.3753468990325928,0.9937742897155564,0.10154727839206755,0.04583460866534662,2,0.0,FIST
0.8805384085911125,0.8636528293087228,0.8408582374020488,0.8628952317327044,1.1363898825484127,0.4611932420535393,0.4611932420535393,0.25719945494914714,0.0,0.0,0.0,0.0,1.0,0.7576979398727417,0.6013897657394409,0.6266464591026306,0.4095374047756195,0.10603346058765603,-0.08373350435494517,0.9908307653097206,1,0.0,FIST
0.8100049063398065,0.7513417708259953,0.7224914602514586,0.7832324773193403,1.0916472883782706,0.4801289396298612,0.4801289396298612,0.22177007322038642,0.0,0.0,0.0,0.0,1.0,0.3417437672615051,0.5111812949180603,0.23808419704437256,0.3664955198764801,0.21044592963272415,-0.08649720604483369,0.9737714023565572,1,0.0,FIST
0.9610203206450892,0.7490398130357927,0.7041733791937157,0.7984922506725226,1.1394707123884522,0.34302011231793944,0.34302011231793944,0.2085727037746828,1.0,0.0,0.0,0.0,1.0,0.270250529050827,0.6600648164749146,0.1626983880996704,0.49789461493492126,0.22228092813219302,-0.060858365745166315,0.9730814191564437,2,0.0,FIST
0.9027023370079095,0.8715037491740676,0.8715926136951627,0.8864793867609877,1.0587596196385316,0.2045417136840044,0.2045417136840044,0.26472498256577476,1.0,0.0,0.0,0.0,1.0,0.30192458629608154,0.6861571669578552,0.08900810778141022,0.5209755301475525,0.7637176501323638,-0.1985757134024777,-0.6142499791802987,2,0.0,FIST
1.1264549619894373,0.966089670681946,0.8686122062699931,0.9769197672760445,1.1034207815608907,0.5325481683382383,0.5325481683382383,0.2805312045547379,1.0,1.0,0.0,1.0,1.0,0.4370916783809662,0.679032027721405,0.31839263439178467,0.5252026915550232,0.9914521580587238,0.07591919781352505,-0.10610793412394015,4,0.0,FIST
1.1904413629776467,0.9962168361883211,0.88565172858667,1.0426204338716483,1.0932451535885992,0.5128268640247373,0.5128268640247373,0.21581048413150128,1.0,1.0,0.0,1.0,1.0,0.4024803340435028,0.7571967840194702,0.32070451974868774,0.6534238457679749,0.9529203270997239,-0.08600352705842336,0.29076836749149043,4,0.0,FIST
1.1941158679382011,1.105409122466677,0.9994395060255474,1.0685528517769638,1.0098867820560693,0.42180760457221234,0.42180760457221234,0.21962988433805444,1.0,1.0,1.0,1.0,1.0,0.38725051283836365,0.8025591969490051,0.3343827724456787,0.6555136442184448,0.9054982365238513,0.04884719624821882,0.4215292339457412,5,1.0,FIST
1.0110935293251782,0.8559517043852383,0.7929613413599639,0.9979054486857044,0.9270766182833148,0.4647267017225715,0.4647267017225715,0.1948550178248358,1.0,0.0,0.0,1.0,1.0,0.45748084783554077,0.7598699331283569,0.44353267550468445,0.6282286643981934,0.8673096804778608,0.12903371285463167,0.48075380299727133,3,0.0,FIST
1.0451765757358398,1.0016733346658984,0.882486011200077,0.9820671026849116,1.0087945251689707,0.39377494065991414,0.39377494065991414,0.1805621512954025,1.0,1.0,0.0,1.0,1.0,0.5649875998497009,0.7028826475143433,0.5414702296257019,0.5439476370811462,0.8927470464304612,0.21871863507649167,0.3939097228553321,4,0.0,FIST
0.939124060872709,0.846339134177238,0.8178859909166818,0.851386106117077,1.0121287536221164,0.2675638580311497,0.2675638580311497,0.12486580144069537,1.0,0.0,0.0,0.0,1.0,0.6457654237747192,0.7114279270172119,0.591485321521759,0.6003673076629639,0.2853489026309095,-0.060708696884065536,0.9564990631934641,2,0.0,FIST
0.8958030737480687,0.8089364277643432,0.7818377934373894,0.8260250055879313,1.1211378966518482,0.4191318450520774,0.4191318450520774,0.1214878330133533,0.0,0.0,0.0,0.0,1.0,0.6823629140853882,0.6906439065933228,0.6215718984603882,0.5967946648597717,0.2262687339451492,-0.1260717679034539,0.9658718182950349,1,0.0,FIST
0.8907061369264895,0.8259423367988683,0.8408939076332714,0.8670340175148187,1.159364873027835,0.47870041888463105,0.47870041888463105,0.11267165547637378,0.0,0.0,0.0,0.0,1.0,0.7119362354278564,0.619342565536499,0.6564249992370605,0.5321769714355469,0.08933457735970747,-0.0969769403328951,0.99126929052182,1,0.0,FIST
0.8898749279287678,0.8009884180114296,0.8016006383788286,0.8367409026851764,1.1596392341517114,0.5039755173766892,0.5039755173766892,0.1110542875469902,0.0,0.0,0.0,0.0,1.0,0.6888102889060974,0.5137718319892883,0.6302565336227417,0.43050700426101685,0.25214926444420616,-0.06914934424238599,0.9652145443532717,1,0.0,FIST
0.7507078344305772,0.6862234891066836,0.6413777169868927,0.6468870678016471,1.0518428301280742,0.27180150902329453,0.27180150902329453,0.15545743163814613,0.0,0.0,0.0,0.0,1.0,0.6463686227798462,0.5333826541900635,0.610526442527771,0.4161129593849182,0.6497546098158474,-0.05115773268855758,0.7584206177374281,1,0.0,FIST
0.9546884813020194,0.9073570312466587,0.8581909506752007,0.8318898654192454,1.1216441586483898,0.3507078888241921,0.3507078888241921,0.1508866716068273,1.0,1.0,0.0,0.0,1.0,0.7066540122032166,0.6980290412902832,0.632172167301178,0.54902583360672,0.8848010475573385,0.0010318192793760158,-0.46596785467498847,3,0.0,FIST
1.084841340702858,1.129146245135239,1.0431205029358162,1.0881312675069905,1.0811117403600736,0.30977419229670516,0.30977419229670516,0.11447262648178455,1.0,1.0,1.0,1.0,1.0,0.7060102820396423,0.6332552433013916,0.6937702298164368,0.5417053699493408,0.8777953166518909,0.22116438793289295,0.42492551767842246,5,1.0,FIST
1.36009767894082,1.2916797311733859,1.0444894088624674,1.0511202914267872,1.1213874928897174,0.4628720792726733,0.4628720792726733,0.11254148445161183,1.0,1.0,1.0,1.0,1.0,0.6616323590278625,0.5359470248222351,0.6180386543273926,0.39998337626457214,0.9769860979190865,0.12430462586089337,0.17333933328134235,5,1.0,FIST
1.0576199568617877,0.9724921081310335,0.9074510357436764,0.8269070795161305,1.170897059513824,0.3252365206461823,0.3252365206461823,0.14741476251272623,1.0,1.0,1.0,0.0,1.0,0.6869161128997803,0.558675229549408,0.5944347977638245,0.4095357656478882,0.8683829615061558,-0.026290210074649763,-0.4951967861568055,4,0.0,FIST
0.9726910282671414,0.9385112587057287,0.912535262980971,0.8482237031944639,1.1720425401194026,0.3530727268792106,0.3530727268792106,0.1570388921926282,1.0,1.0,1.0,0.0,1.0,0.6770804524421692,0.5511345863342285,0.5952972769737244,0.3965679407119751,0.8579929656578862,-0.00969493616375198,-0.5135699359331367,4,0.0,FIST
0.9993612710234498,0.9700003304996507,0.9378978323367245,0.8604675674021487,1.1837595340324452,0.32801794841629994,0.32801794841629994,0.15909993397285924,1.0,1.0,1.0,0.0,1.0,0.6743367910385132,0.5429587364196777,0.5803720951080322,0.3846896290779114,0.8144824947904746,-0.018992356101640552,-0.5798771905236427,4,0.0,FIST
1.0066342956531653,1.0189511422723572,0.9694685595211557,0.8508294841992944,1.1825539963219551,0.3565619720150287,0.3565619720150287,0.16204109994114171,1.0,1.0,1.0,0.0,1.0,0.6727765202522278,0.5390596985816956,0.5835970044136047,0.3722302317619324,0.7033790074849252,-0.02309717953621996,-0.7104396470686255,4,0.0,FIST
0.9899680799328608,0.9916928548984094,0.9821373170515698,0.8724284050565937,1.1819803145169874,0.359433877389341,0.359433877389341,0.16780724140660105,1.0,1.0,1.0,0.0,1.0,0.6762931942939758,0.5390421152114868,0.5832385420799255,0.3727111220359802,0.7584890706539724,-0.05806325323714311,-0.6490939749543149,4,0.0,FIST
0.9112972127710361,0.9326618706067773,1.0006980926459512,0.9633236058528359,1.1887783450953047,0.4879098104904818,0.4879098104904818,0.14279128256080942,1.0,1.0,1.0,1.0,1.0,0.6203192472457886,0.4557437598705292,0.5424985885620117,0.3193393051624298,0.5450578519106013,0.14525819676180474,-0.8257190771346571,5,1.0,FIST
1.055032131061247,1.10465515091111,1.1082610314538246,1.0449883471252293,1.1803194301274618,0.33028953175742604,0.33028953175742604,0.1695191472653626,1.0,1.0,1.0,1.0,1.0,0.7406269311904907,0.4769099950790405,0.6774798035621643,0.283404141664505,0.839872805473403,0.07330328467639993,-0.537810653559304,5,1.0,FIST
1.0162082843524036,0.9817303147191779,0.8421066608074206,0.9422422591726596,1.091294928976013,0.3819647159583875,0.3819647159583875,0.14948705241220978,1.0,1.0,0.0,1.0,1.0,0.7448662519454956,0.6667076349258423,0.7325043082237244,0.5199951529502869,0.9316450158521079,0.22098612988478333,0.2884487733315419,4,0.0,FIST
1.33131731579298,1.2996045031929644,1.1750048203664496,1.1035356746507907,1.1632397763228806,0.3003918303610168,0.3003918303610168,0.16015246178088274,1.0,1.0,1.0,1.0,1.0,0.8348703980445862,0.6063482165336609,0.7999918460845947,0.38538432121276855,0.11032270891102121,-0.34047370694899437,0.9337593666330445,5,1.0,FIST
1.0675361796920901,1.070936859676369,1.0813176535143205,1.1260244154207864,1.1658808760622212,0.29536776445111623,0.29536776445111623,0.23084004263569946,1.0,1.0,1.0,1.0,1.0,0.8251802921295166,0.5373102426528931,0.736989438533783,0.309841513633728,-0.8029705026708813,-0.13910044350398473,0.5795596936101293,5,1.0,FIST
0.874754317367119,0.8784760407466952,0.844011701677347,0.8580641814725837,1.172376773811269,0.46868099324901735,0.46868099324901735,0.19769463316050348,0.0,0.0,0.0,0.0,1.0,0.7470088601112366,0.6057267785072327,0.6504810452461243,0.46260035037994385,0.0368102759195719,-0.13967213410707902,0.9895133645083825,1,0.0,FIST
0.9199124570557714,0.8455488335691619,0.8246143598524727,0.8634407385321645,1.1140959770465186,0.4234881040775536,0.4234881040775536,0.1911969951676698,1.0,0.0,0.0,0.0,1.0,0.6682825684547424,0.5430176854133606,0.5674669146537781,0.3928544521331787,0.13350487708203784,-0.11414470683769336,0.9844528600680924,2,0.0,FIST
1.0135549994111557,0.7941787329926735,0.7942460422353376,0.8556352506919094,1.1485029320040732,0.4360247851564513,0.4360247851564513,0.17807759056274475,1.0,0.0,0.0,0.0,1.0,0.7063320279121399,0.4733668565750122,0.6159687638282776,0.31378427147865295,0.26235013412310537,-0.016582996526206432,0.9648302500190385,2,0.0,FIST
0.8290679570288143,0.8017021127029734,0.7824908667034558,0.8473062218253976,1.0743293439963115,0.48205201236292305,0.48205201236292305,0.1650362240887455,0.0,0.0,0.0,0.0,1.0,0.687524139881134,0.4108925759792328,0.6062785387039185,0.2955528795719147,0.17373161510487223,-0.08950263077283095,0.980717393033179,1,0.0,FIST
0.9158014508574965,0.8391589047631063,0.8283433162497468,0.8648641581250424,1.1160563609422216,0.48542755406442295,0.48542755406442295,0.15878727994466488,1.0,0.0,0.0,0.0,1.0,0.6000195145606995,0.37436074018478394,0.5248080492019653,0.24459296464920044,0.23542937089064758,-0.0649397979562201,0.9697194614750388,2,0.0,FIST
0.9959269441105714,0.8770528168137183,0.874358331167723,0.9417582148857904,1.16427179538202,0.4889376985011109,0.4889376985011109,0.13964235167044273,1.0,0.0,0.0,1.0,1.0,0.7200173735618591,0.33269304037094116,0.6757539510726929,0.2021583765745163,0.24958980828427907,0.08800321255079324,0.9643445246287018,3,0.0,FIST
1.1271965075721848,1.0876625834108515,0.9869339759497657,1.0448352429650059,1.1945592098214617,0.22132322463952528,0.22132322463952528,0.14791401845374755,1.0,1.0,1.0,1.0,1.0,0.7820121645927429,0.48172834515571594,0.7196753621101379,0.3232618570327759,0.20006970141051522,-0.11020420900102545,0.9735641462666781,5,1.0,FIST
0.8793383832586245,0.8310670738490594,0.7974317992515401,0.8399193266473134,1.142499183469365,0.45813663495161244,0.45813663495161244,0.14347995840492433,0.0,0.0,0.0,0.0,1.0,0.7805648446083069,0.6182973980903625,0.7103675603866577,0.5092954635620117,0.09858581374742946,-0.11127385562072792,0.9888877420531891,1,0.0,FIST
0.8832227998677613,0.8327337116590489,0.8081434124120698,0.8640245138270427,1.1160853096359693,0.412692845840826,0.412692845840826,0.14863853426831516,0.0,0.0,0.0,0.0,1.0,0.8407789468765259,0.6312754154205322,0.7814444899559021,0.5119562745094299,0.048059458588148946,-0.14449413708485834,0.988337863682413,1,0.0,FIST
0.9144829297343237,0.8367548577945635,0.8142070296217863,0.8468177539287017,1.163689976982815,0.3047669375687551,0.3047669375687551,0.16319467350635888,1.0,0.0,0.0,0.0,1.0,0.8113424777984619,0.7294979095458984,0.7416012287139893,0.6013174653053284,0.02414911429014838,-0.18142115996405622,0.9831089375019931,2,0.0,FIST
1.0171565440113237,0.8887320618427791,0.8638453531485728,0.9025100589473389,1.0819983221513148,0.2882517747269751,0.2882517747269751,0.16993553900445074,1.0,0.0,0.0,1.0,1.0,0.8386510014533997,0.7512028217315674,0.7766960859298706,0.5809377431869507,0.2739103719149777,-0.03235019743973536,0.9612109929058285,3,0.0,FIST
0.8954480376444126,0.8328366579383788,0.8205139012793377,0.8602601214857798,1.0995470451286662,0.466867119820709,0.466867119820709,0.15155665917976407,0.0,0.0,0.0,0.0,1.0,0.8990669250488281,0.7129713892936707,0.8399081826210022,0.5799469947814941,0.016797733864395845,0.024371363122248677,0.9995618404063774,1,0.0,FIST
2.1866626323464438,2.3446450592943204,2.2791768195242526,1.9912685532277663,1.2345139429546745,0.4078562112035481,0.4078562112035481,0.11237390172496602,1.0,1.0,1.0,1.0,1.0,0.9035815000534058,0.6737047433853149,0.8224160075187683,0.43042224645614624,-0.01868781675735331,-0.358730157022781,0.9332542204283111,5,1.0,FIST
0.8891251414989977,0.8056334163203671,0.7922541751247447,0.8276861397645169,1.1277158995096663,0.497285031234169,0.497285031234169,0.12785258295700533,0.0,0.0,0.0,0.0,1.0,0.8792070150375366,0.5225926041603088,0.8126399517059326,0.4218992292881012,0.1501602738990866,-0.1173851201496706,0.9816682870043214,1,0.0,FIST
0.8438494957528495,0.8106956055548914,0.7935893087563982,0.8300971278000376,1.0884123138708397,0.5263707088381548,0.5263707088381548,0.13995406742037764,0.0,0.0,0.0,0.0,1.0,0.8863025307655334,0.4692305624485016,0.8166437149047852,0.36403077840805054,0.11850708852323485,-0.042408629925271904,0.9920471652485116,1,0.0,FIST
0.9607718728750483,0.8470245615710152,0.8543005821642617,0.9137933404589357,1.1653292558035129,0.42351006604197966,0.42351006604197966,0.14565482063241428,1.0,0.0,0.0,1.0,1.0,0.8595274090766907,0.44874122738838196,0.7879493832588196,0.32000458240509033,0.1811855193241528,-0.07857957991956746,0.9803045736947785,3,0.0,FIST
1.0865793412671942,0.8971389267558381,0.8910447905731406,0.9115422102382068,1.1457685570430094,0.27121807822160615,0.27121807822160615,0.13712299564343103,1.0,0.0,0.0,1.0,1.0,0.8910853862762451,0.3951791822910309,0.8279223442077637,0.2536410689353943,0.11085299914796881,-0.12418189424882818,0.9860479043741605,3,0.0,FIST
0.8389350482143375,0.8032246337544091,0.8052682670339331,0.8631676457105084,1.0734649091450768,0.45123596559488993,0.45123596559488993,0.1703605370270442,0.0,0.0,0.0,0.0,1.0,0.8169639706611633,0.4412902593612671,0.7398046851158142,0.31778061389923096,0.24770667552952189,-0.0306790699589902,0.9683492126111135,1,0.0,FIST
0.8410169869329043,0.8119192899701891,0.7978640836637544,0.8363037935243027,1.151336502349731,0.5645653665164679,0.5645653665164679,0.1438839311145105,0.0,0.0,0.0,0.0,1.0,0.8094267249107361,0.5447344779968262,0.7385265827178955,0.43885838985443115,0.058931935767620916,-0.08678550261658409,0.9944824299515139,1,0.0,FIST
0.9201214459184984,0.8016178594127793,0.8197684542866372,0.8550298552675,1.1731954929589072,0.4687712942402071,0.4687712942402071,0.15012836930519935,1.0,0.0,0.0,0.0,1.0,0.8130624294281006,0.5876641869544983,0.7434561848640442,0.4603945314884186,0.137521177168553,-0.03806651447761321,0.9897670767941825,2,0.0,FIST
0.9220746356495301,0.8613051961132467,0.8558332059641022,0.8881859424726656,1.163145990835378,0.4671837487377505,0.4671837487377505,0.14498294160818007,1.0,0.0,0.0,0.0,1.0,0.7678434252738953,0.6543264985084534,0.6931347846984863,0.5405471324920654,0.059126007469597446,-0.11790246327088891,0.9912633980912248,2,0.0,FIST
1.160367461841268,0.8847148792056442,0.8793836322694261,0.9627935556832081,1.1575176679854158,0.22237139672745287,0.22237139672745287,0.13256871908478948,1.0,0.0,0.0,1.0,1.0,0.820999264717102,0.6213963031768799,0.7699716687202454,0.47349056601524353,0.07982245711236995,-0.1863443580701777,0.9792365166577262,3,0.0,FIST
1.3776723859731734,0.9669111937224814,0.8089613904066754,0.8542698854729067,1.2263725616840142,0.25640077753182805,0.25640077753182805,0.15389014185194747,1.0,1.0,0.0,0.0,1.0,0.817201554775238,0.7336094379425049,0.7351666688919067,0.5327157974243164,0.2151140679193756,-0.22508221743660678,0.9502967605842916,3,0.0,FIST
0.8948763270153546,0.836380524109099,0.8137228561003267,0.8551889739911073,1.1336823769781543,0.43905683231535536,0.43905683231535536,0.16078502532493405,0.0,0.0,0.0,0.0,1.0,0.8270554542541504,0.7749139070510864,0.7642615437507629,0.6397786736488342,0.09657020887581169,-0.09075512597418137,0.9911799543307425,1,0.0,FIST
0.9275137301532118,0.8375285890175036,0.8043115605282338,0.8584471795529337,1.0957365112412836,0.3625568587786398,0.3625568587786398,0.17097332829522865,1.0,0.0,0.0,0.0,1.0,0.8644348978996277,0.8022146821022034,0.7910977602005005,0.6527153253555298,0.08056691341783649,-0.1333071268105836,0.9877946053729133,2,0.0,FIST
0.9271185280949915,0.825588291941372,0.8022100608847975,0.8802504772721178,1.094558735841549,0.48602470932232267,0.48602470932232267,0.20190714666532358,1.0,0.0,0.0,0.0,1.0,0.9142619967460632,0.8622809052467346,0.8322392106056213,0.6843977570533752,0.1142034288589345,-0.03206666151599847,0.9929397293169815,2,0.0,FIST
1.089917368767983,1.010918132478531,1.0013712986280014,1.0484604465865548,1.1464675405084988,0.2794210666545003,0.2794210666545003,0.16402038638342256,1.0,1.0,1.0,1.0,1.0,0.9878810048103333,0.8046826124191284,0.914300262928009,0.6300677061080933,0.16373621363321453,-0.01990118372126063,0.9863033991787471,5,1.0,FIST
0.8882519204919169,0.8217522276984899,0.7768734470893638,0.8254104190158769,1.0654945960309465,0.41689840057672084,0.41689840057672084,0.24018198728153414,0.0,0.0,0.0,0.0,1.0,0.8412141799926758,0.8074309825897217,0.7269319295883179,0.6157644987106323,0.16082764054296106,-0.05819053298949416,0.9852656149017801,1,0.0,FIST
0.8810890811419414,0.8290745330821435,0.7964886706151818,0.836356577355382,1.157792935775192,0.5014140876647335,0.5014140876647335,0.24667219084396627,0.0,0.0,0.0,0.0,1.0,0.8023672699928284,0.7495956420898438,0.686016321182251,0.5535200238227844,0.12235841277416261,-0.06068877581545527,0.9906287353561923,1,0.0,FIST
0.8801136074688863,0.8029863654902741,0.7871253984597439,0.8352591556863501,1.1417113872682156,0.48379254416089124,0.48379254416089124,0.2610643710252983,0.0,0.0,0.0,0.0,1.0,0.7779504656791687,0.6826924085617065,0.6516045331954956,0.4821973145008087,0.22724510359010186,-0.09742662842743846,0.9689518641127566,1,0.0,FIST
0.9392317418947341,0.8219145673620506,0.816648195552848,0.882342102792524,1.0827542840028448,0.41753339850789584,0.41753339850789584,0.25509117088784994,1.0,0.0,0.0,0.0,1.0,0.8267831802368164,0.5183199644088745,0.7132931351661682,0.2957431674003601,0.23301362063796324,-0.011091233289128264,0.9724102206071845,2,0.0,FIST
0.9787138238102246,0.8132276198961979,0.7989737551558241,0.8682690435778625,1.0915133255075558,0.43699397444446325,0.43699397444446325,0.23574890516989386,1.0,0.0,0.0,0.0,1.0,0.7251156568527222,0.4626638889312744,0.6099908351898193,0.2597227394580841,0.2522855963313706,-0.012799096812556398,0.9675681686602281,2,0.0,FIST
0.8142661659489457,0.7998007735789979,0.75691203942174,0.8490808616418148,1.098881257958614,0.5659655491731179,0.5659655491731179,0.2615198498659328,0.0,0.0,0.0,0.0,1.0,0.7972203493118286,0.40572839975357056,0.6740079522132874,0.22795774042606354,0.11154018710915942,-0.08237915538091234,0.9903395687431564,1,0.0,FIST
0.9431387334692138,0.8438688773249199,0.8319668253359758,0.9201754642776018,1.1163434367992044,0.5076581740853237,0.5076581740853237,0.23481099746647083,1.0,0.0,0.0,1.0,1.0,0.8710256814956665,0.4714202582836151,0.7669947147369385,0.27313876152038574,0.16100705587070674,-0.0797044292451305,0.9837296030508358,3,0.0,FIST
0.9415341953611132,0.8129585828959729,0.8044661423105935,0.8619982967390727,1.1391303279043279,0.4231863834041958,0.4231863834041958,0.23028815700189978,1.0,0.0,0.0,0.0,1.0,0.7185645699501038,0.7161486148834229,0.6136302947998047,0.5224012732505798,0.15148211968545855,-0.11549947251298548,0.9816888709081012,2,0.0,FIST
0.9518207397307314,0.8418255958141426,0.8049541169480586,0.8493417128533453,1.1278598758159242,0.4149561596187324,0.4149561596187324,0.24406248359716431,1.0,0.0,0.0,0.0,1.0,0.7276273369789124,0.7675274014472961,0.6205542087554932,0.5515503883361816,0.3272115540631542,-0.08566700497385255,0.9410599147484635,2,0.0,FIST
0.9121705293476873,0.8236421484792678,0.7959294372423893,0.8405562408815214,1.0881217758687742,0.3823024452264261,0.3823024452264261,0.2586216143983856,1.0,0.0,0.0,0.0,1.0,0.7708500027656555,0.719763994216919,0.6626826524734497,0.49841952323913574,0.19522075803369268,-0.06094959012402293,0.9788636284470191,2,0.0,FIST
0.9608452575238642,0.8163962122709506,0.7976178331647091,0.8483090515940841,1.1112100299044287,0.46770195008371307,0.46770195008371307,0.2325403387017787,1.0,0.0,0.0,0.0,1.0,0.7098661661148071,0.5674743056297302,0.6098212599754333,0.3648461699485779,0.3053209177722476,-0.003839909616769138,0.9522417719596465,2,0.0,FIST
1.2435790422865987,1.3282244079022991,1.3220833587125707,1.3771732521904159,1.1771717408003484,0.35177194239242476,0.35177194239242476,0.20554670287054397,1.0,1.0,1.0,1.0,1.0,0.5869606137275696,0.5869704484939575,0.6429823040962219,0.3112363815307617,0.8981289368350164,-0.3815547361611058,0.2185872734919212,5,1.0,FIST
1.1208270756683838,1.0806253105666261,0.9453875383097496,0.9824717978544365,1.0483396151569149,0.3172988990195416,0.3172988990195416,0.17613276792164248,1.0,1.0,1.0,1.0,1.0,0.5337764024734497,0.4990440011024475,0.4612366557121277,0.3160010576248169,0.9670143571022954,0.18276875316779884,0.17742270436311808,5,1.0,FIST
0.9575187012706817,0.9689468538207131,0.8983898569353145,1.0363324789262371,1.0602141734710813,0.5059823433016934,0.5059823433016934,0.16190922637660285,1.0,1.0,0.0,1.0,1.0,0.6538144946098328,0.5789790153503418,0.6049689054489136,0.4391403794288635,0.974030518786604,0.20676228320319395,0.09227083351147106,4,0.0,FIST
0.9406753300106833,0.8994082744703911,0.8710494215476597,0.8550913848165523,1.02230075080096,0.3130167214479272,0.3130167214479272,0.20893272180076275,1.0,0.0,0.0,0.0,1.0,0.7193564772605896,0.5570840835571289,0.6300657987594604,0.35195615887641907,0.9350873304433892,0.08586304388041517,-0.3438593057339671,2,0.0,FIST
1.2308678306047407,1.3196562133458916,1.2716596013836567,1.2762157163677326,1.1583163458662733,0.2718736995553309,0.2718736995553309,0.16479023830424977,1.0,1.0,1.0,1.0,1.0,0.6708000302314758,0.545454740524292,0.6527113914489746,0.3515974283218384,0.895092842588826,0.30460510101863925,0.3256140899587726,5,1.0,FIST
0.9734910191345698,0.9229483017425798,0.7922204458958938,0.9537216651785249,1.0633258231417753,0.3660604984511537,0.3660604984511537,0.20002354641711345,1.0,1.0,0.0,1.0,1.0,0.752257227897644,0.6211714148521423,0.7355045676231384,0.4526057243347168,0.9259703106611482,0.16746745236193872,0.3384281846618252,4,0.0,FIST
1.055570062647386,0.970651941868077,0.8888781089587734,1.0153509886756833,1.1297411070961152,0.3675708559209859,0.3675708559209859,0.20436828866992302,1.0,1.0,0.0,1.0,1.0,0.7771830558776855,0.6398313045501709,0.7261403799057007,0.43456026911735535,0.9808916409248921,0.110052162355241,0.16043724731061773,4,0.0,FIST
1.5115519533232866,1.5246314806991155,1.2730657132583536,1.2282905801168051,1.152139973049583,0.4928430943393265,0.4928430943393265,0.16988519026182675,1.0,1.0,1.0,1.0,1.0,0.6843056082725525,0.533226728439331,0.6611466407775879,0.32709816098213196,0.9555890438322332,0.21089737110513473,0.2058443056505119,5,1.0,FIST
0.9865860534463972,0.995872527807449,0.8950754144957703,1.0251445587451085,1.0840645012425645,0.3451625126112808,0.3451625126112808,0.1773408807590493,1.0,1.0,0.0,1.0,1.0,0.6929064393043518,0.5009493231773376,0.6650438904762268,0.3445780575275421,0.9271950666641611,0.15396471162263772,0.3414735362053696,4,0.0,FIST
1.0161894929969235,1.0266483728223674,0.9754054243563457,1.0754757257042968,0.9946899895996801,0.3236545078655743,0.3236545078655743,0.17718514385601528,1.0,1.0,1.0,1.0,1.0,0.6817880272865295,0.5095266103744507,0.6365559697151184,0.3647364377975464,0.8748277214305813,0.04874053294701953,0.48197595195675236,5,1.0,FIST
1.0681191482018453,1.0249507515167877,0.9309777802995981,1.0538182282325035,1.0954659244360716,0.5233726768143449,0.5233726768143449,0.2954942364763409,1.0,1.0,1.0,1.0,1.0,0.7552273273468018,0.7056839466094971,0.649354100227356,0.4881860911846161,0.9913680857954184,0.1292732825356623,0.02185719306733921,5,1.0,FIST
1.0288949122970872,0.9562342777522375,0.885028462798591,1.0265805959672483,1.00809898206853,0.4847299058337134,0.4847299058337134,0.2823524924324011,1.0,1.0,0.0,1.0,1.0,0.7566133737564087,0.6939257383346558,0.6529056429862976,0.48513996601104736,0.9930200271837931,0.10960522279125165,0.04356513225939918,4,0.0,FIST
0.8794868218384848,0.856803185139494,0.8000642586110293,0.8824326433448143,1.0668989033569505,0.3915439046631207,0.3915439046631207,0.3366908516452855,0.0,0.0,0.0,0.0,1.0,0.7601870894432068,0.6530868411064148,0.7077205181121826,0.3927363157272339,0.8739047229063375,0.0550854472983,0.4829659706210611,1,0.0,FIST
0.91237820189762,0.8948442885736527,0.8382788489047925,0.9323853471716493,0.9603745404594197,0.309723824202288,0.309723824202288,0.3208932298287306,1.0,0.0,0.0,1.0,1.0,0.7948001623153687,0.6537363529205322,0.6930861473083496,0.3514522910118103,0.992799072728556,0.0941576736473866,0.07405628725929653,3,0.0,FIST
0.9960704435363443,0.9429755100435901,0.8939467880626932,0.995580370875316,1.0594673000077823,0.4013822866430498,0.4013822866430498,0.33311695279054415,1.0,1.0,0.0,1.0,1.0,0.8116515278816223,0.6752073168754578,0.6765998601913452,0.4087705910205841,0.9883695295245214,0.13536645174512854,-0.06929355561240905,4,0.0,FIST
1.3238956533321031,1.1666534749222552,1.0054028609255365,1.0858969903299163,1.1636689452781068,0.42084931534245046,0.42084931534245046,0.21477681427145495,1.0,1.0,1.0,1.0,1.0,0.660394549369812,0.6661449074745178,0.5394976735115051,0.490320086479187,0.9442025115407633,0.23928349235143642,0.22632946668124052,5,1.0,FIST
0.9804071043059687,1.0253404003512412,0.997787642256688,0.940810570205457,1.0847421104263146,0.2407097922148277,0.2407097922148277,0.29260798121665277,1.0,1.0,1.0,1.0,1.0,0.34564417600631714,0.6489589810371399,0.105830118060112,0.39113929867744446,0.6116137815259182,-0.09004656451726323,-0.7860153932756054,5,1.0,FIST
0.8425997352179817,0.6960787453586348,0.6121033852632666,0.7047700070710629,0.9805784252742019,0.22633138637506092,0.22633138637506092,0.19824249000733124,0.0,0.0,0.0,0.0,1.0,0.7422223687171936,0.6505013704299927,0.654112696647644,0.6057287454605103,0.1378388446749266,-0.47587222789338224,0.8686461164470088,1,0.0,FIST
0.7275171293613848,0.6012705931541443,0.5249308093732274,0.6371758722987771,1.020824400297022,0.09510390176065724,0.09510390176065724,0.1854559272108444,0.0,0.0,0.0,0.0,1.0,0.752479612827301,0.6435981392860413,0.6742764115333557,0.6181154847145081,0.0941730862283339,-0.3980487299382395,0.9125177469094972,1,0.0,FIST
0.8757907943745361,0.6993658599097223,0.5686295218405444,0.635665154510165,1.096199662930215,0.43005718357757006,0.43005718357757006,0.20011911176467093,0.0,0.0,0.0,0.0,1.0,0.7552792429924011,0.5450416207313538,0.6743995547294617,0.4767521023750305,-0.09228398020734975,-0.41109093700012245,0.9069111910840283,1,0.0,FIST
0.8017856557090068,0.5956195113286361,0.5222955764280893,0.6028468843757272,1.0872644134790468,0.2466604144715995,0.2466604144715995,0.2079112102507873,0.0,0.0,0.0,0.0,1.0,0.7157880067825317,0.540472686290741,0.6255655288696289,0.4754323959350586,0.06075141975077998,-0.3729105625697968,0.9258763293886189,1,0.0,FIST
0.9223200267587545,0.6772204323970433,0.6096341800152306,0.6980336569473259,1.10787618929119,0.2548620546324025,0.2548620546324025,0.22559458507868765,1.0,0.0,0.0,0.0,1.0,0.6865461468696594,0.5240439772605896,0.5725347399711609,0.4513130187988281,0.11180266126773265,-0.44169366460153336,0.8901723830721332,2,0.0,FIST
0.9078917949887672,0.7461283568102023,0.6669006533310415,0.7155954871667869,1.0836072515939865,0.1466156173636454,0.1466156173636454,0.23363520903351193,1.0,0.0,0.0,0.0,1.0,0.760584831237793,0.4724046289920807,0.6756293177604675,0.4036423861980438,0.002866509531943066,-0.4637941574062302,0.8859383515115191,2,0.0,FIST
1.006372064514598,0.8088907739893465,0.7069628740326264,0.7930156199644647,1.116024213220485,0.14775809036801496,0.14775809036801496,0.2591932580008853,1.0,0.0,0.0,0.0,1.0,0.7263028621673584,0.4972690939903259,0.6374496221542358,0.4307613968849182,0.05022514626968614,-0.555740034442528,0.8298376038719905,2,0.0,FIST
0.9465380718432339,0.7786939261632682,0.6836460840186205,0.7355660663911265,1.0984928108970762,0.18170522788922536,0.18170522788922536,0.2441992942881117,1.0,0.0,0.0,0.0,1.0,0.7824087142944336,0.6192435622215271,0.6889354586601257,0.5827158689498901,-0.05266980233225358,-0.5203279030868784,0.852340756500294,2,0.0,FIST
1.0221170651560068,0.7787800564718499,0.6349516579872282,0.7224007636736789,1.0752935163800683,0.35139942542480807,0.35139942542480807,0.20667778824515273,1.0,0.0,0.0,0.0,1.0,0.7707768678665161,0.5930957198143005,0.6859094500541687,0.5883990526199341,-0.17110493836537338,-0.5757580192297335,0.7995159806780824,2,0.0,FIST
1.1986551824693952,0.8976241445618167,0.7383907325528208,0.8624149922177096,1.075333848938449,0.3973097283821996,0.3973097283821996,0.19003398242654868,1.0,0.0,0.0,0.0,1.0,0.7765631079673767,0.5735819935798645,0.6963740587234497,0.6117753386497498,-0.20213307237274175,-0.7326550071657998,0.6498914228761892,2,0.0,FIST
1.0278143783546225,0.9264543772186543,0.849718171814493,0.9745974898020383,1.1658946430196893,0.1158149255887669,0.1158149255887669,0.25703814381047874,1.0,1.0,0.0,1.0,1.0,0.7993394136428833,0.6642470359802246,0.7258880734443665,0.5855894088745117,0.4998967986776279,-0.5191513048438002,0.6932424636091178,4,0.0,FIST
0.9448505797488498,0.8372119623223953,0.7764128284680034,0.9395267471565085,1.141045538981953,0.1646634328524569,0.1646634328524569,0.2523502781116566,1.0,0.0,0.0,1.0,1.0,0.8125653862953186,0.6966747045516968,0.7328310608863831,0.6055031418800354,0.5993140946435493,-0.4553196551753847,0.6584122018709493,3,0.0,FIST
0.9029837244666279,0.8439761765152085,0.8107362845220455,0.9601532739387517,1.0257617033940258,0.2541410871136091,0.2541410871136091,0.2121186806149322,1.0,0.0,0.0,1.0,1.0,0.8033121228218079,0.7140476107597351,0.7177262306213379,0.6187248229980469,0.7716171909275065,-0.3052270699424657,0.5580710944310601,3,0.0,FIST
0.886307255955413,0.8309748679427839,0.8082067365309525,0.9556634786043651,1.015100004054014,0.25379013035026426,0.25379013035026426,0.2081145603351297,0.0,0.0,0.0,1.0,1.0,0.7932101488113403,0.7193392515182495,0.7108279466629028,0.628597617149353,0.8015894066107254,-0.24136202907172558,0.5469906709733214,2,0.0,FIST
0.8867412192188459,0.8179000072611384,0.7927564747120136,0.9831737328075016,1.0135757296756773,0.2542458175426326,0.2542458175426326,0.20050813858324806,0.0,0.0,0.0,1.0,1.0,0.7952566146850586,0.7231272459030151,0.7044897079467773,0.6401089429855347,0.8270125562018121,-0.22783185687402224,0.5139483212132125,2,0.0,FIST
1.0887661090881837,0.9148790942577769,0.8451844332164078,1.0074386015484567,1.0829250996451643,0.2601589437603565,0.2601589437603565,0.2329902376284714,1.0,1.0,0.0,1.0,1.0,0.7842216491699219,0.7302055358886719,0.6749686002731323,0.7156006693840027,0.5665094036156388,-0.6179415221480554,0.54517462415303,4,0.0,FIST
0.9260226765839277,0.7915189323631219,0.6331089000840349,0.7243390614956148,1.0874645860171315,0.20066193902044038,0.20066193902044038,0.2084294395714952,1.0,0.0,0.0,0.0,1.0,0.7830158472061157,0.7338541746139526,0.7093758583068848,0.7593685388565063,0.16614813289544955,-0.6024138100875295,0.7806999419438828,2,0.0,FIST
0.9605857543961436,0.8233033669902248,0.6646019846927398,0.7873364330060857,1.0745803895339012,0.2529768889832505,0.2529768889832505,0.19997388009510586,1.0,0.0,0.0,0.0,1.0,0.8010259866714478,0.6343066096305847,0.7246308326721191,0.6601080894470215,0.07885008293253357,-0.6312129193236737,0.7715911578682184,2,0.0,FIST
0.7696101619255717,0.6587467062412476,0.5696892963088456,0.6518712553518147,1.0641309350021104,0.14282360197773356,0.14282360197773356,0.23360147284473057,0.0,0.0,0.0,0.0,1.0,0.7777949571609497,0.6241454482078552,0.7044850587844849,0.5888709425926208,-0.004682798703541741,-0.4098912974129169,0.9121223578563668,1,0.0,FIST
0.778868825115592,0.7047796353533321,0.6419473632571292,0.7162840794990564,0.9639181173884512,0.1412815558715058,0.1412815558715058,0.2647740405366278,0.0,0.0,0.0,0.0,1.0,0.759083092212677,0.6385897994041443,0.7196716070175171,0.4599219262599945,0.5707010087977803,-0.15753024849423347,0.8059060611302914,1,0.0,FIST
0.7671061944939409,0.6983459150841558,0.6321473319337371,0.7119114544842605,1.0231523488570922,0.2019835240110307,0.2019835240110307,0.2723726425688026,0.0,0.0,0.0,0.0,1.0,0.7594344019889832,0.6388839483261108,0.7210360169410706,0.44975098967552185,0.5991476615996293,-0.1336722118181293,0.7894009243643849,1,0.0,FIST
0.7617571096798922,0.7045859457831378,0.6345034536530296,0.7023986641502457,1.011527731979182,0.2328485437330135,0.2328485437330135,0.2677936084359989,0.0,0.0,0.0,0.0,1.0,0.7561116218566895,0.6360769867897034,0.7216041088104248,0.43862655758857727,0.6429743614640144,-0.0722551610638408,0.7624717451811454,1,0.0,FIST
0.7710241506766349,0.7084305183034327,0.6449245690218861,0.7206619408530169,1.0336733569239596,0.23399730663582125,0.23399730663582125,0.27435749387994446,0.0,0.0,0.0,0.0,1.0,0.7579134702682495,0.6410165429115295,0.7244190573692322,0.44042789936065674,0.6400301363510874,-0.0915507866832137,0.7628760567877939,1,0.0,FIST
0.7529899787079309,0.7063278856830884,0.6449030352727586,0.7159398494125856,0.9985285984550915,0.21919301444535894,0.21919301444535894,0.2656705770628289,0.0,0.0,0.0,0.0,1.0,0.756321907043457,0.6298266649246216,0.7141328454017639,0.4286254644393921,0.6837658037236888,-0.026999952867578798,0.7292018432527763,1,0.0,FIST
0.9382019305315137,0.9286151986094698,0.908068634016819,1.083791071783501,0.9690057817337653,0.3972012483688115,0.3972012483688115,0.1926453916170491,1.0,1.0,1.0,1.0,1.0,0.708986759185791,0.6082742214202881,0.6475459933280945,0.4489370882511139,0.9154585319733916,0.055461781397547115,0.39857203494642385,5,1.0,FIST
1.0924610066738303,1.1219712239538544,1.0182427913462022,1.1219502838717994,1.0193941725111155,0.591478604680762,0.591478604680762,0.1718293752246463,1.0,1.0,1.0,1.0,1.0,0.7183467149734497,0.59029620885849,0.6513770818710327,0.4716673195362091,0.9815913559923557,0.173401734106641,0.08006402719010682,5,1.0,FIST
1.1216444041972473,1.0899169488765075,0.9802245979959897,1.093850806807949,0.9922142584170439,0.6260436965613525,0.6260436965613525,0.17583017073764878,1.0,1.0,1.0,1.0,1.0,0.7044075131416321,0.5842382311820984,0.6464616060256958,0.4734652638435364,0.9677624423105516,0.18169630078612112,0.1744199229840316,5,1.0,FIST
1.2269846921160459,1.2199983137355728,1.0448258388169558,1.098745523966279,1.0080289034313479,0.6846397829139053,0.6846397829139053,0.14915948172758048,1.0,1.0,1.0,1.0,1.0,0.6933635473251343,0.5907803773880005,0.6382086277008057,0.4935464859008789,0.948211089221306,0.2835143200431328,0.14323184215887413,5,1.0,FIST
1.1843682441091112,1.1248242080256043,0.960335783962388,1.04247264607765,1.0399295142272653,0.48465141657148475,0.48465141657148475,0.1623384408019968,1.0,1.0,1.0,1.0,1.0,0.6588968634605408,0.6282981634140015,0.6395325660705566,0.4640171527862549,0.8905208206032474,0.41624554595349444,0.1836091325234026,5,1.0,FIST
0.9073022945712995,0.8367677409048825,0.7258710376237104,0.7160937043784794,0.9998204826887325,0.16003944820936392,0.16003944820936392,0.20194303953548284,1.0,0.0,0.0,0.0,1.0,0.6599493026733398,0.673732578754425,0.6337325572967529,0.5000227093696594,0.46220691925902035,-0.20706333299766821,0.8622583950980021,2,0.0,FIST
0.7553375764018092,0.7058650514369245,0.6338225425426476,0.6381121354859168,1.026422459900759,0.30705015138530894,0.30705015138530894,0.2290832220067996,0.0,0.0,0.0,0.0,1.0,0.7015056014060974,0.6612747311592102,0.6101027727127075,0.5240644216537476,0.1985201372800857,-0.16750201170469625,0.9656773949767985,1,0.0,FIST
0.8488633888421753,0.8077147642547655,0.7355134026485876,0.7655957818897862,1.08069692998775,0.3435208762265672,0.3435208762265672,0.20176194975792466,0.0,0.0,0.0,0.0,1.0,0.7074416875839233,0.6360560655593872,0.6157444715499878,0.5011082887649536,0.152999359641557,-0.22271363568674404,0.9628031119748554,1,0.0,FIST
0.9204335923571648,0.8871110087728181,0.8132135518942786,0.8235381310920176,1.1830202575157431,0.4752082353676409,0.4752082353676409,0.18845624439016112,1.0,0.0,0.0,0.0,1.0,0.7389013171195984,0.5704013705253601,0.6313404440879822,0.44730642437934875,-0.0958764863036511,-0.15641374037208522,0.9830271823285863,2,0.0,FIST
0.8883827069360875,0.8809354248664579,0.8114984354878441,0.8371430489108406,1.177325833508216,0.48604225154058023,0.48604225154058023,0.21080577093090597,0.0,0.0,0.0,0.0,1.0,0.7510091662406921,0.5240991711616516,0.6289075613021851,0.3877198100090027,-0.11497386097247984,-0.1008427974514165,0.9882366829334224,1,0.0,FIST
1.0147506321397626,0.8554793673413725,0.7959192636981318,0.8528565199995412,1.1686474413796009,0.3953832569867716,0.3953832569867716,0.20992284461373098,1.0,0.0,0.0,0.0,1.0,0.7238339781761169,0.483086496591568,0.6370872259140015,0.28681936860084534,0.22445073563285237,-0.1875400102040889,0.9562691105784614,2,0.0,FIST
0.8784965266374372,0.8426398837721282,0.8155232184635682,0.8433694700584458,1.1587452680732546,0.4926195328234724,0.4926195328234724,0.2290052195363077,0.0,0.0,0.0,0.0,1.0,0.7003375887870789,0.4852614998817444,0.6330540180206299,0.28728923201560974,0.11949702176398415,-0.1087116867015374,0.9868648493912653,1,0.0,FIST
0.9802092383310107,0.8491128920862407,0.7786363484204741,0.8194041431936235,1.0856527763496278,0.34159706365454,0.34159706365454,0.23209590963707089,1.0,0.0,0.0,0.0,1.0,0.7477809190750122,0.4680430293083191,0.7462528347969055,0.22206991910934448,0.36874056837182045,-0.019366206358714937,0.9293305888047043,2,0.0,FIST
1.067367807797931,0.7793278086490582,0.7331828203608075,0.7873285586382404,1.1536965269573334,0.2742774131109627,0.2742774131109627,0.21558918244454248,1.0,0.0,0.0,0.0,1.0,0.7703968286514282,0.6192833781242371,0.6964491605758667,0.3883715569972992,0.33997127910571495,-0.07606788862906136,0.9373543650630431,2,0.0,FIST
0.8760631109654738,0.7962236137107481,0.7281751430347384,0.7803808298475086,1.0980901104960614,0.32364922286883074,0.32364922286883074,0.19901252492618635,0.0,0.0,0.0,0.0,1.0,0.8131523728370667,0.6931868195533752,0.703812837600708,0.5761592388153076,0.0772916440813158,-0.22239838514361004,0.9718873185923982,1,0.0,FIST
1.1517014693706933,1.066086643819888,0.8950810089081271,0.8995413577189575,1.1956230574564437,0.2019989224949264,0.2019989224949264,0.1980253086467271,1.0,1.0,0.0,0.0,1.0,0.8027792572975159,0.7876682877540588,0.7700228691101074,0.5779679417610168,0.3141572982344084,-0.265938725914656,0.9113625985440408,3,0.0,FIST
0.8681543333230601,0.7671514844386782,0.7154972032435613,0.7737305988968393,0.9926009163168988,0.21168923112790747,0.21168923112790747,0.21283546755449403,0.0,0.0,0.0,0.0,1.0,0.7876771092414856,0.8134363889694214,0.697576642036438,0.6592690348625183,0.1461904537130511,-0.16548052779028527,0.9753176642332594,1,0.0,FIST
1.0032760407573824,0.8559513024357054,0.759976716544167,0.8505327181226634,1.1768249066851595,0.30161448750869124,0.30161448750869124,0.1943129908714506,1.0,0.0,0.0,0.0,1.0,0.7670930624008179,0.759003221988678,0.661161482334137,0.6075072288513184,0.1365846472639987,-0.24453119075200355,0.9599735053016705,2,0.0,FIST
0.9452371415143802,0.8073385972739604,0.7712999005071717,0.8327404033789739,1.2229707335939113,0.42978444946640953,0.42978444946640953,0.19244479169673404,1.0,0.0,0.0,0.0,1.0,0.7560876607894897,0.6586755514144897,0.6329315900802612,0.5267297625541687,0.06611304837387418,-0.1764718079824734,0.9820828711580867,2,0.0,FIST
0.899863323819522,0.8677606712041386,0.8101818062339743,0.7989248387810948,1.2090645583956756,0.486679668218675,0.486679668218675,0.1959460726695851,0.0,0.0,0.0,0.0,1.0,0.7385478019714355,0.545141339302063,0.6039140820503235,0.44255855679512024,-0.14700029454324398,-0.1135932225512347,0.9825922313933818,1,0.0,FIST
1.2216971355852118,0.9865902774367243,0.9658306463340679,1.0360422691447624,1.2281784120443422,0.29927796283926994,0.29927796283926994,0.19471216425374802,1.0,1.0,1.0,1.0,1.0,0.7120253443717957,0.4700607657432556,0.6010008454322815,0.25857505202293396,0.19933434187797938,-0.20701110527899858,0.9578163824237086,5,1.0,FIST
0.989244593693576,0.8670085002126405,0.8762182769844726,0.9165989631277854,1.1499427159389406,0.3912564300195151,0.3912564300195151,0.21121686867127257,1.0,0.0,0.0,1.0,1.0,0.7562939524650574,0.41440635919570923,0.6997913718223572,0.19572244584560394,0.15026818737189787,-0.07161109864278636,0.9860483367539025,3,0.0,FIST
0.9264548473124927,0.8597725811998961,0.7974105918929337,0.8363819411630092,1.1217245929801298,0.4136537410957716,0.4136537410957716,0.22090129012243137,1.0,0.0,0.0,0.0,1.0,0.7679001092910767,0.4572702646255493,0.7426727414131165,0.23777440190315247,0.3304781811190549,-0.048332772435290175,0.9425752568962117,2,0.0,FIST
0.8376023083813379,0.8263437818636657,0.7737251487366873,0.8330464021732729,1.1467947044130442,0.45781115698684466,0.45781115698684466,0.23970234416931596,0.0,0.0,0.0,0.0,1.0,0.7752987742424011,0.517293393611908,0.6818757653236389,0.33773350715637207,0.12188847470677325,-0.11145784206026507,0.9862658613056244,1,0.0,FIST
0.9513280475178434,0.8262793415853066,0.8214795599831617,0.8751722567177913,1.1758575555109692,0.41741510404165244,0.41741510404165244,0.19779662788351038,1.0,0.0,0.0,0.0,1.0,0.7256495356559753,0.4958922863006592,0.6182968020439148,0.33994677662849426,0.03200763554487886,-0.10064318460833918,0.9944075928203273,2,0.0,FIST
0.9468308355891566,0.8129068633102988,0.7788564711239172,0.8425591904778791,1.176640869921822,0.4063893979536022,0.4063893979536022,0.20691537471258248,1.0,0.0,0.0,0.0,1.0,0.6322523951530457,0.479510635137558,0.5113720297813416,0.3258926570415497,0.18025837940826941,-0.1798823538002835,0.9670311553638663,2,0.0,FIST
0.8617695481255184,0.7943470059100265,0.7887967480994568,0.8472869420056471,1.0709831806991537,0.44567106611803914,0.44567106611803914,0.21279229404458164,0.0,0.0,0.0,0.0,1.0,0.5365365147590637,0.4508020281791687,0.4212399125099182,0.30325552821159363,0.15240048448146862,-0.1265701755914402,0.9801806379339298,1,0.0,FIST
0.8540299730731628,0.7930702186829196,0.7908615736885434,0.872899082686867,1.0955171204841625,0.40037179045504695,0.40037179045504695,0.20230632268801996,0.0,0.0,0.0,0.0,1.0,0.3939042091369629,0.4426337480545044,0.29379671812057495,0.30366480350494385,0.1176417409695429,-0.10413383305473091,0.9875811691172449,1,0.0,FIST
0.8626874393003596,0.7404226955073971,0.6788035148348215,0.7295044117636741,1.1627930605459493,0.48704135485135613,0.48704135485135613,0.20817167842532666,0.0,0.0,0.0,0.0,1.0,0.303567498922348,0.47104430198669434,0.18824991583824158,0.3403346836566925,0.405477496883754,-0.06161652264763805,0.9120259884771368,1,0.0,FIST
0.8180651498175537,0.7288435982182603,0.6854178896845701,0.6900487520814803,1.1887630076743085,0.4372846414424223,0.4372846414424223,0.23189737243748762,0.0,0.0,0.0,0.0,1.0,0.26190242171287537,0.5460649728775024,0.15407878160476685,0.3992784917354584,0.3886604788514637,-0.08177238248446835,0.9177452313369788,1,0.0,FIST
0.7609907986654086,0.687597416612529,0.6312656974306327,0.67005903503992,1.159142130527445,0.3604887550303366,0.3604887550303366,0.25653927695888434,0.0,0.0,0.0,0.0,1.0,0.2480408102273941,0.6684049367904663,0.1457655429840088,0.5026373267173767,0.4082365795254301,-0.131925661997857,0.9032931500038094,1,0.0,FIST
1.0151413785995262,0.9169365546687418,0.886893999392135,0.8688946600889076,1.1455813495465519,0.35482007376422603,0.35482007376422603,0.19101799052692983,1.0,1.0,0.0,0.0,1.0,0.4918699860572815,0.6126331686973572,0.3976893126964569,0.4477788805961609,0.11235032298797737,0.07840601145802233,0.990570493348021,3,0.0,FIST
0.9336858476554916,0.939728526705037,0.9370308251720307,0.9162157883134207,1.0759075398696212,0.28905485601135117,0.28905485601135117,0.21104479876673202,1.0,1.0,1.0,1.0,1.0,0.4548989534378052,0.635400652885437,0.30711743235588074,0.4421663284301758,0.6656336476504511,-0.01542174208837954,-0.7461193047941559,5,1.0,FIST
0.9617869737152084,0.8982782514940446,0.8562695411124169,0.8409421364502844,1.1024761864269865,0.10207257633320226,0.10207257633320226,0.2613375417019521,1.0,0.0,0.0,0.0,1.0,0.45965421199798584,0.6487632393836975,0.2784559428691864,0.4193756580352783,0.8402573860343867,-0.053774093250813365,-0.5395144781279855,2,0.0,FIST
1.2321354136152445,0.9532674830702683,0.9469391426474822,0.9332785518252681,1.1091057844723486,0.14245688762339626,0.14245688762339626,0.23801962310438482,1.0,1.0,1.0,1.0,1.0,0.5705623626708984,0.5986109972000122,0.36770153045654297,0.3145136535167694,0.8203718951812671,-0.00962420681447653,-0.5717493578832321,5,1.0,FIST
0.9171245460394997,0.8778633459205314,0.8455877145148724,0.8635602422646254,1.0735419847927008,0.3515337705928132,0.3515337705928132,0.23465675393506116,1.0,0.0,0.0,0.0,1.0,0.6603603363037109,0.5502558946609497,0.5768120884895325,0.32735615968704224,0.9777592447659378,0.1203081142459919,-0.171792947821837,2,0.0,FIST
1.2754231922989208,1.219478447282466,1.160237410549226,1.16737049391675,1.13627776443715,0.30200951864902253,0.30200951864902253,0.15705983500940063,1.0,1.0,1.0,1.0,1.0,0.6562153100967407,0.5016062259674072,0.6302568316459656,0.2956056594848633,-0.3133566530584192,-0.20468445386050785,0.9273143384698908,5,1.0,FIST
1.5296867550360973,1.5406176212443612,1.5098549147228442,1.4691114166941912,1.189782833997664,0.36369691460038056,0.36369691460038056,0.13811862858392582,1.0,1.0,1.0,1.0,1.0,0.6604534387588501,0.5832731127738953,0.6346126794815063,0.3773821294307709,0.11701676243104399,-0.5519019886436157,0.8256580843432583,5,1.0,FIST
1.23980769670295,1.2675426101872247,1.122759081872651,1.1821519853707882,1.1911312669988599,0.3997552539003399,0.3997552539003399,0.199557385578584,1.0,1.0,1.0,1.0,1.0,0.7167797684669495,0.6925740242004395,0.6451554894447327,0.49097540974617004,0.9661598213917888,-0.03903210983935233,0.2549739083311772,5,1.0,FIST
1.8405951341655429,1.8623328142063849,1.7179496953804845,1.569141126735037,1.1198688763124647,0.5870967154589282,0.5870967154589282,0.16525958756293047,1.0,1.0,1.0,1.0,1.0,0.7882710695266724,0.6838122010231018,0.7740867733955383,0.4287240505218506,-0.3078389093542264,-0.7148709101741717,0.6278493351707493,5,1.0,FIST
2.145733478227277,2.3804261175962473,2.2887928669255233,2.0577410417780997,1.198515853374955,0.5104450916407772,0.5104450916407772,0.11902357575773306,1.0,1.0,1.0,1.0,1.0,0.7792962193489075,0.6033127307891846,0.7340526580810547,0.32141077518463135,0.0326579520027984,-0.4385994227559494,0.898089084962695,5,1.0,FIST
1.4131665270220801,1.4845526401990279,1.4770933154268895,1.417302010857913,1.1633465685458928,0.32460624228107093,0.32460624228107093,0.14462704530971623,1.0,1.0,1.0,1.0,1.0,0.7212517857551575,0.501630961894989,0.7056412696838379,0.2775534987449646,0.060251411220356196,-0.23519923083791708,0.9700778779351727,5,1.0,FIST
1.9179781478841793,2.068910666380334,1.9206726378778622,1.7159328892953436,1.2126174885081578,0.6134634061974444,0.6134634061974444,0.1448404605592372,1.0,1.0,1.0,1.0,1.0,0.7045004963874817,0.44903114438056946,0.7186039090156555,0.19741806387901306,0.40746310868332963,-0.5175468837178663,0.7524088238557828,5,1.0,FIST
1.0782962007766181,0.969454806697086,0.9827125333707794,0.9565244920793371,1.112473985739316,0.3847524214287299,0.3847524214287299,0.23782750411418008,1.0,1.0,1.0,1.0,1.0,0.7854858040809631,0.5415995121002197,0.7350465059280396,0.3162330985069275,-0.7755365183132527,-0.48836708267443946,0.40005087341813844,5,1.0,FIST
1.0765726008551086,0.9800379429062719,0.8843499827406799,1.0110956954472266,1.0967860532751463,0.5018399900146894,0.5018399900146894,0.3893277605105595,1.0,1.0,0.0,1.0,1.0,0.7935800552368164,0.8093653321266174,0.6452266573905945,0.5072861313819885,0.9882185638014316,0.1511338535912781,-0.024137697837320744,4,0.0,FIST
1.0274593651835142,0.9725126869531936,0.8971857217556723,1.0170313171074112,1.0514733699993606,0.4486963096265995,0.4486963096265995,0.36849448799341455,1.0,1.0,0.0,1.0,1.0,0.7923756241798401,0.8064790964126587,0.6499376893043518,0.510558009147644,0.9910695363728912,0.1333028059729312,-0.003396467777788364,4,0.0,FIST
1.2862222916235588,1.1350797510790398,0.9996592764837299,1.0270272605358448,1.1479546374867564,0.4547602478273805,0.4547602478273805,0.372275980195947,1.0,1.0,1.0,1.0,1.0,0.8242581486701965,0.7712160348892212,0.6015744209289551,0.45804136991500854,0.9479101936072015,0.27221903693171257,-0.16541783696907855,5,1.0,FIST
0.9842313916468277,0.9542574408601209,0.9148619110464521,0.8997817596204551,1.1045454805547428,0.3985455061490922,0.3985455061490922,0.30109347072662856,1.0,1.0,1.0,0.0,1.0,0.6707662343978882,0.6994085311889648,0.4538765549659729,0.46160534024238586,0.9054378108397163,0.11838296813902315,-0.4076369016126692,4,0.0,FIST
0.9424772269326105,0.9253344337036116,0.8854282327021172,0.8881015998459147,1.1074325709610382,0.4189717725612743,0.4189717725612743,0.2966571492356199,1.0,1.0,0.0,0.0,1.0,0.6641743779182434,0.7156938314437866,0.464369535446167,0.49109211564064026,0.8988068127486638,0.11122802659038013,-0.42399839558351876,3,0.0,FIST
0.8053930392917916,0.7387006313237422,0.7128025506959927,0.7508903405896362,1.0816432626735284,0.2995996173440822,0.2995996173440822,0.34390988132124334,0.0,0.0,0.0,0.0,1.0,0.6250525712966919,0.7266843318939209,0.48376888036727905,0.535362184047699,0.18034722277927315,-0.24177737795784288,0.9534246581369887,1,0.0,FIST
0.831076546261846,0.7273117070382572,0.7104547814268508,0.7536923784720367,1.068970523584202,0.3048517136406242,0.3048517136406242,0.32420565797837064,0.0,0.0,0.0,0.0,1.0,0.6277051568031311,0.7409553527832031,0.48699307441711426,0.5353528261184692,0.16661465466428055,-0.18517209852171634,0.9684786269093223,1,0.0,FIST
0.8163664454358116,0.7514312230497079,0.729809045510369,0.7721727822779645,1.0507007942744921,0.31309745617535967,0.31309745617535967,0.3272022693591859,0.0,0.0,0.0,0.0,1.0,0.6381385326385498,0.7516595721244812,0.4898098111152649,0.547547459602356,0.18471534687133165,-0.18401421203198548,0.9654113166937972,1,0.0,FIST
0.8117959890838625,0.757619410927763,0.7314327759855499,0.770485969174725,1.0670283960535536,0.33468213730042506,0.33468213730042506,0.32640629769891844,0.0,0.0,0.0,0.0,1.0,0.6422019004821777,0.7584725618362427,0.4954032003879547,0.554755449295044,0.189393928107454,-0.1759107713542731,0.9660151864839254,1,0.0,FIST
0.8276337656025654,0.7585207169543052,0.7305110597010694,0.7746296164869182,1.0741997124045009,0.34899138299471444,0.34899138299471444,0.3250451489432519,0.0,0.0,0.0,0.0,1.0,0.6510007381439209,0.7689098119735718,0.4944174885749817,0.5572468638420105,0.21717276894282272,-0.14723709495061568,0.9649648834544243,1,0.0,FIST
1.2493165390725243,0.9314198643191094,0.7900635937473957,0.9700160433246839,1.1824873468069632,0.5803914270808574,0.5803914270808574,0.26952557396085086,1.0,1.0,0.0,1.0,1.0,0.6689704060554504,0.8037087917327881,0.5252310037612915,0.8873312473297119,0.16786091345113116,-0.8580917390369248,0.4852847423234507,4,0.0,FIST
1.2565226533276521,1.0539679780991797,0.9139295125767075,1.0565266777762645,1.121055202932827,0.3282706479709895,0.3282706479709895,0.31414352030654996,1.0,1.0,1.0,1.0,1.0,0.708899199962616,0.7423403859138489,0.5580354928970337,0.8922685384750366,0.29539274639366514,-0.837863682989328,0.45905073151620923,5,1.0,FIST
1.1221498876920482,0.8916872164901397,0.800786689952296,0.9735858503657714,1.0717641359916363,0.31778536976749344,0.31778536976749344,0.32212979392492125,1.0,0.0,0.0,1.0,1.0,0.6971926093101501,0.7321214079856873,0.5603152513504028,0.8051679134368896,0.23903740127833203,-0.7894817632527511,0.5653137768367483,3,0.0,FIST
1.1266255325348815,0.9291370356816625,0.8345237611720598,0.9986422962200715,1.1326973846249635,0.24084503808470323,0.24084503808470323,0.32933252832956084,1.0,1.0,0.0,1.0,1.0,0.7384052872657776,0.7091953158378601,0.581695556640625,0.7665034532546997,0.35714621514895184,-0.7603938590868778,0.5424460895496841,4,0.0,FIST
1.1152669898810221,0.9264669571144469,0.832137750331357,0.997221599400364,1.1176656572056516,0.2282984158682084,0.2282984158682084,0.27192657087718725,1.0,1.0,0.0,1.0,1.0,0.7105587124824524,0.6323065161705017,0.5839795470237732,0.694075345993042,0.2979585605454282,-0.7732868530786815,0.5596857502682787,4,0.0,FIST
0.9455190362400301,0.7943724288338991,0.7193522028542468,0.8409205570119693,1.1141813098286044,0.2083818337281193,0.2083818337281193,0.26284084039123884,1.0,0.0,0.0,0.0,1.0,0.6795467734336853,0.6346897482872009,0.5231180191040039,0.6097381711006165,0.2972251656856021,-0.6349232029282657,0.7131127030606585,2,0.0,FIST
0.9284924987822557,0.7532249752298252,0.682404622084644,0.8382818966825456,1.0029345059990415,0.30041440620791027,0.30041440620791027,0.19657175691512405,1.0,0.0,0.0,0.0,1.0,0.6287695169448853,0.5552689433097839,0.5401180386543274,0.5607594847679138,0.19861381636348385,-0.6611924003346717,0.7234481057333743,2,0.0,FIST
0.9717372007913391,0.7165853165397478,0.5977361141263765,0.7787522129361046,0.9742379504517108,0.6264247215649363,0.6264247215649363,0.14870830865343995,1.0,0.0,0.0,0.0,1.0,0.6641305685043335,0.5554150938987732,0.5888252854347229,0.5387152433395386,0.15335032827974607,-0.6669685846714056,0.7291341329809734,2,0.0,FIST
0.8680621892983647,0.692462364847013,0.6270408014281669,0.7621348211254859,0.917850626255843,0.34935755648155553,0.34935755648155553,0.14950274677910078,0.0,0.0,0.0,0.0,1.0,0.7012403011322021,0.5964313745498657,0.6302529573440552,0.5688086152076721,0.13535753308441095,-0.5357755853006272,0.8334403760516244,1,0.0,FIST
0.9554406575101719,0.7583057392158282,0.6332769589405715,0.7657763789780597,1.0231871600642881,0.3613786787289673,0.3613786787289673,0.15274606617550635,1.0,0.0,0.0,0.0,1.0,0.7051490545272827,0.598481297492981,0.6384798884391785,0.57317054271698,0.1513743947526601,-0.5975268828585244,0.7874308965710204,2,0.0,FIST
