1.931505918889865,2.0037529764163833,2.006848749675907,1.842649222837385,1.2520251999543257,0.9616979300687376,0.9616979300687376,0.433363505091092,1.0,1.0,1.0,1.0,1.0,0.3161899447441101,0.8679077625274658,0.6193416118621826,0.14665600657463074,0.279407883550829,0.2998034485934054,-0.9121672691020807,5,1.0,OPEN_PALM
2.0154688175082516,2.158336301145964,2.158249914452194,1.9881646554228065,1.2914896698791203,1.120077714667796,1.120077714667796,0.42395273502021297,1.0,1.0,1.0,1.0,1.0,0.3128637373447418,1.0303692817687988,0.6460376977920532,0.3324277400970459,0.06119828465064079,0.4742230655742088,-0.8782751584971641,5,1.0,OPEN_PALM
1.8408783773261987,1.9610942530278819,1.961408845078155,1.8360225390653087,1.2552577310302657,0.8835051622496412,0.8835051622496412,0.27868297514729645,1.0,1.0,1.0,1.0,1.0,0.42333024740219116,0.7700837254524231,0.6001476049423218,0.3085666298866272,0.36073901117492024,0.25283119824128514,-0.897743700068353,5,1.0,OPEN_PALM
1.8945393933860872,1.9804877031162889,2.004380306350625,1.83238552909886,1.2526598770233102,1.1060077051369686,1.1060077051369686,0.2805886173815933,1.0,1.0,1.0,1.0,1.0,0.40960144996643066,0.7881366014480591,0.5813408493995667,0.31938832998275757,0.2965585334108735,0.3019486910922929,-0.9060242955952358,5,1.0,OPEN_PALM
1.9483884274032193,2.0284835694231855,2.014637985705114,1.7923461712557556,1.2410098637413058,1.2230477176162933,1.2230477176162933,0.2865518157321262,1.0,1.0,1.0,1.0,1.0,0.3973202109336853,0.8059582114219666,0.6005566120147705,0.33277106285095215,0.3400917696522368,0.36951189151471786,-0.8647534621173976,5,1.0,OPEN_PALM
1.9313505888144857,2.038046195110226,2.0614410770884857,1.8882659651945817,1.2692761578177991,1.088108201564258,1.088108201564258,0.2864377213728407,1.0,1.0,1.0,1.0,1.0,0.39660146832466125,0.8236146569252014,0.5927790403366089,0.3552420139312744,0.3109191231194452,0.40505491944763017,-0.8598021930129681,5,1.0,OPEN_PALM
1.8745502151911062,2.0042898431950036,2.020242889929782,1.8594854196195387,1.27686632795215,0.887942205628682,0.887942205628682,0.2994340250154931,1.0,1.0,1.0,1.0,1.0,0.3961734473705292,0.8310301303863525,0.5760496854782104,0.32831838726997375,0.34924394595937625,0.29824414620940076,-0.888301241394241,5,1.0,OPEN_PALM
1.8870479441868517,1.9949465742992263,2.0333873166115923,1.857446618301865,1.2811057785976825,0.966077205651939,0.966077205651939,0.3017743435876104,1.0,1.0,1.0,1.0,1.0,0.3773569166660309,0.8480057716369629,0.5116955041885376,0.3207632303237915,0.2991310355050736,0.30506548608651046,-0.904132552669388,5,1.0,OPEN_PALM
1.996733904407177,2.0914630896213984,2.095275726494319,1.8529967496973165,1.2805929001601553,1.2547392070613772,1.2547392070613772,0.29788470067679323,1.0,1.0,1.0,1.0,1.0,0.3775004744529724,0.8592270612716675,0.563524067401886,0.35625725984573364,0.3732939507930851,0.450484384681603,-0.8109965754917386,5,1.0,OPEN_PALM
1.9686357416933071,2.0828585100566763,2.1247261552856136,1.9092679510805268,1.2928188471509832,1.1842547999621917,1.1842547999621917,0.2956148025770196,1.0,1.0,1.0,1.0,1.0,0.3681255280971527,0.8684533834457397,0.5133412480354309,0.3472996950149536,0.39330841336945127,0.41711714683507817,-0.8193422836574276,5,1.0,OPEN_PALM
1.8365044265389814,2.0199446673593524,2.0155518027859616,1.9113743390552078,1.232293998776506,1.0269765145745176,1.0269765145745176,0.4478495936503938,1.0,1.0,1.0,1.0,1.0,0.5299819707870483,0.9030478000640869,0.26845818758010864,0.17548662424087524,0.417836277597309,-0.307846054025087,0.8547769604667687,5,1.0,OPEN_PALM
1.864768859475933,1.99791902734572,2.024925632826013,1.8666127589922874,1.2173674755055162,0.9802688060457889,0.9802688060457889,0.4517792657160963,1.0,1.0,1.0,1.0,1.0,0.5253639221191406,0.920806884765625,0.48462995886802673,0.09797635674476624,0.5412002229008669,-0.17137512929538956,0.8232453363311817,5,1.0,OPEN_PALM
1.9185110101652951,2.009835899796721,2.042549948871564,1.8420630549532857,1.257071484808151,1.052649229862214,1.052649229862214,0.5116598264723948,1.0,1.0,1.0,1.0,1.0,0.5706897377967834,0.9377697706222534,0.20565670728683472,0.12516003847122192,0.3093169244246835,-0.4487852131111856,0.8384001865202575,5,1.0,OPEN_PALM
1.9237876698227665,2.140325320520948,2.0734091671479185,1.9735105946547378,1.286122705854996,0.9042875269567339,0.9042875269567339,0.4256212145751275,1.0,1.0,1.0,1.0,1.0,0.6265823245048523,0.9551522135734558,0.3132399618625641,0.28899911046028137,0.3166850937166055,-0.42745102466043766,0.8467562653647428,5,1.0,OPEN_PALM
1.862108388676386,2.005683714910819,2.038602297331406,1.8376916548128925,1.267814901170603,0.9924772189712385,0.9924772189712385,0.38614223655677044,1.0,1.0,1.0,1.0,1.0,0.6056856513023376,0.8855074644088745,0.29916179180145264,0.3038598895072937,0.33335917176149044,-0.42461490638073285,0.841768283960482,5,1.0,OPEN_PALM
1.8749760283396355,2.0682068674059897,2.0213413839923553,1.8514748759959427,1.232710398246853,1.166607757350452,1.166607757350452,0.37950317079453594,1.0,1.0,1.0,1.0,1.0,0.5830585956573486,0.8692625761032104,0.2805110216140747,0.30305248498916626,0.42782660674420064,-0.47400194810255647,0.7696015512956849,5,1.0,OPEN_PALM
1.8679364482531267,2.04883080744604,2.035236329233404,1.943168750500839,1.2577031688552127,0.9573452645836251,0.9573452645836251,0.38008889868970547,1.0,1.0,1.0,1.0,1.0,0.5906840562820435,0.9045118093490601,0.2937893867492676,0.31439295411109924,0.3241133737765247,-0.3828575724231383,0.8650841578583325,5,1.0,OPEN_PALM
1.839636409689563,2.048733995223141,2.0050614612778315,1.9081929005480978,1.2724865102759755,0.9226121378909156,0.9226121378909156,0.3891493360562,1.0,1.0,1.0,1.0,1.0,0.5843584537506104,0.9259948134422302,0.27349230647087097,0.33740749955177307,0.49016099985104966,-0.40242114789087463,0.7731748922172847,5,1.0,OPEN_PALM
2.0194744343979045,2.110511416172619,2.063312804684578,1.868355868477156,1.25488861102812,1.3675258438970854,1.3675258438970854,0.3881428158103774,1.0,1.0,1.0,1.0,1.0,0.5892303586006165,0.9106005430221558,0.4212087392807007,0.22215873003005981,0.3597719020046903,-0.4465713320031209,0.8192302630890085,5,1.0,OPEN_PALM
1.970235424828867,2.1481730209583043,2.0601886301795664,1.8000969008745922,1.253166050524364,1.269349568374702,1.269349568374702,0.41337080215853017,1.0,1.0,1.0,1.0,1.0,0.5546144843101501,0.9057064652442932,0.3000398874282837,0.2369256615638733,0.44044612066868916,-0.49845016923843577,0.7466958173005106,5,1.0,OPEN_PALM
1.8086171576990635,1.9333437521606602,1.9322813104548204,1.752944847652549,1.2289763584612705,1.076852223007472,1.076852223007472,0.2604635647612501,1.0,1.0,1.0,1.0,1.0,0.548108696937561,0.7479789853096008,0.40295493602752686,0.33418649435043335,0.3404597947046581,-0.30890137147052404,0.8880692939705163,5,1.0,OPEN_PALM
1.8703807037619467,1.9735451609787518,1.8651006868019595,1.888810864105487,1.249667873031205,1.0082659179924465,1.0082659179924465,0.2816417102018653,1.0,1.0,1.0,1.0,1.0,0.7224568724632263,0.7073350548744202,0.574073076248169,0.25019949674606323,0.44136957391097736,-0.291693566135504,0.8485916348284342,5,1.0,OPEN_PALM
1.85553781336528,1.9126733381349663,1.9438886784878249,1.8208981733623573,1.219365577136252,1.1110256157793141,1.1110256157793141,0.33169705629548907,1.0,1.0,1.0,1.0,1.0,0.7636568546295166,0.6160561442375183,0.616719663143158,0.06319412589073181,0.16085679981339487,-0.262649961809816,0.951388505036242,5,1.0,OPEN_PALM
1.8286976211439616,1.99902743676143,1.9913409481942963,1.8567110797697282,1.2249102548941155,1.1161942078540692,1.1161942078540692,0.32755476196411193,1.0,1.0,1.0,1.0,1.0,0.7140321731567383,0.7362436056137085,0.41648364067077637,0.2934792637825012,0.10640524206827137,-0.32437298407066323,0.9399255777270271,5,1.0,OPEN_PALM
1.8935807529186037,1.9931561908913364,1.985904768734139,1.8298113081121745,1.2280804031821986,1.2600188822026688,1.2600188822026688,0.3416773746176982,1.0,1.0,1.0,1.0,1.0,0.6640278100967407,0.7601243257522583,0.38085222244262695,0.2520686388015747,0.1533086481419782,-0.37207607666990156,0.9154539046695976,5,1.0,OPEN_PALM
1.7973313647539069,2.0000114280979053,1.9955582503613662,1.839746348149641,1.2084063015456499,1.0674544725043325,1.0674544725043325,0.32888194580081465,1.0,1.0,1.0,1.0,1.0,0.5865532159805298,0.7514553070068359,0.2715551257133484,0.32670414447784424,0.2547848056686637,-0.37231339825098064,0.8924502430293735,5,1.0,OPEN_PALM
1.8721610984757857,2.0229128232693827,1.9906179283844911,1.8599605282560174,1.1894598637977511,1.0719198736960573,1.0719198736960573,0.34676767604069053,1.0,1.0,1.0,1.0,1.0,0.6236231327056885,0.7480095624923706,0.37635016441345215,0.21386438608169556,0.31772484301647425,-0.3461368496741225,0.8827458328578113,5,1.0,OPEN_PALM
1.8211958676894107,2.0994306867733843,2.0035579419495706,1.849430549116519,1.2207283269845264,1.002594448812817,1.002594448812817,0.33394774137176536,1.0,1.0,1.0,1.0,1.0,0.5477797985076904,0.7610189914703369,0.2856881618499756,0.3064471483230591,0.30369675979018,-0.4347763678111549,0.8477840456660439,5,1.0,OPEN_PALM
1.8139471425099307,2.0069529853729957,2.0170920525359213,1.876097617452653,1.201681000485845,1.0693142995156186,1.0693142995156186,0.32938652749296693,1.0,1.0,1.0,1.0,1.0,0.475114107131958,0.7055866122245789,0.20639215409755707,0.22591859102249146,0.39236642585307563,-0.33024656492291055,0.8584787674834485,5,1.0,OPEN_PALM
1.9195521647467293,2.0445466240765433,2.0343841118973356,1.8728651386619415,1.2209764027575971,1.1007126722207137,1.1007126722207137,0.3249293209279612,1.0,1.0,1.0,1.0,1.0,0.5232805013656616,0.7630225419998169,0.2598787546157837,0.26678431034088135,0.35538340630758813,-0.3744495022223949,0.8564404268871341,5,1.0,OPEN_PALM
1.9031260437533752,2.050002648307789,2.01233779141809,1.8668081535576502,1.2569550074498381,1.0399972785265763,1.0399972785265763,0.3418939164753477,1.0,1.0,1.0,1.0,1.0,0.5794152021408081,0.862328052520752,0.2974150478839874,0.3590224087238312,0.3327798224166648,-0.44434382337577044,0.8317548655824835,5,1.0,OPEN_PALM
1.8192597212949568,1.9682833729752107,1.996814349831444,1.8759758591916031,1.2359191985371292,1.0104922198411206,1.0104922198411206,0.34202092575001414,1.0,1.0,1.0,1.0,1.0,0.6211031079292297,0.8603271245956421,0.3806406557559967,0.3502187728881836,0.29293375532828153,-0.3622902645025469,0.8848364703355898,5,1.0,OPEN_PALM
1.878416812406161,2.0880148787391604,2.0958447439359063,1.8804324941601815,1.2257814107345364,1.0774784377681041,1.0774784377681041,0.348685956944562,1.0,1.0,1.0,1.0,1.0,0.6192710399627686,0.9314867258071899,0.4269216060638428,0.36758530139923096,0.40576317546454993,-0.37867265921075954,0.8318432920948373,5,1.0,OPEN_PALM
1.890264849049694,2.0333647852453813,2.09801403017264,1.8900235226554378,1.2473292157219045,0.9890874928361602,0.9890874928361602,0.3434634992339372,1.0,1.0,1.0,1.0,1.0,0.5719794631004333,0.9661402702331543,0.2672123312950134,0.46440011262893677,0.37247877704661203,-0.43658408629039874,0.8189346104835465,5,1.0,OPEN_PALM
1.939211546523437,2.1303705545206877,2.0948571232583815,1.94089880966635,1.2468776497377532,0.9886063224110987,0.9886063224110987,0.34402283520412236,1.0,1.0,1.0,1.0,1.0,0.6028487682342529,0.934812605381012,0.3074318766593933,0.4219864010810852,0.35608160356736646,-0.4580834881524424,0.8144724731278424,5,1.0,OPEN_PALM
1.8961660788542398,2.0714724159020714,2.046693176110536,1.937544258361485,1.232456701375752,1.025541650432677,1.025541650432677,0.34841173353036364,1.0,1.0,1.0,1.0,1.0,0.5956043601036072,0.8452044129371643,0.32354629039764404,0.30325251817703247,0.350794015561398,-0.38259477387304663,0.854730833450708,5,1.0,OPEN_PALM
1.8928201949614256,2.061713193997409,2.0582281181400095,1.9291130802025722,1.2177644733737252,1.036791393481386,1.036791393481386,0.35227741197343754,1.0,1.0,1.0,1.0,1.0,0.5827250480651855,0.8648115396499634,0.3354714512825012,0.29369404911994934,0.48379267041684176,-0.3822788293266593,0.7872785712183331,5,1.0,OPEN_PALM
1.8727005581888143,2.043268533570396,2.0160156696025644,1.872900191048603,1.237317970309808,1.109267456522644,1.109267456522644,0.3493337435290736,1.0,1.0,1.0,1.0,1.0,0.5662106275558472,0.8942893147468567,0.28969430923461914,0.3455316424369812,0.4894221741251472,-0.41396346682734064,0.7675286207086374,5,1.0,OPEN_PALM
1.8329365908061233,2.042249951165701,2.0238859803444327,1.8378546468877788,1.250766476582571,1.1026548335749824,1.1026548335749824,0.34731842339136004,1.0,1.0,1.0,1.0,1.0,0.5728595852851868,0.9098438024520874,0.2830983102321625,0.3815747797489166,0.609427575326188,-0.44675359643896934,0.6549879804247479,5,1.0,OPEN_PALM
1.9351994992583854,2.1134123881068714,2.1075576526127806,1.9644263097341967,1.2766491473802752,1.2011425805882698,1.2011425805882698,0.336983030395628,1.0,1.0,1.0,1.0,1.0,0.5513915419578552,0.8924089670181274,0.1991916298866272,0.42563286423683167,0.2855580565530905,-0.5354811406453966,0.794805979060756,5,1.0,OPEN_PALM
1.935263255173854,2.096838413122546,2.082350157215623,1.904322764057493,1.2789825955280452,0.8480429759811475,0.8480429759811475,0.34789285296492706,1.0,1.0,1.0,1.0,1.0,0.5535402894020081,0.8604347705841064,0.2286982536315918,0.3523642122745514,0.29667447553270637,-0.44471013973346296,0.84511368891152,5,1.0,OPEN_PALM
1.9008240526501798,2.076254877065744,2.0408528319891395,1.9087902716172744,1.290612787018613,0.7575501916323282,0.7575501916323282,0.3520706431402172,1.0,1.0,1.0,1.0,1.0,0.6101217865943909,0.876673698425293,0.32212135195732117,0.3420606851577759,0.319138805165709,-0.43605549539166527,0.8414309407052565,5,1.0,OPEN_PALM
1.8822429948174877,2.0484252069968316,2.0298486063726893,1.9574898681794757,1.278845986759873,0.7849908796518562,0.7849908796518562,0.34055798638121104,1.0,1.0,1.0,1.0,1.0,0.6169306039810181,0.8945049047470093,0.3022804260253906,0.40132033824920654,0.31484783195783805,-0.41642981749269287,0.8529109272453083,5,1.0,OPEN_PALM
1.9548206570739703,2.0821458040601155,2.0623832826403454,1.9263713357449412,1.2722091606853152,1.0080608541547085,1.0080608541547085,0.33873793909290933,1.0,1.0,1.0,1.0,1.0,0.5774638652801514,0.8641965389251709,0.2530514895915985,0.37113967537879944,0.1994510990806299,-0.469117607593833,0.8603185045789538,5,1.0,OPEN_PALM
1.9541469301258252,2.093683258449288,2.089625806119323,1.919952517910406,1.2716938657076347,1.067528396260749,1.067528396260749,0.34382568652272877,1.0,1.0,1.0,1.0,1.0,0.5250751972198486,0.8540303707122803,0.1913861334323883,0.35176020860671997,0.29603010510505573,-0.49760788023900565,0.8153236010293907,5,1.0,OPEN_PALM
1.9069510504697391,2.0519788511871604,2.030091410355586,1.8511177822217701,1.2593591054072737,0.9339705014227268,0.9339705014227268,0.35821473486312433,1.0,1.0,1.0,1.0,1.0,0.5361071228981018,0.8544623255729675,0.21643993258476257,0.32944363355636597,0.288577084215079,-0.4253629380584492,0.8577818122297808,5,1.0,OPEN_PALM
1.9571694250494667,2.0989636192674452,2.0538466064908723,1.8392803526047938,1.2836603826932689,0.9325522487506991,0.9325522487506991,0.34910173497911223,1.0,1.0,1.0,1.0,1.0,0.5819427371025085,0.8708270788192749,0.29920029640197754,0.3296128213405609,0.29752382295226765,-0.4959837952613703,0.815769360551127,5,1.0,OPEN_PALM
1.9256701523896957,2.0841781792516363,2.0829516144675018,1.918030287080417,1.2706742378164673,0.9718491811865327,0.9718491811865327,0.3627836969140921,1.0,1.0,1.0,1.0,1.0,0.6129295229911804,0.9185467958450317,0.3146085739135742,0.3752596974372864,0.30854295948116833,-0.5074305704019237,0.8045591702144599,5,1.0,OPEN_PALM
1.9418343121042942,2.086252158197397,2.0799966320619214,1.8996184618419258,1.2549445066007647,1.1360228718893208,1.1360228718893208,0.3656840586587147,1.0,1.0,1.0,1.0,1.0,0.5934136509895325,0.9214959144592285,0.2566903829574585,0.4041171073913574,0.24886908466818394,-0.5283347286204253,0.8117429354358447,5,1.0,OPEN_PALM
1.9248696239281524,2.1179544411578304,2.1142210743724936,1.9290928649393646,1.257832722838759,1.0934050558889576,1.0934050558889576,0.3676724077600542,1.0,1.0,1.0,1.0,1.0,0.5691325664520264,0.9101443290710449,0.2160712629556656,0.3950481712818146,0.39694404662223126,-0.6195136594191769,0.6772283585646928,5,1.0,OPEN_PALM
1.9248365222119677,2.0657319858438887,2.065016869560586,1.88287409018636,1.2584870716920435,1.0832525544770384,1.0832525544770384,0.37292467748878827,1.0,1.0,1.0,1.0,1.0,0.5956896543502808,0.9271052479743958,0.25867509841918945,0.38382038474082947,0.2594692442303525,-0.49028037519193096,0.832046191626516,5,1.0,OPEN_PALM
1.9624896282520388,2.0899004101278953,2.0804302879396697,1.9004610796312105,1.267950801673694,1.0540084332247999,1.0540084332247999,0.361946776806732,1.0,1.0,1.0,1.0,1.0,0.5633988976478577,0.9481123685836792,0.18082067370414734,0.4747821092605591,0.174880781678663,-0.5455139874416318,0.819653098392845,5,1.0,OPEN_PALM
1.9613306736038525,2.1515452630442526,2.092292957767024,1.8793185050965902,1.289861094816475,1.07809363106846,1.07809363106846,0.37337021733003983,1.0,1.0,1.0,1.0,1.0,0.5756850838661194,0.9521435499191284,0.28378427028656006,0.41511309146881104,0.30099360062610947,-0.5732677216367853,0.7620806858276225,5,1.0,OPEN_PALM
1.9768025165680703,2.088674986817779,2.090546078111526,1.837769226066264,1.26734465017012,1.1443919215163387,1.1443919215163387,0.37295991034875153,1.0,1.0,1.0,1.0,1.0,0.622700572013855,0.9662962555885315,0.3375641107559204,0.3820555508136749,0.15696431772895786,-0.48306737007540024,0.8613989313484892,5,1.0,OPEN_PALM
1.9652671681129423,2.0490753386436555,2.0668633191138013,1.9016314005928394,1.2590430432105515,1.1574574139212608,1.1574574139212608,0.3681607259996595,1.0,1.0,1.0,1.0,1.0,0.583983838558197,0.957240641117096,0.22128500044345856,0.42732518911361694,0.20394146097583987,-0.5200074991684247,0.8294577031432288,5,1.0,OPEN_PALM
1.9626985110512756,2.1303746144217586,2.106527753834271,1.9464228221938993,1.2817026060591021,0.9785311079263477,0.9785311079263477,0.3637579783826013,1.0,1.0,1.0,1.0,1.0,0.5846386551856995,0.8697119951248169,0.2483775019645691,0.33594295382499695,0.282353354421598,-0.5320102760058013,0.7982741693623204,5,1.0,OPEN_PALM
1.9113345604560557,2.079411457173155,2.0840211305806315,1.9279780380153355,1.2757463778399039,0.9958314142734654,0.9958314142734654,0.3702245490821134,1.0,1.0,1.0,1.0,1.0,0.5658140182495117,0.8340792655944824,0.2124556601047516,0.3057593107223511,0.2789584677286859,-0.5040331653152692,0.8173938717318197,5,1.0,OPEN_PALM
1.9705228618089234,2.143274703306278,2.125383693469184,1.9629741960972198,1.2969539336390545,0.8760152864331551,0.8760152864331551,0.36661930453035035,1.0,1.0,1.0,1.0,1.0,0.554575502872467,0.8270978927612305,0.23571839928627014,0.25106579065322876,0.2773620584830132,-0.47591842621935765,0.8346088545534102,5,1.0,OPEN_PALM
1.9828721195040748,2.1457674259841744,2.1414536134829727,1.970687174857224,1.2970992836092257,0.9410887618122964,0.9410887618122964,0.3786223689148191,1.0,1.0,1.0,1.0,1.0,0.5494030714035034,0.8298059701919556,0.21697267889976501,0.24158725142478943,0.31048515963495543,-0.5054911773577051,0.8050326920442284,5,1.0,OPEN_PALM
1.9181650066669929,2.074425308686784,2.0944882313134556,1.98446906975515,1.2893040187495841,0.9680234126504377,0.9680234126504377,0.38139885741318896,1.0,1.0,1.0,1.0,1.0,0.5457400679588318,0.8421231508255005,0.2588132321834564,0.23402434587478638,0.327779204476371,-0.44540167488954724,0.8331735360166114,5,1.0,OPEN_PALM
1.8567156381293002,2.0149121559615812,2.039727289681885,1.913474298889721,1.2662163512722093,0.9215592523510338,0.9215592523510338,0.3888467251198285,1.0,1.0,1.0,1.0,1.0,0.5791469216346741,0.868205189704895,0.2870108485221863,0.27650710940361023,0.4632611306866628,-0.48243209919112845,0.7434032515835238,5,1.0,OPEN_PALM
1.8811343639472475,2.049492973263032,2.050061960176695,1.9423172682264658,1.2548440448693243,0.9628793088744358,0.9628793088744358,0.3844555300891098,1.0,1.0,1.0,1.0,1.0,0.6745953559875488,0.8999440670013428,0.4659711718559265,0.2730640769004822,0.3888168901605604,-0.3619300450671705,0.8472473478291606,5,1.0,OPEN_PALM
1.926045827400607,2.0943016196429496,2.038496083772829,1.873124600184779,1.2977521575409272,0.9826801626316342,0.9826801626316342,0.3778429612569547,1.0,1.0,1.0,1.0,1.0,0.7668026685714722,0.8940924406051636,0.6078488826751709,0.25537097454071045,0.11162849102660051,-0.3585258200450814,0.9268216205679094,5,1.0,OPEN_PALM
1.999177496649408,2.132362685709339,2.0985540447426736,1.9600454112133958,1.280169998118107,1.0910100095330635,1.0910100095330635,0.39208830602285316,1.0,1.0,1.0,1.0,1.0,0.7804056406021118,0.8836223483085632,0.6308711171150208,0.22388702630996704,0.0689065031767152,-0.47860059806034055,0.875324717665531,5,1.0,OPEN_PALM
1.8109353406319892,2.060329165164597,2.048747099422921,1.896753627037329,1.256553596809688,0.9788165994282966,0.9788165994282966,0.3804581511457125,1.0,1.0,1.0,1.0,1.0,0.6876725554466248,0.8835698366165161,0.4763473868370056,0.29209303855895996,0.33580942278961595,-0.3442832339013277,0.8767560016447842,5,1.0,OPEN_PALM
1.7825867263901338,2.117938649871504,2.135681036895566,1.9275800766193927,1.2843634351901365,0.9350667214615352,0.9350667214615352,0.3814487101084753,1.0,1.0,1.0,1.0,1.0,0.5826146006584167,0.8532745838165283,0.26294106245040894,0.36734461784362793,0.3987598203035571,-0.4740436450742267,0.7850307180462529,5,1.0,OPEN_PALM
1.9315086909126922,2.090583255463179,2.121372915629003,1.9094611376316115,1.271891387864847,1.1625044787391576,1.1625044787391576,0.3812763684632871,1.0,1.0,1.0,1.0,1.0,0.5163196325302124,0.8419690132141113,0.14668218791484833,0.29273977875709534,0.34046129992015967,-0.5577060501660449,0.757000703345026,5,1.0,OPEN_PALM
1.9721103229622885,2.1443838745869135,2.159251050689951,1.9590810946347519,1.2758463699503428,1.0053975561833137,1.0053975561833137,0.37878166054454604,1.0,1.0,1.0,1.0,1.0,0.5036730170249939,0.8291879892349243,0.11447229981422424,0.3033071458339691,0.24714393609637794,-0.5577460194240244,0.792363081337997,5,1.0,OPEN_PALM
1.9589032553192391,2.1383376871586037,2.1459488603120893,1.9398860403212876,1.2679565742555934,1.0755820696097695,1.0755820696097695,0.3820703429579129,1.0,1.0,1.0,1.0,1.0,0.522760808467865,0.8332198858261108,0.11957485973834991,0.3118007481098175,0.3224298376937818,-0.5612064797197401,0.7622901592473423,5,1.0,OPEN_PALM
1.9265228332885953,2.094416249275976,2.1386420661508936,1.896933145751382,1.2709433926231875,1.1822102838201562,1.1822102838201562,0.4050734511984731,1.0,1.0,1.0,1.0,1.0,0.5654098391532898,0.8438254594802856,0.16293832659721375,0.3162565529346466,0.2624551600318481,-0.5631744615580214,0.7835507736078687,5,1.0,OPEN_PALM
1.9344192607545032,2.1132342234131443,2.1028511232383926,1.8726135286313792,1.2728257065225677,1.2481822280747066,1.2481822280747066,0.40425955773766215,1.0,1.0,1.0,1.0,1.0,0.6058439016342163,0.8632590770721436,0.22982226312160492,0.30133575201034546,0.3003243787671103,-0.5692623211645282,0.7653402362482471,5,1.0,OPEN_PALM
1.9784704148673635,2.123856674194595,2.079330719643972,1.8982985243782171,1.2782821957706858,1.182963346024567,1.182963346024567,0.40499236360846536,1.0,1.0,1.0,1.0,1.0,0.6417386531829834,0.8759432435035706,0.2722108066082001,0.30544161796569824,0.18200067923020555,-0.56158905733149,0.8071514625182019,5,1.0,OPEN_PALM
1.960785335289242,2.120442911214196,2.112090890315234,1.9457067463136501,1.2799907795900465,1.0851887762531967,1.0851887762531967,0.39385261802122123,1.0,1.0,1.0,1.0,1.0,0.6558930277824402,0.8642117977142334,0.2802572548389435,0.31687161326408386,0.2306763673247201,-0.5475858114342805,0.8043246811292883,5,1.0,OPEN_PALM
1.9958628723716598,2.1274117751526473,2.049436317611,1.910135519667258,1.286905442205078,1.290668976572051,1.290668976572051,0.3976670755103315,1.0,1.0,1.0,1.0,1.0,0.6224441528320312,0.8750646114349365,0.26623523235321045,0.30821773409843445,0.2117468340223037,-0.5663051614697593,0.796531068053369,5,1.0,OPEN_PALM
2.0031402815727026,2.1797103964304014,2.1002310359402925,1.924919567212122,1.269237334188213,1.405416926783926,1.405416926783926,0.4009569916494216,1.0,1.0,1.0,1.0,1.0,0.6182702779769897,0.8831937313079834,0.2611294388771057,0.3018858730792999,0.21107612207786686,-0.5844494038165733,0.7834958615506669,5,1.0,OPEN_PALM
1.917204302075115,2.099957430370953,2.0383899660965357,1.8567621016068947,1.2580131994205153,1.2565859766790914,1.2565859766790914,0.40763096020443723,1.0,1.0,1.0,1.0,1.0,0.6188352704048157,0.8692463040351868,0.25238481163978577,0.2991314232349396,0.2840293110623167,-0.5547516452750844,0.7820345021302146,5,1.0,OPEN_PALM
1.3370166269180987,2.104063742977643,2.052338128952778,1.8864349999942958,1.2256007718914816,0.5778525296686895,0.5778525296686895,0.38829868383243704,1.0,1.0,1.0,1.0,1.0,0.6072134375572205,0.8592900037765503,0.31993457674980164,0.549776554107666,0.4118926448292061,-0.47722566224055796,0.7762732227989463,5,1.0,OPEN_PALM
1.967785226663926,2.1629190679302157,2.102242649711082,1.8594984716994387,1.2638777308442029,1.307248379950929,1.307248379950929,0.4075119537102744,1.0,1.0,1.0,1.0,1.0,0.6185117959976196,0.8623950481414795,0.2466525286436081,0.29638049006462097,0.21817193278487282,-0.6074754991965208,0.7637895820321529,5,1.0,OPEN_PALM
1.8978273316957632,2.1170079948828335,2.0226599498038373,1.7939213819578255,1.2613276248381997,1.2119763251707605,1.2119763251707605,0.4075040771820879,1.0,1.0,1.0,1.0,1.0,0.633634090423584,0.8653690814971924,0.2884972095489502,0.27872511744499207,0.33498310454377894,-0.5209153075824426,0.785132830797758,5,1.0,OPEN_PALM
1.398672843972834,2.1256781104639604,2.0076282970642882,1.72762499675754,1.2785371270612729,0.8640199416536719,0.8640199416536719,0.4078432498821858,1.0,1.0,1.0,1.0,1.0,0.6150360703468323,0.8550233840942383,0.32880541682243347,0.5429110527038574,0.37079820531860724,-0.5688226377053197,0.7341317986345929,5,1.0,OPEN_PALM
1.4279925700519245,2.0987585087907847,2.066268796512569,1.8364980410624787,1.2667626645520726,0.639361158596172,0.639361158596172,0.4101969635911704,1.0,1.0,1.0,1.0,1.0,0.6248155236244202,0.85657799243927,0.2955622673034668,0.5371693968772888,0.3380599217128476,-0.5709560017578965,0.7481475345064904,5,1.0,OPEN_PALM
1.9856651027544423,2.1765500768555235,2.095504388226791,1.885571163056104,1.2700869995908812,1.4178133213835196,1.4178133213835196,0.4228019456376468,1.0,1.0,1.0,1.0,1.0,0.6071794033050537,0.8695825338363647,0.23820547759532928,0.26701074838638306,0.28980869135508963,-0.6098860302419171,0.7375974190104013,5,1.0,OPEN_PALM
1.8223437908556726,2.086508130843001,2.0398518777555017,1.8969500601664218,1.2483436344951433,1.106053043294103,1.106053043294103,0.40131918019650825,1.0,1.0,1.0,1.0,1.0,0.6096472144126892,0.8614444732666016,0.2662709951400757,0.2997119426727295,0.4144564992287436,-0.4779009502659955,0.7744911180781308,5,1.0,OPEN_PALM
1.9065537943099415,2.1588644994771102,2.0239862369624975,1.8488619322541273,1.27527079526824,1.2576797203823502,1.2576797203823502,0.42784405714547685,1.0,1.0,1.0,1.0,1.0,0.6113359332084656,0.8717685341835022,0.24074310064315796,0.2975943386554718,0.38745896471694646,-0.5811486006581684,0.7156408698596837,5,1.0,OPEN_PALM
1.977647252820412,2.135679686791872,2.129222988139523,1.9108930655293244,1.2699823796142178,1.32308128239848,1.32308128239848,0.426621648100482,1.0,1.0,1.0,1.0,1.0,0.6112135052680969,0.8750470876693726,0.20597736537456512,0.2851715385913849,0.3061376824714716,-0.6068025618271672,0.7335328011282001,5,1.0,OPEN_PALM
2.00044443103693,2.115697331375785,2.0743916256323724,1.8991543838055467,1.2823968992534738,1.433933059757728,1.433933059757728,0.4253805681312538,1.0,1.0,1.0,1.0,1.0,0.6207420229911804,0.8739594221115112,0.27874755859375,0.2397552728652954,0.2365067732795484,-0.6119999533145445,0.7546658885466415,5,1.0,OPEN_PALM
2.003202501439644,2.1887878815149335,2.137476433929621,1.901868599032475,1.2827676058768271,1.3028143080401222,1.3028143080401222,0.4160916242232807,1.0,1.0,1.0,1.0,1.0,0.6495873332023621,0.8713183999061584,0.2467992603778839,0.3158057928085327,0.25881916246469977,-0.6794189814673017,0.686587568168115,5,1.0,OPEN_PALM
2.0184781070605964,2.1759691420791656,2.1207194473817035,1.9271941555636616,1.2817760691362585,1.3170044576237334,1.3170044576237334,0.4229848031336333,1.0,1.0,1.0,1.0,1.0,0.6807312369346619,0.9030308723449707,0.3061218857765198,0.29264959692955017,0.2775678471805248,-0.6010458168628058,0.7494664877386388,5,1.0,OPEN_PALM
1.936244246869664,2.1457510162567526,2.144096976107279,1.9375091551097154,1.28516840217778,1.3332856262137722,1.3332856262137722,0.40456639726620347,1.0,1.0,1.0,1.0,1.0,0.668236494064331,0.9181070923805237,0.2867990732192993,0.4211278557777405,0.11706140510023799,-0.5855790621040577,0.8021183138797482,5,1.0,OPEN_PALM
2.04565353565705,2.1670917160097884,2.1305636103720094,1.9743250877721352,1.3014782947316879,1.3434177381596084,1.3434177381596084,0.39780584836643945,1.0,1.0,1.0,1.0,1.0,0.6268194913864136,0.937996506690979,0.22960810363292694,0.38032329082489014,0.23363352429175796,-0.6504085727486383,0.7227614162516507,5,1.0,OPEN_PALM
2.000575433113887,2.1164518564666595,2.069148777294577,1.8220459896103656,1.2984907277527262,1.2948037051153503,1.2948037051153503,0.406499207411312,1.0,1.0,1.0,1.0,1.0,0.6335965991020203,0.9495301842689514,0.2287636399269104,0.39156660437583923,0.16820195895140305,-0.6030265788457542,0.7797865388749001,5,1.0,OPEN_PALM
2.001389736950264,2.189834014782205,2.1431144000686535,1.9189411389394972,1.285456113327187,1.2579556976133133,1.2579556976133133,0.3995437697548518,1.0,1.0,1.0,1.0,1.0,0.6358369588851929,0.9338626265525818,0.2712039351463318,0.40897008776664734,0.058730257334900594,-0.6487824162967633,0.7587042461839196,5,1.0,OPEN_PALM
2.0710898995668163,2.167273469828544,2.0779267887631967,1.895215592800411,1.2905245771062452,1.3059317583165084,1.3059317583165084,0.40215640337384473,1.0,1.0,1.0,1.0,1.0,0.6492215991020203,0.9462358951568604,0.2335749864578247,0.4403233528137207,-0.013783233612489672,-0.6663772370332329,0.7454873576628499,5,1.0,OPEN_PALM
2.0617088833498918,2.2123460017143812,2.1258019109347073,1.9078267715156456,1.3016492316081711,1.263606502920524,1.263606502920524,0.40824423574171825,1.0,1.0,1.0,1.0,1.0,0.6273643970489502,0.9449439644813538,0.2179255187511444,0.4145808219909668,0.285294856935902,-0.72178877331058,0.6305773634763076,5,1.0,OPEN_PALM
2.116076628914028,2.2412146153939565,2.1716647070506743,1.9683647287822255,1.2728573819886713,1.3747034350624288,1.3747034350624288,0.38809677645504403,1.0,1.0,1.0,1.0,1.0,0.6222454905509949,0.921856164932251,0.24121946096420288,0.37659117579460144,0.12995373571182542,-0.678862871796727,0.7226736662356263,5,1.0,OPEN_PALM
2.001259996946918,2.2069600546532295,2.114880489402949,2.0129761110751185,1.2836958169041175,0.8927169877129945,0.8927169877129945,0.4085107567750735,1.0,1.0,1.0,1.0,1.0,0.6275045871734619,0.9232650995254517,0.2796443700790405,0.3180375099182129,0.2915374173180644,-0.56542038934091,0.7715605728788159,5,1.0,OPEN_PALM
1.9910654464897242,2.138682664190139,2.1156589764269706,1.939593620769666,1.27295954463426,1.0518853537955557,1.0518853537955557,0.4260950831909062,1.0,1.0,1.0,1.0,1.0,0.6437416672706604,0.8918179273605347,0.33773520588874817,0.22277304530143738,0.2825763891410777,-0.546692028463628,0.7882121607247087,5,1.0,OPEN_PALM
1.9715779418923418,2.0791087012219713,2.024831704484325,1.5043103170995986,1.2818696033795853,0.9828720343129962,0.9828720343129962,0.42576723420522505,1.0,1.0,1.0,1.0,1.0,0.6760952472686768,0.8930909633636475,0.475608229637146,0.15016591548919678,0.3285021273156342,-0.4473644725819512,0.8318361503448712,5,1.0,OPEN_PALM
2.0213040666383333,2.1827370185635693,2.180040293015279,1.780663324580435,1.2876403496422948,1.1977754282938085,1.1977754282938085,0.4369539871141851,1.0,1.0,1.0,1.0,1.0,0.6730607151985168,0.9236100912094116,0.5309430360794067,0.1715604066848755,0.4638463515795381,-0.5018371591639137,0.7300726181748253,5,1.0,OPEN_PALM
2.0468495982338455,2.1873301249598778,2.1531909296081855,1.6792882143312111,1.2764470235134047,1.3208673270557292,1.3208673270557292,0.45806473386832014,1.0,1.0,1.0,1.0,1.0,0.6514453291893005,0.9308277368545532,0.4790108799934387,0.1383695900440216,0.32842360692058065,-0.5515451305493925,0.7667697851275372,5,1.0,OPEN_PALM
2.0447647870958163,2.269707395748231,2.1289104974527406,1.9562509497334781,1.3001289950467518,1.0062769822941229,1.0062769822941229,0.40522494743044407,1.0,1.0,1.0,1.0,1.0,0.5792757272720337,0.9047000408172607,0.24026091396808624,0.2804155945777893,0.22667235854030954,-0.5564577813754411,0.7993587301208983,5,1.0,OPEN_PALM
1.9721579640302918,2.190862353607639,2.166842050661067,1.959445108243362,1.2794656012509473,0.9130356854091355,0.9130356854091355,0.42229821566549175,1.0,1.0,1.0,1.0,1.0,0.5244876146316528,0.8954310417175293,0.11702495813369751,0.2587754726409912,0.4489293678353575,-0.5750816469515517,0.6839177743226426,5,1.0,OPEN_PALM
2.033212668342905,2.2126226693574904,2.1739602868213974,1.9253743914505193,1.2870126805058173,1.1853099726111114,1.1853099726111114,0.43845414563089496,1.0,1.0,1.0,1.0,1.0,0.5131756067276001,0.8488914966583252,0.04061976075172424,0.27610263228416443,0.2933644632740914,-0.7301236119277507,0.6171359679952868,5,1.0,OPEN_PALM
2.04542446267907,2.2060621258224256,2.153142025229598,1.9433424044784524,1.2903590020751847,1.0622658346779055,1.0622658346779055,0.4618504006255453,1.0,1.0,1.0,1.0,1.0,0.6192931532859802,0.8918285369873047,0.24432727694511414,0.1978681981563568,0.20551611879565046,-0.6389569162737218,0.741280772758304,5,1.0,OPEN_PALM
2.0797089641940145,2.2332869417426675,2.1194920162438637,1.9471564088097502,1.2894687699856027,1.1092112411439146,1.1092112411439146,0.4340940314814043,1.0,1.0,1.0,1.0,1.0,0.6677817106246948,0.8993997573852539,0.3509155213832855,0.18593257665634155,0.14461316156227708,-0.5712455650357335,0.807939068203765,5,1.0,OPEN_PALM
2.0626723550518022,2.197468476605717,2.1111538602985256,1.8517477731488117,1.3000667837057716,1.234320304524474,1.234320304524474,0.44528248856508523,1.0,1.0,1.0,1.0,1.0,0.6668183207511902,0.9227931499481201,0.336738646030426,0.23284482955932617,0.20697038803470558,-0.6097080981109322,0.7651269787262199,5,1.0,OPEN_PALM
2.0763519825021497,2.2320298933254685,2.1836595930473433,1.891988735308348,1.2954095522875442,1.3342922975921778,1.3342922975921778,0.46061365130689835,1.0,1.0,1.0,1.0,1.0,0.6385740041732788,0.9260228872299194,0.33192795515060425,0.21807608008384705,0.20402560753254867,-0.661108986638228,0.7220169383450429,5,1.0,OPEN_PALM
1.9728573263708722,2.1623934411588546,2.098117342580669,1.8511443914329664,1.2859955238816503,1.245150984633133,1.245150984633133,0.45753737982834747,1.0,1.0,1.0,1.0,1.0,0.6184183955192566,0.9429965615272522,0.2864333987236023,0.24741044640541077,0.3077902353860957,-0.5682352961324363,0.7631342078758193,5,1.0,OPEN_PALM
2.021663873823788,2.2368020650892273,2.183903055527102,1.9458440470601883,1.2847843875337928,1.020298833508618,1.020298833508618,0.464913997081071,1.0,1.0,1.0,1.0,1.0,0.5858117341995239,0.9641687870025635,0.23120185732841492,0.26017117500305176,0.3210824948998482,-0.5948747271245496,0.736905754148644,5,1.0,OPEN_PALM
2.0525208410443803,2.1972065181569644,2.172845859161979,1.9297245198482995,1.2856062148468776,1.179630208873064,1.179630208873064,0.4561069767764171,1.0,1.0,1.0,1.0,1.0,0.566162109375,0.9686355590820312,0.20164188742637634,0.2635155916213989,0.29168809807561785,-0.6046412531932658,0.7411659789668612,5,1.0,OPEN_PALM
2.026278836325639,2.202536731709019,2.168942987084421,1.9174259038296948,1.2804414533826067,1.1687775571694958,1.1687775571694958,0.45909497788990716,1.0,1.0,1.0,1.0,1.0,0.584640622138977,0.9489419460296631,0.21209070086479187,0.2648282051086426,0.3148671010653363,-0.638449659179057,0.702311000455537,5,1.0,OPEN_PALM
2.0351441681618088,2.2385222980924415,2.202032272091707,2.001767712999856,1.2924323276132093,1.0377581981914015,1.0377581981914015,0.44548348766238105,1.0,1.0,1.0,1.0,1.0,0.5751470327377319,0.9397748708724976,0.1978055238723755,0.28245478868484497,0.28177530815999513,-0.6097494676949697,0.7408159436439262,5,1.0,OPEN_PALM
1.9580952661662616,2.18130820731306,2.1694237659061897,1.939649380054706,1.259551998332423,0.9895698936384844,0.9895698936384844,0.3540097160762639,1.0,1.0,1.0,1.0,1.0,0.6820955872535706,0.9467258453369141,0.4435298442840576,0.40591153502464294,0.2991080185305607,-0.5489582608616387,0.7804993408597389,5,1.0,OPEN_PALM
1.9484967610765616,2.0549835560950855,2.0467969594220015,1.9867363351695437,1.287044267395034,0.8976820281564047,0.8976820281564047,0.3552104921263901,1.0,1.0,1.0,1.0,1.0,0.6689146757125854,0.8704725503921509,0.4028831124305725,0.2861161231994629,0.2371758941076427,-0.3747602300424982,0.8962713680759494,5,1.0,OPEN_PALM
2.0194445724284975,2.178575218598802,2.0849319543393046,1.9465485897094357,1.275629594441672,1.1279532661515033,1.1279532661515033,0.38305764405138504,1.0,1.0,1.0,1.0,1.0,0.6102800965309143,0.8624695539474487,0.28951308131217957,0.27641022205352783,0.19662905475335093,-0.5564822810854724,0.8072573850171413,5,1.0,OPEN_PALM
1.9873768234955995,2.1693449557330164,2.1373948122092346,1.8573047164676175,1.2832588260727174,1.0720139454575595,1.0720139454575595,0.4252741973763471,1.0,1.0,1.0,1.0,1.0,0.6157596111297607,0.9118553400039673,0.23523029685020447,0.29257023334503174,0.2565379711864288,-0.5963272019862943,0.7606458686608035,5,1.0,OPEN_PALM
1.9735959035658417,2.1685703253748034,2.122817714225178,1.829222104470736,1.2752131373912503,1.2019251521935848,1.2019251521935848,0.43944617954674514,1.0,1.0,1.0,1.0,1.0,0.5809645056724548,0.9577677249908447,0.2243308126926422,0.3108621835708618,0.3297156241191972,-0.5866663251920725,0.7396690003625389,5,1.0,OPEN_PALM
2.0657952129698316,2.260092291312763,2.186038190166556,1.8989739894920445,1.263559243264979,1.231147307470851,1.231147307470851,0.41990298469366955,1.0,1.0,1.0,1.0,1.0,0.5463129878044128,0.9484638571739197,0.23592522740364075,0.2829994261264801,0.24698960322719862,-0.6081734923003808,0.7544011791883877,5,1.0,OPEN_PALM
1.9902599986550034,2.1578815549302517,2.1412482201157492,1.9603189262386036,1.2627644539006397,1.0842017990236208,1.0842017990236208,0.43776335814810396,1.0,1.0,1.0,1.0,1.0,0.5325065851211548,0.9867979884147644,0.19484296441078186,0.2861712872982025,0.2794849692508608,-0.4837009384839426,0.8294103653033271,5,1.0,OPEN_PALM
2.0486692641777244,2.221952359897783,2.1951973584531537,1.949576999201008,1.2952910745273263,1.0521305451384728,1.0521305451384728,0.4539361946267185,1.0,1.0,1.0,1.0,1.0,0.4985259175300598,0.9360001683235168,0.1040349006652832,0.23863422870635986,0.2534768871624499,-0.5885321751893302,0.767710457426073,5,1.0,OPEN_PALM
1.9624896088777655,2.143551808390497,2.162956827379568,1.9767347664001047,1.2397750904881217,1.1707147790858832,1.1707147790858832,0.4868328313625156,1.0,1.0,1.0,1.0,1.0,0.4633033275604248,0.8866218328475952,-0.021937578916549683,0.24021553993225098,0.17115147880756632,-0.6279607540620734,0.7591919801076507,5,1.0,OPEN_PALM
2.0919236817051194,2.22038135096687,2.180890089419893,1.9746025383904673,1.2939670068515747,1.1153942908973622,1.1153942908973622,0.5109119074773402,1.0,1.0,1.0,1.0,1.0,0.5998470187187195,0.9049453735351562,0.10221654176712036,0.23867583274841309,0.06464145008223054,-0.7052001328106784,0.7060554196485346,5,1.0,OPEN_PALM
2.1278755558076723,2.3296040727781286,2.3045704413237766,2.05667725501454,1.290384742001403,1.1035847741294096,1.1035847741294096,0.432628017798458,1.0,1.0,1.0,1.0,1.0,0.7055110931396484,0.9256669282913208,0.11579707264900208,0.5074366927146912,-0.12181711355394464,-0.6944340048042721,0.7091699400121846,5,1.0,OPEN_PALM
2.0805348166479862,2.3450951686399644,2.291776611547169,1.995828610760415,1.2969794284137028,1.2125317109954747,1.2125317109954747,0.4555717304814812,1.0,1.0,1.0,1.0,1.0,0.7034185528755188,0.9354559779167175,0.15999943017959595,0.47811681032180786,-0.17524454742205858,-0.7225740964126134,0.6687122129827847,5,1.0,OPEN_PALM
1.8288702952148135,1.9928716430958278,2.0256431703037308,1.9276788617818554,1.2784364902809364,0.7697819209265286,0.7697819209265286,0.3985489631474105,1.0,1.0,1.0,1.0,1.0,0.5689203143119812,1.0314838886260986,0.373908668756485,0.3786454200744629,0.3781388564776594,-0.30461745303034554,0.8741963237917861,5,1.0,OPEN_PALM
1.9272355102885388,2.062591713386846,2.056442869257333,1.9035866219931417,1.2609580183446631,0.8301661070429296,0.8301661070429296,0.3125501936472725,1.0,1.0,1.0,1.0,1.0,0.6182958483695984,0.9406631588935852,0.4505559802055359,0.40620526671409607,0.4176969772094374,-0.36119502537946224,0.8337070162060701,5,1.0,OPEN_PALM
1.881477229597417,2.0222940095517283,2.031633065057101,1.8698944834773135,1.253029016010023,0.8177497814761854,0.8177497814761854,0.3088220129854472,1.0,1.0,1.0,1.0,1.0,0.6467787623405457,0.9276648759841919,0.4871373474597931,0.41162022948265076,0.3884854348362731,-0.3209295618713602,0.8637611262595281,5,1.0,OPEN_PALM
1.835719736914484,1.9781762243865963,1.9645563811764846,1.8305795053450775,1.243782714749245,0.8108051489399621,0.8108051489399621,0.30502175006940413,1.0,1.0,1.0,1.0,1.0,0.6607794761657715,0.8843851089477539,0.5250877737998962,0.37517085671424866,0.3603247337677683,-0.2509360377212306,0.8984415346631944,5,1.0,OPEN_PALM
1.8356114074405152,1.9607143824504658,1.9738099840953816,1.8377278443602387,1.2479118950108743,0.892537147894654,0.892537147894654,0.28056722899230696,1.0,1.0,1.0,1.0,1.0,0.6789253354072571,0.8575458526611328,0.5401344299316406,0.38975876569747925,0.37222011277708345,-0.2565101021847245,0.891994817878107,5,1.0,OPEN_PALM
1.8398036118504248,1.9571098432991694,1.9500763236731724,1.8156754681460614,1.2377023829559957,0.9599720473650449,0.9599720473650449,0.277097669882073,1.0,1.0,1.0,1.0,1.0,0.6754326820373535,0.8493512272834778,0.537857711315155,0.3874219059944153,0.3264492606491314,-0.25012758530435664,0.9115191008922673,5,1.0,OPEN_PALM
1.7905515409902475,1.8858301057607563,1.8908067633152497,1.7886170267429389,1.2147458770408643,0.7861538905640395,0.7861538905640395,0.28734515661409066,1.0,1.0,1.0,1.0,1.0,0.8165042996406555,0.7376720905303955,0.6862714886665344,0.26093411445617676,0.26186740112367496,-0.12770652166679,0.9566172215429231,5,1.0,OPEN_PALM
1.7721696077552187,1.8593008497078232,1.8600465485959972,1.7144294520832535,1.2338920840035195,0.7714565035910258,0.7714565035910258,0.2827207532237253,1.0,1.0,1.0,1.0,1.0,0.8058059811592102,0.7066720128059387,0.68833327293396,0.2388136237859726,0.1999622892748883,-0.12885530822820004,0.9712936694992721,5,1.0,OPEN_PALM
1.7985000645400675,1.9084884619474385,1.8742650363236895,1.7130011420723126,1.2489995178364597,0.7912706496728933,0.7912706496728933,0.2805308227001004,1.0,1.0,1.0,1.0,1.0,0.7767840623855591,0.7148236036300659,0.6509131789207458,0.2482721358537674,0.23206869182054737,-0.14056348416159634,0.9624894956294601,5,1.0,OPEN_PALM
1.8338201792662603,1.9605907715219768,2.0125026198309226,1.8481931081271876,1.2231409910018678,0.8327899080020256,0.8327899080020256,0.26928497246236927,1.0,1.0,1.0,1.0,1.0,0.5679210424423218,0.8834070563316345,0.45148175954818726,0.4197976589202881,0.5158947260250818,-0.2768018528483817,0.810699306721801,5,1.0,OPEN_PALM
1.852623716288134,1.9574433009729266,2.0110249015955843,1.8615579773689437,1.2476011022370948,0.8332334246669736,0.8332334246669736,0.2632919813951797,1.0,1.0,1.0,1.0,1.0,0.5286605358123779,0.8806734085083008,0.4051252007484436,0.4234241843223572,0.44642125446389347,-0.23896677874017053,0.8623241514775231,5,1.0,OPEN_PALM
1.8451029958531964,1.9927716917136766,1.9885204622568566,1.7766610843711257,1.2516566870856893,0.8166146547538968,0.8166146547538968,0.2630617770987486,1.0,1.0,1.0,1.0,1.0,0.4429031312465668,0.8523411750793457,0.28098851442337036,0.4180496633052826,0.48803797285570094,-0.313467306431076,0.8145901944227809,5,1.0,OPEN_PALM
1.8694857958889488,2.005061801123389,2.0855477345898517,1.8974647405811083,1.2525329322128242,0.9073858495253068,0.9073858495253068,0.28422870907009984,1.0,1.0,1.0,1.0,1.0,0.4075004458427429,0.7894773483276367,0.18558818101882935,0.3370056748390198,0.4938764077511787,-0.372950255605081,0.7854897839634175,5,1.0,OPEN_PALM
1.8722310583358257,2.054353571047363,2.044753222176388,1.8669481862941861,1.2473624704512936,1.007998322120942,1.007998322120942,0.2963393321513977,1.0,1.0,1.0,1.0,1.0,0.4195750653743744,0.7763137817382812,0.1608830839395523,0.32989734411239624,0.3531003721749708,-0.41842326707540417,0.8368046945015558,5,1.0,OPEN_PALM
1.8988993330763895,1.9893063267226598,1.9766955348914526,1.824645246454002,1.2488484483947588,1.0298441171968444,1.0298441171968444,0.31370811569792245,1.0,1.0,1.0,1.0,1.0,0.4098263084888458,0.745930016040802,0.158181294798851,0.2550107538700104,0.32016906544695883,-0.3851272620372885,0.8655453550025456,5,1.0,OPEN_PALM
1.8529352268969963,1.9718646251755585,1.964090020730651,1.845915265098396,1.2509616658875613,0.9677892704893863,0.9677892704893863,0.31803955735580575,1.0,1.0,1.0,1.0,1.0,0.4274528920650482,0.7417232990264893,0.18195803463459015,0.25187480449676514,0.35550814016872806,-0.3505584033031168,0.8664425936825482,5,1.0,OPEN_PALM
1.827893029158397,1.9358325521480833,2.003350724391012,1.8642979392801993,1.2390488472638914,0.9775147015069237,0.9775147015069237,0.3175155618402613,1.0,1.0,1.0,1.0,1.0,0.44207990169525146,0.7492071390151978,0.17596782743930817,0.2662848234176636,0.4183875728698499,-0.39231681181316796,0.8191699201245292,5,1.0,OPEN_PALM
1.8286180705532418,1.9655465548127584,2.0120280166977924,1.8368453027400937,1.2291784668093828,0.9156212640336872,0.9156212640336872,0.31953418394320554,1.0,1.0,1.0,1.0,1.0,0.44642168283462524,0.7608743906021118,0.1616578847169876,0.3143776059150696,0.38122356609117575,-0.4269671957304083,0.8199802475833415,5,1.0,OPEN_PALM
1.8266356820267966,2.0645844926513073,2.0938409272515166,1.8875555323567474,1.2347960202423207,0.9545845070242973,0.9545845070242973,0.3053254134591667,1.0,1.0,1.0,1.0,1.0,0.464436411857605,0.7835426330566406,0.2781977653503418,0.29362377524375916,0.6073101011462773,-0.36624197784084067,0.7050115280709441,5,1.0,OPEN_PALM
1.8975070569110581,2.0781867676772228,2.073974066218312,1.8393812151653959,1.2728390662277558,0.9607766221183167,0.9607766221183167,0.30498915497703544,1.0,1.0,1.0,1.0,1.0,0.5129976272583008,0.8304944634437561,0.2885090708732605,0.35216742753982544,0.46076803495310975,-0.4574398223755784,0.7605535003340983,5,1.0,OPEN_PALM
1.9777112774401953,2.079035669988731,2.0865299304780116,1.8809096362810647,1.2681350784721155,1.05510325665515,1.05510325665515,0.30189704737993633,1.0,1.0,1.0,1.0,1.0,0.590793251991272,0.8721197843551636,0.3442789614200592,0.3961780369281769,0.2857611117614232,-0.4787232071690511,0.8301594292198655,5,1.0,OPEN_PALM
1.9197051553573594,2.1134799798879866,2.0762008557545277,1.8781661667962455,1.2672079372078457,1.0613438956868082,1.0613438956868082,0.2997102508156478,1.0,1.0,1.0,1.0,1.0,0.6337921619415283,0.8880067467689514,0.38790708780288696,0.45439612865448,0.3235545250918062,-0.49464182451563654,0.8066237876063771,5,1.0,OPEN_PALM
1.907834749796559,2.0879318093874297,2.095380034770416,1.8756849222020076,1.273723174185363,1.1228518597439645,1.1228518597439645,0.30479412812342255,1.0,1.0,1.0,1.0,1.0,0.6111940145492554,0.9076274633407593,0.35194313526153564,0.4839057922363281,0.3419358338094824,-0.5349746255316576,0.772581410334391,5,1.0,OPEN_PALM
1.9874689593908248,2.0938778233295916,2.078135087792069,1.8867758371154468,1.269073476694789,1.1227010126821781,1.1227010126821781,0.296798080122837,1.0,1.0,1.0,1.0,1.0,0.5550408959388733,0.9103401899337769,0.2518424987792969,0.49041813611984253,0.18054205919321473,-0.5304660251842953,0.8282574243479187,5,1.0,OPEN_PALM
1.9037929366813253,2.1095986033555705,2.1165814201347435,1.880668150532457,1.2686376656725453,0.9663598634420757,0.9663598634420757,0.3169547050358445,1.0,1.0,1.0,1.0,1.0,0.5737693905830383,0.864972710609436,0.3209279477596283,0.393993079662323,0.4881716488852564,-0.495638339821947,0.7183530311227162,5,1.0,OPEN_PALM
1.900764914045297,2.005921415338524,2.0314321225178014,1.8583791002861783,1.2339087320198898,0.9073282429078636,0.9073282429078636,0.3381276065917017,1.0,1.0,1.0,1.0,1.0,0.6597603559494019,0.7882740497589111,0.47246259450912476,0.2237241268157959,0.31793222898133744,-0.33524756827973623,0.8868642318514611,5,1.0,OPEN_PALM
1.9024362934952437,2.0213916331832773,2.001517643850397,1.8603135156624069,1.2384425818160258,1.0118533951862285,1.0118533951862285,0.3350999493765691,1.0,1.0,1.0,1.0,1.0,0.6310606002807617,0.7422298789024353,0.4348665475845337,0.20312711596488953,0.3154380860096566,-0.3763216784869207,0.871137651691942,5,1.0,OPEN_PALM
1.8701251548109008,1.9662331672020368,1.990966209111151,1.8025679898740734,1.2507661026937817,1.155223238138758,1.155223238138758,0.3195314743611623,1.0,1.0,1.0,1.0,1.0,0.6198870539665222,0.7994529008865356,0.41118621826171875,0.29986053705215454,0.26635657153422343,-0.3611150077470804,0.8936722710145817,5,1.0,OPEN_PALM
1.92329470637279,2.113879847109513,2.0703058626055855,1.8996800765688204,1.2596620644258587,1.012656092753003,1.012656092753003,0.31871974847337414,1.0,1.0,1.0,1.0,1.0,0.5900533199310303,0.8370863795280457,0.3220441937446594,0.36840516328811646,0.349494075522753,-0.4767943216944508,0.8065488614922377,5,1.0,OPEN_PALM
1.977675320883865,2.110162786637339,2.148076018133271,1.88571877526231,1.2718903863863995,1.240972692147853,1.240972692147853,0.2963327458308153,1.0,1.0,1.0,1.0,1.0,0.5532983541488647,0.8621076941490173,0.2681038975715637,0.4430338144302368,0.2314171328687291,-0.5662562714076297,0.791075183346277,5,1.0,OPEN_PALM
2.0033499496634866,2.1345017697659405,2.114569863014735,1.8821073455361266,1.253055368930018,1.3039541715966416,1.3039541715966416,0.2888802956604635,1.0,1.0,1.0,1.0,1.0,0.5083490610122681,0.7848960161209106,0.24015402793884277,0.33639901876449585,0.23026698930543768,-0.47935796511769724,0.8468725139679704,5,1.0,OPEN_PALM
1.846635815870889,2.0059091824368225,2.033214230805977,1.9163447998831986,1.2522668714603649,0.8806347326758689,0.8806347326758689,0.31128367201362833,1.0,1.0,1.0,1.0,1.0,0.46759313344955444,0.7302383184432983,0.19466708600521088,0.2759677469730377,0.42743608879281003,-0.4133512400144142,0.8040143918960972,5,1.0,OPEN_PALM
1.9563872635379598,2.0657046358899667,2.071085163906875,1.8453227089504374,1.2647399688355658,1.0740504598160057,1.0740504598160057,0.30074776514362783,1.0,1.0,1.0,1.0,1.0,0.4976257085800171,0.7628328800201416,0.23453912138938904,0.31520533561706543,0.2809017948080602,-0.48560128137624525,0.8278197733802686,5,1.0,OPEN_PALM
1.9159717251209345,2.089212980438236,2.0698833517889517,1.8472141029902194,1.2475788053881807,1.03025384831577,1.03025384831577,0.30595110192740843,1.0,1.0,1.0,1.0,1.0,0.5462635159492493,0.8257319927215576,0.2776784896850586,0.3796793818473816,0.3245409597107852,-0.4999072673354853,0.8029731561734614,5,1.0,OPEN_PALM
1.9725406292264112,2.117378218037431,2.121589571043753,1.8205691960022283,1.270979135906688,1.215206651248346,1.215206651248346,0.2960138137147335,1.0,1.0,1.0,1.0,1.0,0.5774103999137878,0.874548077583313,0.34562110900878906,0.3974754512310028,0.4219178749993324,-0.4963211527344255,0.7587164293096722,5,1.0,OPEN_PALM
2.0297475108324745,2.1397156038162435,2.1286902760472035,1.8412461488449643,1.2845645108648234,1.0590222047689195,1.0590222047689195,0.28668542493295507,1.0,1.0,1.0,1.0,1.0,0.639967143535614,0.9738538861274719,0.41710764169692993,0.49719443917274475,0.3373497103100559,-0.5294379380712128,0.7783897755524696,5,1.0,OPEN_PALM
1.9645493933213691,2.109480307574939,2.101186952165267,1.8444674378116923,1.2506836170487767,1.1936665940023579,1.1936665940023579,0.2849881322306027,1.0,1.0,1.0,1.0,1.0,0.6734004616737366,1.017122507095337,0.5109202861785889,0.5276976823806763,0.3288773725630469,-0.4127749030816521,0.8493859859933879,5,1.0,OPEN_PALM
1.9273833596193866,2.083801072634076,1.950272455036183,1.7680198387564265,1.2443356023746526,1.091069772527339,1.091069772527339,0.3018127119353217,1.0,1.0,1.0,1.0,1.0,0.6811918616294861,1.0163979530334473,0.5098172426223755,0.5158874988555908,0.32781140144636145,-0.4185155708033994,0.8469854792597551,5,1.0,OPEN_PALM
2.0167437845766933,2.185968684429342,2.109626439732249,1.9574920243982825,1.2848992716846175,1.1128801153871557,1.1128801153871557,0.30589054307974156,1.0,1.0,1.0,1.0,1.0,0.6290571689605713,0.9657334089279175,0.40037965774536133,0.47360074520111084,0.3080612579398332,-0.5513747308561786,0.7752961805205829,5,1.0,OPEN_PALM
1.9952183783928557,2.127617146101089,2.1300851583951372,1.9279027084095912,1.284405359053643,1.22021995409646,1.22021995409646,0.3201077353923777,1.0,1.0,1.0,1.0,1.0,0.6161052584648132,0.9448715448379517,0.3762339949607849,0.44696858525276184,0.3529140425714618,-0.5428288358578983,0.762094832364731,5,1.0,OPEN_PALM
1.9696683895854754,2.1281284319084373,2.0687551714592756,1.7932971671830094,1.28783747769764,1.1045221056855485,1.1045221056855485,0.33387245300332374,1.0,1.0,1.0,1.0,1.0,0.5900676846504211,0.9014485478401184,0.3326188921928406,0.3737207353115082,0.3476947551155749,-0.5156171813116055,0.7831010660198308,5,1.0,OPEN_PALM
1.935690155007458,2.095369145518834,2.1277441690491674,1.9069525971086045,1.2852295201640909,0.9978968332751622,0.9978968332751622,0.33468327262759295,1.0,1.0,1.0,1.0,1.0,0.5302912592887878,0.8524918556213379,0.23579475283622742,0.35836702585220337,0.4019923499553146,-0.5426575576063569,0.7375126614168107,5,1.0,OPEN_PALM
1.969400949616523,2.137091688203824,2.161454963717038,1.9621221870608,1.2798771814122372,1.2543724269863488,1.2543724269863488,0.3354085701852594,1.0,1.0,1.0,1.0,1.0,0.5094126462936401,0.8309292793273926,0.18115836381912231,0.3478139638900757,0.3410856296410458,-0.6088101160771092,0.716247747510977,5,1.0,OPEN_PALM
1.961156765816862,2.142128156607288,2.116662460826107,1.9265360680172738,1.2749417255331945,1.1330117633079793,1.1330117633079793,0.3357860056675863,1.0,1.0,1.0,1.0,1.0,0.5030555129051208,0.8175587058067322,0.2022348940372467,0.32221317291259766,0.318662298688979,-0.5452528574986155,0.7753409964550116,5,1.0,OPEN_PALM
2.01931954926769,2.156326378456119,2.1231806565858453,1.8826201012975805,1.2803051790074282,1.243499317968572,1.243499317968572,0.3503124146525089,1.0,1.0,1.0,1.0,1.0,0.5534428954124451,0.8215964436531067,0.24570013582706451,0.308915913105011,0.2892055388148045,-0.6206993344540356,0.7287609296107714,5,1.0,OPEN_PALM
1.9676337731414564,2.1266580149824317,2.064955764825244,1.8096203512900766,1.2601986620018815,1.2758368611171016,1.2758368611171016,0.34986940960719504,1.0,1.0,1.0,1.0,1.0,0.5937230587005615,0.8092235326766968,0.2970736622810364,0.30391740798950195,0.27362443227982797,-0.5705399533210559,0.7743473585697501,5,1.0,OPEN_PALM
1.9404710141830228,2.071735931413013,2.0671429641701753,1.8633219456136054,1.2580922162805173,1.2805613562376221,1.2805613562376221,0.3453223336561341,1.0,1.0,1.0,1.0,1.0,0.6125074028968811,0.8226322531700134,0.3500301241874695,0.2854340076446533,0.33863478778712686,-0.4789955889722962,0.8098701786369534,5,1.0,OPEN_PALM
1.9981684098459376,2.099642765124965,2.11152230079507,1.849329309458426,1.2702083863015985,1.473530321490846,1.473530321490846,0.33630838616203873,1.0,1.0,1.0,1.0,1.0,0.6271600723266602,0.8268324136734009,0.3604804277420044,0.30150678753852844,0.30522731029437,-0.5639161240506108,0.7673557806429822,5,1.0,OPEN_PALM
1.990516015173665,2.1394800685174515,2.1193505695171626,1.8056068511795897,1.2786782441097035,1.4735259360019033,1.4735259360019033,0.3304748032233455,1.0,1.0,1.0,1.0,1.0,0.610966682434082,0.7891392707824707,0.30537399649620056,0.3190079629421234,0.28154969737218855,-0.5991530016929982,0.7494967968389852,5,1.0,OPEN_PALM
2.010851113498914,2.1435626169214133,2.123587421261007,1.8201467046104822,1.2875730491785211,1.4432382641829424,1.4432382641829424,0.3301791311048095,1.0,1.0,1.0,1.0,1.0,0.6123675107955933,0.7891425490379333,0.2987966537475586,0.3285960257053375,0.2799206908235835,-0.6119498710528425,0.7397038340898722,5,1.0,OPEN_PALM
1.96148885002751,2.0971410499314156,2.1018829470217217,1.8222447587236827,1.2786852459234879,1.3680246622859709,1.3680246622859709,0.33743236145223243,1.0,1.0,1.0,1.0,1.0,0.6222668290138245,0.7987682819366455,0.2893521189689636,0.3398786187171936,0.2958667219819377,-0.5756497182433434,0.7622927814888596,5,1.0,OPEN_PALM
1.9408759399278532,2.097091798759393,2.1267603460365536,1.862734899797344,1.2742551309814403,1.295427869019044,1.295427869019044,0.3255266841799237,1.0,1.0,1.0,1.0,1.0,0.6108987927436829,0.7915934324264526,0.27843400835990906,0.3773431181907654,0.2447030856092644,-0.5767607176531284,0.7794019979866316,5,1.0,OPEN_PALM
1.9557704767331323,2.09780410858789,2.128036624466759,1.8692837787791607,1.2760590183364144,1.3264408889666346,1.3264408889666346,0.32528006876857235,1.0,1.0,1.0,1.0,1.0,0.6308261752128601,0.7945255637168884,0.3057611286640167,0.36732572317123413,0.25349470010973363,-0.5901146633036123,0.7664888265136947,5,1.0,OPEN_PALM
1.9681891680313495,2.1457171006787634,2.1022470252837833,1.9108378393367227,1.2778378247334459,1.366916673447878,1.366916673447878,0.3196011217240695,1.0,1.0,1.0,1.0,1.0,0.6352783441543579,0.8154492974281311,0.3393625020980835,0.3674792945384979,0.2577141179351776,-0.5863794643243586,0.7679469755364439,5,1.0,OPEN_PALM
1.983771239486816,2.1308233762854654,2.076848930939537,1.951310848038414,1.2732312598449824,1.3305073472762081,1.3305073472762081,0.32117710217192263,1.0,1.0,1.0,1.0,1.0,0.6273062229156494,0.8180737495422363,0.32769298553466797,0.3630002439022064,0.26956218441553703,-0.5659567045553106,0.7791208104665264,5,1.0,OPEN_PALM
2.0066683956522042,2.1551962626405468,2.0699280515085623,1.9521110647253332,1.2814853075122576,1.3775655476302489,1.3775655476302489,0.3155698641489284,1.0,1.0,1.0,1.0,1.0,0.633033037185669,0.8152567148208618,0.3583025336265564,0.35075604915618896,0.23437092451015776,-0.5647656320926053,0.791271161202842,5,1.0,OPEN_PALM
2.0045736089069233,2.1726691818981365,2.0873247924204743,1.9688236650331874,1.275655774375053,1.3987306025487563,1.3987306025487563,0.3084926444971361,1.0,1.0,1.0,1.0,1.0,0.6406020522117615,0.8227575421333313,0.3819611370563507,0.34817299246788025,0.24339844704779998,-0.5104589768214169,0.8247356115490294,5,1.0,OPEN_PALM
2.005479057357439,2.1949449063344195,2.0936607577045616,1.9706770889386815,1.2782400492755739,1.3792692769569623,1.3792692769569623,0.31057194289755097,1.0,1.0,1.0,1.0,1.0,0.6415938138961792,0.8238444924354553,0.3951131999492645,0.3418133854866028,0.2699428829148652,-0.5147034034697556,0.8137636305588137,5,1.0,OPEN_PALM
1.9947827843322585,2.193662342953518,2.0792237087168823,1.9658779877195869,1.2828328735757466,1.2120123153799574,1.2120123153799574,0.31208672927658476,1.0,1.0,1.0,1.0,1.0,0.6387847661972046,0.8213964700698853,0.3668084144592285,0.35686373710632324,0.2997950975087154,-0.5159570732346765,0.802440775440061,5,1.0,OPEN_PALM
1.9930271040022975,2.1766415130178203,2.0694461035736937,1.9533192820374048,1.283257286045729,1.2191472081829247,1.2191472081829247,0.31362868540506433,1.0,1.0,1.0,1.0,1.0,0.6385824084281921,0.8246507048606873,0.36695361137390137,0.35646986961364746,0.28710657658587607,-0.48963018092982374,0.8233055930842244,5,1.0,OPEN_PALM
1.9847827031219392,2.1648524015358133,2.074311226813059,1.9580086268710652,1.283536149984798,1.2327454415361805,1.2327454415361805,0.31284878848342623,1.0,1.0,1.0,1.0,1.0,0.6468209028244019,0.822261393070221,0.37005990743637085,0.3613508939743042,0.29062552676403386,-0.5006844838639138,0.8153844803594522,5,1.0,OPEN_PALM
1.914087584325744,2.0118209249337773,1.9867667383694039,1.8497094784882107,1.2673169549803418,1.301995508839324,1.301995508839324,0.31933517383032783,1.0,1.0,1.0,1.0,1.0,0.6451079845428467,0.8130307793617249,0.4508136808872223,0.2625337541103363,0.41470627125691184,-0.3534047794368899,0.8385247584009383,5,1.0,OPEN_PALM
1.939543431483944,2.051750104757459,2.014265262058102,1.8886078537947668,1.268905024244645,1.4068037375307578,1.4068037375307578,0.31617771741232015,1.0,1.0,1.0,1.0,1.0,0.6425407528877258,0.809888482093811,0.4472598433494568,0.26768848299980164,0.42618110422376465,-0.4004320788461794,0.8111866718786372,5,1.0,OPEN_PALM
1.9558999449769758,2.0693417115233035,2.0212829901714975,1.8883608860718855,1.2705721887505597,1.4134090030164428,1.4134090030164428,0.3152489967984195,1.0,1.0,1.0,1.0,1.0,0.6470627784729004,0.8092557191848755,0.4485514461994171,0.2661917209625244,0.43235856467865674,-0.41589724183453114,0.8000597201355917,5,1.0,OPEN_PALM
1.8979470051342169,2.0250312755797655,2.0395098845569324,1.8928389129259415,1.2581296150365142,1.2007226236460524,1.2007226236460524,0.3269995361782776,1.0,1.0,1.0,1.0,1.0,0.6615954637527466,0.8125221729278564,0.4707038402557373,0.2760983109474182,0.3621998005225718,-0.3598216433783821,0.859848643342472,5,1.0,OPEN_PALM
1.8695784002693183,2.0001980712557685,2.0041606242158365,1.8145422916409448,1.2528912191849442,1.0615597589117929,1.0615597589117929,0.34666392161691817,1.0,1.0,1.0,1.0,1.0,0.6839306354522705,0.8183325529098511,0.4677954316139221,0.27499261498451233,0.2882603885834066,-0.3937571347969844,0.872846645849208,5,1.0,OPEN_PALM
1.873233441223501,1.9535215086187827,1.9721555817238845,1.8114277289319234,1.2494519580658696,1.0447139434965367,1.0447139434965367,0.3452875582437608,1.0,1.0,1.0,1.0,1.0,0.6824451684951782,0.8131741881370544,0.45599842071533203,0.2749825716018677,0.248342710410401,-0.38603151175255085,0.8884287085186159,5,1.0,OPEN_PALM
1.8215533548069998,1.9619208072440355,1.9967086758329453,1.8111805481789889,1.25204608985305,0.981342276624065,0.981342276624065,0.3308677295857947,1.0,1.0,1.0,1.0,1.0,0.6632793545722961,0.79787278175354,0.40000784397125244,0.32947486639022827,0.16044271229870977,-0.364902247809184,0.9171174873559212,5,1.0,OPEN_PALM
1.8991456690390316,2.0750718205574343,2.0289023560169617,1.8828310499430407,1.2532322536752498,1.0700467056511478,1.0700467056511478,0.33325123636736953,1.0,1.0,1.0,1.0,1.0,0.6225486993789673,0.8024879693984985,0.321747362613678,0.33862242102622986,0.20621968451057177,-0.4656468096422032,0.8606082095764588,5,1.0,OPEN_PALM
1.9336717144764002,2.0674078798867885,2.021117539186404,1.8763246712972248,1.2518970852233011,1.1899906165417113,1.1899906165417113,0.3303800530510507,1.0,1.0,1.0,1.0,1.0,0.5858666300773621,0.7768911123275757,0.2743409276008606,0.30817878246307373,0.2126659622379846,-0.5045552607357373,0.8367778542536152,5,1.0,OPEN_PALM
1.9181795410755613,2.0451243557601884,2.0147719113364486,1.8433444695719288,1.2412441360085047,1.1926251382240933,1.1926251382240933,0.34226388301152033,1.0,1.0,1.0,1.0,1.0,0.6121079921722412,0.7882397770881653,0.3637828826904297,0.25385916233062744,0.27167616360109154,-0.4128135505211937,0.8693543780513668,5,1.0,OPEN_PALM
1.8950502797375046,2.0134316370746395,1.9887875761049223,1.8485824723021718,1.2541869559633907,1.1543076858439372,1.1543076858439372,0.34493418937767595,1.0,1.0,1.0,1.0,1.0,0.6338237524032593,0.813544511795044,0.3924628794193268,0.2761368751525879,0.26421871165023164,-0.4330046012244296,0.8617978230027994,5,1.0,OPEN_PALM
1.9878306063335607,2.108131686279968,2.0576323709580304,1.8836055958268616,1.2567570361385043,1.2945890148401245,1.2945890148401245,0.3259404226070962,1.0,1.0,1.0,1.0,1.0,0.626976490020752,0.8268784284591675,0.36023420095443726,0.32279908657073975,0.19600886824721367,-0.5244217700683749,0.8285905687652974,5,1.0,OPEN_PALM
2.001211524428952,2.0990057389364964,2.0798569272839926,1.920369571516416,1.2673513919535773,1.430121535940707,1.430121535940707,0.32601688062717005,1.0,1.0,1.0,1.0,1.0,0.6205345988273621,0.8427148461341858,0.3352418541908264,0.33624428510665894,0.2297195882310621,-0.5286278345151855,0.8171790032537161,5,1.0,OPEN_PALM
1.9645178064432451,2.1199117451323,2.0831568770185194,1.8277221568013344,1.287763049219132,1.4012060508969126,1.4012060508969126,0.33424373880746044,1.0,1.0,1.0,1.0,1.0,0.6101258397102356,0.8477927446365356,0.29711809754371643,0.3679967224597931,0.3276554892490413,-0.5956076246973772,0.7334121881775075,5,1.0,OPEN_PALM
2.0193001668693302,2.1558175679403604,2.113020625892908,1.8951761689133715,1.2735621959887284,1.362616098499007,1.362616098499007,0.3246097013501167,1.0,1.0,1.0,1.0,1.0,0.5960302948951721,0.8202086091041565,0.2634735703468323,0.3791283965110779,0.13225762439970545,-0.6139471912361534,0.7781881309563802,5,1.0,OPEN_PALM
1.9785646376214836,2.168836091420227,2.123297250025359,1.9167121335958812,1.2492105276235195,1.2769078505343012,1.2769078505343012,0.3343543849260082,1.0,1.0,1.0,1.0,1.0,0.550689697265625,0.7601172924041748,0.24615658819675446,0.2724705636501312,0.22625671609397296,-0.5635792393446575,0.7944723654112008,5,1.0,OPEN_PALM
1.892061654060949,2.0648147313566616,2.0393654790729885,1.8746607400685364,1.2386262811022408,1.0335764052881256,1.0335764052881256,0.34922137381829893,1.0,1.0,1.0,1.0,1.0,0.5793001055717468,0.7835238575935364,0.32109591364860535,0.24821144342422485,0.3409345771401633,-0.42060387938223026,0.8407472811486675,5,1.0,OPEN_PALM
1.9185858175109036,2.0154559474864215,2.004090452867623,1.8715600847903553,1.25027903168776,1.1352665846239547,1.1352665846239547,0.34365255273806644,1.0,1.0,1.0,1.0,1.0,0.6497224569320679,0.7685798406600952,0.40101075172424316,0.22799155116081238,0.21896775321426562,-0.38480629893884577,0.8966477766376739,5,1.0,OPEN_PALM
1.9153962947191259,2.031316448298129,2.0123673603727026,1.8865651849106941,1.2362535458612787,1.171741435413026,1.171741435413026,0.32960730204626215,1.0,1.0,1.0,1.0,1.0,0.6573559045791626,0.789923369884491,0.40092039108276367,0.27935269474983215,0.2156748087559178,-0.40084063669260467,0.8903994389283754,5,1.0,OPEN_PALM
1.9426101451392028,2.070656127802265,2.069668716117938,1.9445967336489711,1.2552801001230711,1.1788694408732732,1.1788694408732732,0.33630124926780447,1.0,1.0,1.0,1.0,1.0,0.6477953195571899,0.8287495374679565,0.38828736543655396,0.3110373616218567,0.24450603360116943,-0.4485822044142106,0.8596457441385441,5,1.0,OPEN_PALM
2.028547403954117,2.138148780748559,2.097513513954111,1.7922237635645428,1.2696808929030006,1.393468587278233,1.393468587278233,0.33207028217749374,1.0,1.0,1.0,1.0,1.0,0.6591331958770752,0.8461704254150391,0.3862576484680176,0.3276577293872833,0.19758713072607723,-0.5701849837548727,0.797401034656898,5,1.0,OPEN_PALM
1.9915064953662318,2.1115388465871674,2.1076904945410186,1.8581973865029517,1.2674608685551803,1.3399131772675668,1.3399131772675668,0.34142517008967915,1.0,1.0,1.0,1.0,1.0,0.6574549078941345,0.8810734748840332,0.3790537118911743,0.3612702488899231,0.28155418115917374,-0.5543709622386784,0.783198620592726,5,1.0,OPEN_PALM
2.048973562129777,2.1664623403661616,2.1510407185214464,1.8503979828699921,1.2692541115195068,1.485208018101414,1.485208018101414,0.3199456053979744,1.0,1.0,1.0,1.0,1.0,0.678835391998291,0.9115198850631714,0.42666542530059814,0.39882412552833557,0.2167990096906692,-0.5637712960210916,0.7969693313922712,5,1.0,OPEN_PALM
2.0398004951291497,2.165332451092662,2.1067237949575994,1.8373578772797416,1.2636175263728535,1.4445624258532987,1.4445624258532987,0.3049356126177805,1.0,1.0,1.0,1.0,1.0,0.6743344664573669,0.9659196734428406,0.43450766801834106,0.4718437194824219,0.15662574661916626,-0.49403959322212015,0.8552153271690767,5,1.0,OPEN_PALM
1.9397621691709828,2.070138360863892,2.0475773360578238,1.8589359200944489,1.2545703738112377,1.2716271656080005,1.2716271656080005,0.3210811126008295,1.0,1.0,1.0,1.0,1.0,0.5841473340988159,0.855222225189209,0.30507856607437134,0.37276196479797363,0.30146760272955514,-0.5090697644585742,0.8062042293479903,5,1.0,OPEN_PALM
