1.2548451159001115,2.030937780507247,1.9870463435447543,1.8485762282749651,1.2228439154903112,0.12912780779401214,0.12912780779401214,0.21033296125548787,1.0,1.0,1.0,1.0,1.0,0.72550368309021,0.6850482821464539,0.5402112007141113,0.5461204051971436,0.3990314811337544,-0.25829812828001225,0.879804497596622,5,1.0,PINCH
1.2635713798307726,1.9928866762884523,1.955799255477865,1.872060905489707,1.2201514409721899,0.1395049515397127,0.1395049515397127,0.2087864566762149,1.0,1.0,1.0,1.0,1.0,0.7504632472991943,0.6532265543937683,0.5823121070861816,0.4984336197376251,0.39011181364851183,-0.21124935350799445,0.8962067191749474,5,1.0,PINCH
1.2162369872085432,1.9964173301519095,1.935548036045935,1.8537519263863462,1.2158851233229566,0.15353628398303334,0.15353628398303334,0.217373859034436,1.0,1.0,1.0,1.0,1.0,0.7753068208694458,0.6066728830337524,0.6134119629859924,0.4431978762149811,0.35021894997524217,-0.1797562738226981,0.9192575096781196,5,1.0,PINCH
1.1620749105887365,2.037047056622096,2.0016259750935737,1.8764412934030736,1.212558141393996,0.1438391450894222,0.1438391450894222,0.25694441528635725,1.0,1.0,1.0,1.0,1.0,0.8063094019889832,0.6786233186721802,0.6182114481925964,0.5193261504173279,0.28785480054370327,-0.29037307412926056,0.9125914154892472,5,1.0,PINCH
1.0513120765031514,2.016242445326424,1.9214600992651336,1.8700087767650193,1.165398073270205,0.16891703473442599,0.16891703473442599,0.3041833195624679,1.0,1.0,1.0,1.0,1.0,0.8080495595932007,0.8790650367736816,0.6205450892448425,0.7166673541069031,0.26914100978989,-0.4083115150914133,0.8722641936323151,5,1.0,PINCH
1.0084934815759445,1.9954015054755865,1.936494566809976,1.862540062755803,1.1864461737941205,0.14945866111662315,0.14945866111662315,0.3055611439232117,1.0,1.0,1.0,1.0,1.0,0.789834201335907,0.8528101444244385,0.5938042998313904,0.7119033336639404,0.30642383487699215,-0.40756096876185066,0.8602316491278263,5,1.0,PINCH
0.9954036735066538,2.0287535027396437,1.9503842887457217,1.8521385159727963,1.1778669378683202,0.09850677924086994,0.09850677924086994,0.30659908742053943,1.0,1.0,1.0,1.0,1.0,0.7496557235717773,0.9345294237136841,0.5393606424331665,0.7857487201690674,0.5191884136722403,-0.36234757897050307,0.7740462667843038,5,1.0,PINCH
1.1730520232209571,2.1013683622939214,2.058451870423719,1.899579136794623,1.2388353442260405,0.1560113708490161,0.1560113708490161,0.30425277303165327,1.0,1.0,1.0,1.0,1.0,0.7492378950119019,0.992064356803894,0.5452023148536682,0.7702258229255676,0.6004824872648256,-0.2823298428763818,0.7481381171345611,5,1.0,PINCH
1.1833780414773292,2.0416015357962283,1.956690216137926,1.8660094395863631,1.2672625932886012,0.1341900830513275,0.1341900830513275,0.3096283798154232,1.0,1.0,1.0,1.0,1.0,0.7583034634590149,0.9684863686561584,0.572654128074646,0.7056385278701782,0.5732020003867736,-0.21532084775637508,0.7906177327090995,5,1.0,PINCH
1.179171245584813,2.0625524692307096,1.9754651949874413,1.8651618600109834,1.277011156466197,0.15055964491131463,0.15055964491131463,0.308921460592773,1.0,1.0,1.0,1.0,1.0,0.764022946357727,0.9455078840255737,0.569594144821167,0.6854372620582581,0.5956395557629286,-0.23497321792682707,0.7681152950356168,5,1.0,PINCH
1.2275639760713442,2.0620394452499626,1.9958214923979478,1.8529597515826177,1.251632021702078,0.10424113857412587,0.10424113857412587,0.3074796991968366,1.0,1.0,1.0,1.0,1.0,0.7565678358078003,0.9289253950119019,0.5516666173934937,0.671233057975769,0.5237523741564675,-0.26631743840360117,0.8091714729076944,5,1.0,PINCH
0.8934036993424732,1.8443002872418806,1.8117914974672389,1.8158784896852418,1.1060944077221913,0.2680931925669436,0.2680931925669436,0.3313116581138211,0.0,1.0,1.0,1.0,1.0,0.7200890779495239,0.8706331253051758,0.5494746565818787,0.6882836818695068,0.14227076250599727,-0.3005542338715132,0.9430939415762726,4,0.0,PINCH
1.0521120454378112,1.8607249986211523,1.836879747274584,1.8133976595828885,1.1546960274984643,0.2313079072918749,0.2313079072918749,0.31078751668122995,1.0,1.0,1.0,1.0,1.0,0.7069222331047058,0.8523347973823547,0.5123374462127686,0.6499914526939392,0.20187027259321585,-0.2982209316588603,0.9329054984100277,5,1.0,PINCH
1.1941468738279033,1.9226258986011107,1.869240700698332,1.8159835825998762,1.22924714760099,0.1054879019088156,0.1054879019088156,0.31266854320005627,1.0,1.0,1.0,1.0,1.0,0.7094883918762207,0.8646568059921265,0.4777858257293701,0.6262052655220032,0.33536132958164616,-0.2665261813634082,0.9036019993719967,5,1.0,PINCH
1.229229947759224,2.004212585256382,2.025026984242096,1.8105400104809304,1.2053226887348925,0.197746582024488,0.197746582024488,0.23111051227975205,1.0,1.0,1.0,1.0,1.0,0.7907729148864746,0.7363947629928589,0.5983685255050659,0.549385130405426,0.9194702937178908,-0.2688407353198193,0.28687808909541107,5,1.0,PINCH
1.2321938252012963,2.0117787450510782,1.9948309033940916,1.7830442860387692,1.2175905464575068,0.18530669834586724,0.18530669834586724,0.2231670192744382,1.0,1.0,1.0,1.0,1.0,0.7782027721405029,0.7223308682441711,0.5834140777587891,0.5477180480957031,0.9027935679030054,-0.30313289948719757,0.3050806762176958,5,1.0,PINCH
1.229980065207507,2.039134956820594,2.0212549886950377,1.7950956610197732,1.234588082264302,0.09481081453763607,0.09481081453763607,0.21265273496335402,1.0,1.0,1.0,1.0,1.0,0.7685214281082153,0.7107564210891724,0.5821486711502075,0.551101803779602,0.864847235812362,-0.3136381876046584,0.3920080942835005,5,1.0,PINCH
1.2969695684092564,1.9712569314891555,1.9402129801833132,1.7923066707016462,1.2344019648679232,0.10903403524441874,0.10903403524441874,0.2263434420402118,1.0,1.0,1.0,1.0,1.0,0.6596485376358032,0.7596608400344849,0.4768858850002289,0.5636915564537048,0.7098420425912944,-0.22997651419481624,0.6657590235878299,5,1.0,PINCH
1.2342331610490134,1.9510641931765689,1.9233301826094402,1.8177441792467688,1.2328672178558409,0.08651157711832357,0.08651157711832357,0.23089334203967105,1.0,1.0,1.0,1.0,1.0,0.6670507192611694,0.7624450922012329,0.485483855009079,0.5738762617111206,0.7139639399107793,-0.2477866446429714,0.6548719502648245,5,1.0,PINCH
1.2343320772240167,1.95780176805583,1.9306772935137853,1.8130250117893782,1.2353738713859188,0.08641722605597355,0.08641722605597355,0.23171788464435758,1.0,1.0,1.0,1.0,1.0,0.6671252250671387,0.765170693397522,0.4869404137134552,0.5751073956489563,0.7101501691830602,-0.23090794619387695,0.6651077037546601,5,1.0,PINCH
1.2534982255153277,1.9644771160338417,1.9183820257802282,1.7990532065055114,1.236183409252964,0.06231476897071813,0.06231476897071813,0.23057239747514172,1.0,1.0,1.0,1.0,1.0,0.6625425219535828,0.759756863117218,0.47890856862068176,0.5697627067565918,0.6648514252471139,-0.21530201458084244,0.7152745101457985,5,1.0,PINCH
1.2019016799270532,1.8656045610800338,1.867996276461418,1.7515867475935663,1.236872005474882,0.14316430448838385,0.14316430448838385,0.22437496808943308,1.0,1.0,1.0,1.0,1.0,0.5920842885971069,0.7062052488327026,0.40770280361175537,0.5305926203727722,0.8815490655013529,-0.20744766847155985,0.4240715858901715,5,1.0,PINCH
1.1504482094059616,1.9351723285333344,1.9360502426635189,1.8068396088716365,1.2374688692905136,0.12700691890541202,0.12700691890541202,0.24300931674208967,1.0,1.0,1.0,1.0,1.0,0.5234805345535278,0.6609699130058289,0.31055837869644165,0.5120446681976318,0.8075140322268023,-0.2783659922402515,0.5200321741209012,5,1.0,PINCH
1.1203565880338853,1.9353102533390492,1.9379611820570462,1.8028335803255247,1.2299770076436847,0.17493339596769986,0.17493339596769986,0.2539813504766021,1.0,1.0,1.0,1.0,1.0,0.478201687335968,0.6645756363868713,0.25696679949760437,0.516929566860199,0.865662107212946,-0.32207696434386046,0.3832695463700263,5,1.0,PINCH
1.1281174553225957,1.953715682746071,2.0044061880511164,1.8789659884000858,1.2204632830562148,0.11368846544349176,0.11368846544349176,0.23155537735661733,1.0,1.0,1.0,1.0,1.0,0.49165308475494385,0.6171042919158936,0.2469494342803955,0.6110578179359436,0.6991178509308866,-0.6104022176167396,0.3723484433139811,5,1.0,PINCH
1.1117456586902454,1.9476157517008328,2.000952488531072,1.8734224016295533,1.1455574996526574,0.0805477159580669,0.0805477159580669,0.22753076799650437,1.0,1.0,1.0,1.0,1.0,0.497152715921402,0.5991841554641724,0.2625291347503662,0.6144332885742188,0.6289710743645887,-0.6281657104661363,0.45804282311507666,5,1.0,PINCH
1.0270796489518568,1.8974708254279384,1.9881833743852162,1.8771796167467996,1.019802812799433,0.07701833300306116,0.07701833300306116,0.2125175244427418,1.0,1.0,1.0,1.0,1.0,0.5439589619636536,0.6138544678688049,0.3384128212928772,0.5713329911231995,0.49445578130278023,-0.5555457096898481,0.6684926662136694,5,1.0,PINCH
1.1493157554439128,1.8614078631539048,1.8538118856816483,1.7261421673784891,1.1929861912230293,0.08900982994898267,0.08900982994898267,0.2208867982308221,1.0,1.0,1.0,1.0,1.0,0.5828199982643127,0.7071360349655151,0.4336310029029846,0.5214604735374451,0.7966808456112613,-0.02860877213319524,0.6037227578890467,5,1.0,PINCH
1.254414398773478,1.8700780951605434,1.8663577746938977,1.7267913909191817,1.1624793552228174,0.17389692463883716,0.17389692463883716,0.2099341229109063,1.0,1.0,1.0,1.0,1.0,0.5877700448036194,0.736185610294342,0.5051729083061218,0.5027669072151184,0.5255091884973496,0.11667546078826423,0.8427496245354865,5,1.0,PINCH
1.3707552322809284,1.853946167979589,1.873296904505516,1.766811756751057,1.1575064164543905,0.23158799589148274,0.23158799589148274,0.19198471315338,1.0,1.0,1.0,1.0,1.0,0.622619092464447,0.7416670322418213,0.6150222420692444,0.4887411594390869,0.3149982191138437,0.18425253656902563,0.9310355120633084,5,1.0,PINCH
1.4633648648363327,1.9088591488517905,1.906957645389167,1.8016679813551455,1.170423066963131,0.28721852981493384,0.28721852981493384,0.19850431272966737,1.0,1.0,1.0,1.0,1.0,0.6449691653251648,0.7477037310600281,0.6785390973091125,0.4645816385746002,0.30839891511296125,0.261416683476699,0.9146318531284552,5,1.0,PINCH
1.450972464418266,1.8502759367976827,1.8672768509251478,1.744548942290762,1.1426146118756553,0.22875311877410612,0.22875311877410612,0.23105937517522587,1.0,1.0,1.0,1.0,1.0,0.648932158946991,0.7300140261650085,0.6552379131317139,0.4025578498840332,0.48725485208501834,0.33660700569410174,0.8057781536113137,5,1.0,PINCH
1.3119363092828267,1.8888529125679259,1.8936357534907604,1.7660293304366972,1.1437683460919303,0.1573591950352532,0.1573591950352532,0.25268149740064166,1.0,1.0,1.0,1.0,1.0,0.6459813117980957,0.7062901258468628,0.5774948596954346,0.3909328877925873,0.6618792787953944,0.10342761161190617,0.7424409400467793,5,1.0,PINCH
1.144864531779329,1.9860240272089649,1.9595440121175904,1.83372535195133,1.1661651230587804,0.14957990199277177,0.14957990199277177,0.26124949347130694,1.0,1.0,1.0,1.0,1.0,0.6698670387268066,0.6927717328071594,0.5250392556190491,0.4512850046157837,0.5344507458767108,-0.1291677434038032,0.835271269885297,5,1.0,PINCH
1.1757683446225125,1.9076832047594938,1.929799050569692,1.8252523534721303,1.1864335747579402,0.23184247521413023,0.23184247521413023,0.25520360135250064,1.0,1.0,1.0,1.0,1.0,0.6741991639137268,0.6906481981277466,0.5395474433898926,0.4381871819496155,0.577335169707455,-0.09437178609379848,0.8110351828424772,5,1.0,PINCH
1.3401125360230717,1.4693595554817613,1.5612736353849461,1.5837402669172231,1.2176515175271263,0.30052661618640775,0.30052661618640775,0.20883706310597633,1.0,1.0,1.0,1.0,1.0,0.7163683176040649,0.6509321331977844,0.5743876099586487,0.4231512248516083,0.443354652578282,0.011864058316550952,0.8962677591866465,5,1.0,PINCH
1.4247852161066132,1.4802582203690415,1.5091711682925262,1.523173592221614,1.2185268320208265,0.36120613254328915,0.36120613254328915,0.194935317506058,1.0,1.0,1.0,1.0,1.0,0.7251712679862976,0.6206219792366028,0.5864558815956116,0.39006465673446655,0.46061579800861235,0.029492520157846307,0.8871095072648181,5,1.0,PINCH
1.415277832473592,1.4568888381922152,1.491273216847391,1.5017263691193625,1.2175407607879578,0.37428633763797875,0.37428633763797875,0.19477196404178135,1.0,1.0,1.0,1.0,1.0,0.7266663908958435,0.6158143877983093,0.5870555639266968,0.3900412619113922,0.4450136176235758,0.027473001288632354,0.8951022926625608,5,1.0,PINCH
1.4668164950587756,1.5223744967671853,1.5361671297242094,1.5070509745093352,1.2256746487748627,0.40748789554923276,0.40748789554923276,0.18505661615153127,1.0,1.0,1.0,1.0,1.0,0.7287390232086182,0.6018291115760803,0.590227484703064,0.3811626434326172,0.4242596051901626,0.045470849973881254,0.9043982470165121,5,1.0,PINCH
1.077824924732305,1.794543366829879,1.7460935066774221,1.6213322824689573,1.168769332943371,0.37032006607564527,0.37032006607564527,0.2129736572635712,1.0,1.0,1.0,1.0,1.0,0.7177446484565735,0.7043559551239014,0.640884518623352,0.506136953830719,0.25387867454880836,0.11102752573576383,0.9608426026870033,5,1.0,PINCH
1.3825659415872802,1.9460594116145948,1.9406674661935575,1.6711020042413485,1.232042959801882,0.08352770541852333,0.08352770541852333,0.23027783517299846,1.0,1.0,1.0,1.0,1.0,0.7717903852462769,0.8378084897994995,0.7552038431167603,0.5140302181243896,0.8794243911082038,0.420956778189578,0.22227939900093174,5,1.0,PINCH
1.3703912141074406,2.1054572873776145,2.040232363011799,1.6833149578517574,1.2169540266748768,0.055184974418589876,0.055184974418589876,0.24647667770044188,1.0,1.0,1.0,1.0,1.0,0.6768779158592224,0.9101245999336243,0.627708375453949,0.5840831995010376,0.9203190543954605,0.2865253144591778,0.2663007365568387,5,1.0,PINCH
1.0664863224192798,1.7456927501239632,1.8156723962330916,1.7239222702441028,1.1511145844063957,0.219516498147497,0.219516498147497,0.15397586500129043,1.0,1.0,1.0,1.0,1.0,0.6920146346092224,0.6570714712142944,0.5720139741897583,0.5680293440818787,0.31223129755206264,-0.22859004102042846,0.9220944691164968,5,1.0,PINCH
1.0823631213636746,1.798856335617223,1.8153821934563719,1.7399426455571716,1.1185017275179896,0.22974432740807896,0.22974432740807896,0.13264256889434786,1.0,1.0,1.0,1.0,1.0,0.6769170761108398,0.6323906183242798,0.5704963207244873,0.5599972605705261,0.25200646404666965,-0.2170692519029024,0.9430661068859431,5,1.0,PINCH
0.9451629527797272,1.571587359491499,1.6211437622546538,1.5943298847228904,1.1156585993047063,0.2997545541680816,0.2997545541680816,0.15701447727042334,1.0,1.0,1.0,1.0,1.0,0.7624644637107849,0.6756597757339478,0.6479876041412354,0.5960285663604736,0.2898736527919099,-0.16866885409935467,0.9420849659525864,5,1.0,PINCH
1.0826882587172963,1.4744314263592504,1.6210311713868644,1.6627311658235935,1.1498611561671015,0.2640173691024181,0.2640173691024181,0.15766720119476416,1.0,1.0,1.0,1.0,1.0,0.7526842951774597,0.6781227588653564,0.6345306634902954,0.5678693652153015,0.3025364133079129,-0.17810325512347921,0.9363498006285924,5,1.0,PINCH
1.148390754613406,1.7171310147778474,1.7416720889240533,1.7030093569918472,1.1669145740084466,0.2966175206239323,0.2966175206239323,0.16985358744362183,1.0,1.0,1.0,1.0,1.0,0.7457728385925293,0.6747012138366699,0.6576729416847229,0.5110971927642822,0.4284476210405704,-0.018945121708121068,0.9033679861430448,5,1.0,PINCH
1.2677092637024685,1.8056263715803493,1.8027506152533372,1.7064183169191809,1.1648461809379893,0.2987170062614005,0.2987170062614005,0.17035369234573836,1.0,1.0,1.0,1.0,1.0,0.709553062915802,0.662061333656311,0.6151326894760132,0.48073697090148926,0.430381259050677,-0.020709467378715256,0.902409602020526,5,1.0,PINCH
1.252628983594656,1.9242222900712498,1.8635474966569603,1.8755120661858156,1.240778885623931,0.22527503536157673,0.22527503536157673,0.1863702845705142,1.0,1.0,1.0,1.0,1.0,0.6948235630989075,0.7681146264076233,0.634218692779541,0.5531538724899292,0.4601918428639234,0.03844388527846108,0.8869867729826655,5,1.0,PINCH
1.1775565372876327,1.9796315597511338,1.9088987552673573,1.7760439991830128,1.2013972133682123,0.11569298403573301,0.11569298403573301,0.1871480193004122,1.0,1.0,1.0,1.0,1.0,0.7083020806312561,0.7479024529457092,0.5796698927879333,0.5983777046203613,0.42165551672858514,-0.20306945520758893,0.8837247431038936,5,1.0,PINCH
1.1782202737666239,2.023408559347372,2.026197249172897,1.885251335931996,1.2370118446132867,0.14650600426933943,0.14650600426933943,0.21358175116258016,1.0,1.0,1.0,1.0,1.0,0.7522394061088562,0.8277318477630615,0.5909916162490845,0.6856697797775269,0.576695234965654,-0.32730702826034264,0.7485270303865401,5,1.0,PINCH
1.1953327928583333,2.0397982752231054,2.0193909308277447,1.860831035014696,1.2299386756034134,0.13923984737688733,0.13923984737688733,0.21636431306950915,1.0,1.0,1.0,1.0,1.0,0.7536351680755615,0.8315725326538086,0.5837957859039307,0.6861698627471924,0.5553614229888775,-0.3153802425282854,0.7694861873214938,5,1.0,PINCH
1.1837223008483089,2.020765719804137,2.0202709061042343,1.8692278382744387,1.2470329595820129,0.1393603205413419,0.1393603205413419,0.219895901193776,1.0,1.0,1.0,1.0,1.0,0.7636745572090149,0.8438758850097656,0.5952810645103455,0.6981128454208374,0.5394412990178662,-0.33610250027253147,0.7720350990884223,5,1.0,PINCH
1.2326600197101272,2.0229338353599347,1.9894249756475533,1.825647908575405,1.2296498950979657,0.2009666251747015,0.2009666251747015,0.24405242423997978,1.0,1.0,1.0,1.0,1.0,0.7937178015708923,0.9218081831932068,0.6018874049186707,0.7481400966644287,0.5923382508070593,-0.32622378028347193,0.7366908726245999,5,1.0,PINCH
1.248419921000521,2.023753562917119,2.003594774113772,1.822822761985315,1.2121319345745007,0.1998391262791044,0.1998391262791044,0.24522943929707733,1.0,1.0,1.0,1.0,1.0,0.7980153560638428,0.9252429008483887,0.5995963215827942,0.7471960783004761,0.5787075977347146,-0.3279372069513732,0.7466958581785812,5,1.0,PINCH
1.1153934001892476,1.8983175201486582,1.9474318998884623,1.8085837289585966,1.1598291248640318,0.10233585381501266,0.10233585381501266,0.25988826301133977,1.0,1.0,1.0,1.0,1.0,0.8490167856216431,0.9235677719116211,0.6814522743225098,0.7152044773101807,0.5315803857967738,-0.2219687986216125,0.8174057412782413,5,1.0,PINCH
1.0929680616079323,1.866610180405188,1.9239340164418333,1.7757131264314898,1.1685726648360428,0.1341704836085489,0.1341704836085489,0.24591619681007013,1.0,1.0,1.0,1.0,1.0,0.8229027986526489,0.869082510471344,0.6569257974624634,0.6808357238769531,0.5087703394191737,-0.22884259200711107,0.829930002958542,5,1.0,PINCH
1.0472600169210378,1.8489910176583997,1.90498849435694,1.786794206276494,1.1717298990914302,0.09068534155935871,0.09068534155935871,0.24931674158183934,1.0,1.0,1.0,1.0,1.0,0.821163535118103,0.8678697347640991,0.657231867313385,0.6913914084434509,0.5106740175705775,-0.2505845829437633,0.8224472108100469,5,1.0,PINCH
1.0620057554282247,1.8503022673890557,1.8993001591583698,1.8225324831973766,1.1589760814177448,0.1663803931355126,0.1663803931355126,0.24593181405874673,1.0,1.0,1.0,1.0,1.0,0.7876756191253662,0.7242719531059265,0.6061707139015198,0.5645371079444885,0.4472303362511723,-0.24012884825182612,0.861581779388303,5,1.0,PINCH
1.0636363464527518,1.8197414541822352,1.846763019440711,1.8044800278810202,1.1702038629778861,0.1876814544635874,0.1876814544635874,0.2511626608446836,1.0,1.0,1.0,1.0,1.0,0.7553166747093201,0.6607247591018677,0.5660160779953003,0.4980473518371582,0.47309043325129835,-0.18032780184724495,0.8623614821216447,5,1.0,PINCH
1.1709020584774865,1.894510139136606,1.8551466195335164,1.820464479165486,1.1975679013256921,0.21600459012849563,0.21600459012849563,0.2468347184865782,1.0,1.0,1.0,1.0,1.0,0.7350521087646484,0.6036275029182434,0.5744529962539673,0.3964904844760895,0.45486724071101253,-0.11843112166160288,0.882649343029226,5,1.0,PINCH
1.2426667172304575,1.9308288731507202,1.8534489837783088,1.850027577544696,1.2116686576073585,0.1856147260909292,0.1856147260909292,0.24588369331150556,1.0,1.0,1.0,1.0,1.0,0.7396923303604126,0.5925885438919067,0.5798667073249817,0.36890077590942383,0.43898080263387523,-0.12762150210604106,0.8893866465824166,5,1.0,PINCH
1.089258067457008,1.8843432736421983,1.903265610519838,1.8561151049858011,1.2662156434525598,0.25109937093392,0.25109937093392,0.2201372106323932,1.0,1.0,1.0,1.0,1.0,0.739334225654602,0.6073521375656128,0.6084152460098267,0.4267042279243469,0.7158805506933582,-0.1284330382140262,0.686308962373426,5,1.0,PINCH
1.179468463887545,1.997291513267804,1.9522430098257044,1.832500349111644,1.23890892833106,0.12116303915917566,0.12116303915917566,0.18283126403963212,1.0,1.0,1.0,1.0,1.0,0.7254739999771118,0.6261030435562134,0.5805531740188599,0.5022997260093689,0.5123525857617321,-0.26946857113845024,0.8154026717100386,5,1.0,PINCH
1.1324411879209624,1.9997967124305702,1.918672840464594,1.7502776678299852,1.167714667436354,0.15319886960207793,0.15319886960207793,0.18145761934774862,1.0,1.0,1.0,1.0,1.0,0.7076234817504883,0.6186383366584778,0.5645594000816345,0.5135263800621033,0.31235410846626316,-0.26234485736713253,0.9130225006741427,5,1.0,PINCH
1.0913716008960468,1.913664846359307,1.854854436382594,1.6877358777621763,1.204139426545617,0.14760291337411297,0.14760291337411297,0.17692577193077622,1.0,1.0,1.0,1.0,1.0,0.6774025559425354,0.6342292428016663,0.5258800983428955,0.5318531394004822,0.6687692111454907,-0.24960292142279075,0.7003185873879445,5,1.0,PINCH
1.105634441317651,1.6209416629006832,1.6276262478670462,1.6060429085756278,1.2146397054730815,0.1308176607525095,0.1308176607525095,0.1723101970298913,1.0,1.0,1.0,1.0,1.0,0.6993526816368103,0.6484154462814331,0.5610655546188354,0.5383803844451904,0.5285302120061586,-0.26712256776435944,0.8057923732498964,5,1.0,PINCH
1.0936601930941903,1.7679392039838637,1.795375321464702,1.6236845333443342,1.1879759258543392,0.18089825203336055,0.18089825203336055,0.17826908290016102,1.0,1.0,1.0,1.0,1.0,0.70701664686203,0.6353499293327332,0.5632228255271912,0.5304842591285706,0.5050678685248007,-0.2972901522378318,0.8102623115795411,5,1.0,PINCH
1.0711134315474191,1.8271393008623917,1.9147063761111958,1.7960849856077266,1.2040501647379531,0.07451572534560139,0.07451572534560139,0.17710234402136343,1.0,1.0,1.0,1.0,1.0,0.7009422779083252,0.6382526755332947,0.5558391809463501,0.5831153392791748,0.23846698225435478,-0.35095634405304993,0.9055181626800308,5,1.0,PINCH
1.2025541631862344,1.8687722159687479,1.914669701097419,1.8233185475422993,1.2179534835921535,0.26073636204714606,0.26073636204714606,0.1746341385894404,1.0,1.0,1.0,1.0,1.0,0.6995000243186951,0.6372144222259521,0.5490026473999023,0.5363005995750427,0.23344676084373453,-0.29483249488026014,0.9265939832603326,5,1.0,PINCH
1.1390082046844459,1.8612338081873296,1.8793772703063658,1.7892727722005894,1.178379717829249,0.17365697559425955,0.17365697559425955,0.17710973525916052,1.0,1.0,1.0,1.0,1.0,0.7012167572975159,0.6397479176521301,0.5523335337638855,0.5452825427055359,0.2783022306658255,-0.26792106786812775,0.9223698660509394,5,1.0,PINCH
1.4883216248444526,1.996275109663553,1.9635003097024115,1.7575378153239531,1.2053121168449192,0.6055447283550585,0.6055447283550585,0.17777865226651945,1.0,1.0,1.0,1.0,1.0,0.7065989375114441,0.631409764289856,0.5624859929084778,0.45653706789016724,0.32920234254536146,-0.29149737416069804,0.8981397989845815,5,1.0,PINCH
1.383968013893149,2.0279149894660375,1.949999686836333,1.7911679993267504,1.2281842093920559,0.3122490134499269,0.3122490134499269,0.1804942734833643,1.0,1.0,1.0,1.0,1.0,0.7116982340812683,0.6618155241012573,0.5749417543411255,0.5026180148124695,0.1744796056304657,-0.2683839050656513,0.9473789879033356,5,1.0,PINCH
1.0955063649497812,1.8473561562876926,1.8668890713720323,1.8277678532107842,1.1886465117889962,0.198999150253361,0.198999150253361,0.17805476049291477,1.0,1.0,1.0,1.0,1.0,0.693105936050415,0.6287919282913208,0.573635458946228,0.5038564205169678,0.30519568461284946,-0.17241349149643256,0.9365517508625477,5,1.0,PINCH
1.2357172456560035,1.9517776393888073,1.8939965344201808,1.8178338818748332,1.2581935295737963,0.1845418606842853,0.1845418606842853,0.18470171121736448,1.0,1.0,1.0,1.0,1.0,0.6936846375465393,0.6475867033004761,0.5691023468971252,0.48237961530685425,0.4224420941454546,-0.09410143505257786,0.9014918729611755,5,1.0,PINCH
1.265012791522703,1.8921213506697792,1.8278861263587123,1.7625620974820948,1.2495559018841689,0.15560561865806363,0.15560561865806363,0.18577105497391233,1.0,1.0,1.0,1.0,1.0,0.6982772350311279,0.653428316116333,0.5903403759002686,0.46683552861213684,0.3891949161592904,-0.052577389988314155,0.9196537040091665,5,1.0,PINCH
1.280858832694248,1.9168866526825943,1.8529563732778496,1.7913386167980792,1.2365750729132494,0.10802169727872267,0.10802169727872267,0.18384516922343225,1.0,1.0,1.0,1.0,1.0,0.6975630521774292,0.6505722999572754,0.5875403881072998,0.46602386236190796,0.39873919979435635,-0.07380292832941095,0.9140898086716426,5,1.0,PINCH
1.1424798340155693,2.0061124669075805,1.9705876606168709,1.7483876408099908,1.238684496202636,0.23967773329663122,0.23967773329663122,0.1745537240629572,1.0,1.0,1.0,1.0,1.0,0.7438995838165283,0.6814920902252197,0.6810481548309326,0.5090682506561279,0.30836030958876814,-0.0415322893298362,0.9503625562980381,5,1.0,PINCH
1.0083375993391135,1.9418811056720138,1.8736729098919904,1.75795178703205,1.2174152350765286,0.3309800132560713,0.3309800132560713,0.18248255257999096,1.0,1.0,1.0,1.0,1.0,0.7282435894012451,0.7195329666137695,0.6758770942687988,0.5548912286758423,0.3332323302335805,-0.0485061253513855,0.9415961819646964,5,1.0,PINCH
1.1493538132805516,1.940764482681511,1.931824689056902,1.6269385574798985,1.2124628784190636,0.14330129610413667,0.14330129610413667,0.19130827417028493,1.0,1.0,1.0,1.0,1.0,0.7057344317436218,0.6848354935646057,0.5967682003974915,0.5195222496986389,0.39739318718433186,-0.21633721885467472,0.8917829682819151,5,1.0,PINCH
0.9959471580935573,1.881932013797145,1.8913477635449312,1.763486460978383,1.1378986106047886,0.12752107213325345,0.12752107213325345,0.17366510382075676,1.0,1.0,1.0,1.0,1.0,0.6788264513015747,0.6231759786605835,0.5342956781387329,0.5726311802864075,0.2845396997637712,-0.33310061755619763,0.8989333333690672,5,1.0,PINCH
1.3363902810848272,2.0265361931289454,2.067616332356314,1.733443239646091,1.2393459560165725,0.34314557924960315,0.34314557924960315,0.15566668087318777,1.0,1.0,1.0,1.0,1.0,0.6971536874771118,0.6555542945861816,0.5384572744369507,0.6563234329223633,0.6060146320662203,-0.7331927769678216,0.3085038371298773,5,1.0,PINCH
1.5543644736101185,1.1521534941474694,1.2840590231335285,1.426976264254347,1.2674324400666206,0.9127884912319891,0.9127884912319891,0.12828282032306873,1.0,1.0,1.0,1.0,1.0,0.670577883720398,0.6970750093460083,0.5657681226730347,0.5340577363967896,0.7153528418420837,-0.06852590040266766,-0.6953952204627656,5,1.0,PINCH
1.1064410321509714,2.0637762785638847,2.047179659316335,1.7429008636147454,1.19161068201499,0.08548194012032516,0.08548194012032516,0.17514351868817657,1.0,1.0,1.0,1.0,1.0,0.713575005531311,0.713827908039093,0.5791310667991638,0.644036054611206,0.4511219293815577,-0.4669345625986349,0.7605663147167919,5,1.0,PINCH
1.1818688394529366,1.970015197700479,1.960995085744091,1.7513058475129697,1.219377986090126,0.18211416467340436,0.18211416467340436,0.18470200279920143,1.0,1.0,1.0,1.0,1.0,0.7197308540344238,0.735526442527771,0.577932596206665,0.6198520064353943,0.3027157760197163,-0.32034496457548317,0.8976314737239962,5,1.0,PINCH
1.1420637600342358,1.8780754518759744,1.8642953505702078,1.7770689648670552,1.1516409715889528,0.21351941276492642,0.21351941276492642,0.17669808160472983,1.0,1.0,1.0,1.0,1.0,0.7298328280448914,0.7565416097640991,0.6029562950134277,0.6284404993057251,0.22262243507268498,-0.1475025212462549,0.9636816163174985,5,1.0,PINCH
1.042049353554529,1.8271644339015864,1.8618715947225764,1.7705137759489549,1.1985472168337206,0.19359416357497775,0.19359416357497775,0.18980646849806093,1.0,1.0,1.0,1.0,1.0,0.7259848117828369,0.7727807760238647,0.628987193107605,0.6170739531517029,0.33579068026567543,-0.15665516706104843,0.9288184847858004,5,1.0,PINCH
1.2315309283017728,1.9251706765388974,1.9113913135956264,1.6145009556366348,1.1925499600842315,0.1877454581406375,0.1877454581406375,0.19775214814010647,1.0,1.0,1.0,1.0,1.0,0.7042720317840576,0.795501172542572,0.6222355365753174,0.5796737670898438,0.5243433367018683,-0.043970312440179606,0.8503709054761128,5,1.0,PINCH
1.054529438839768,1.9198781703093082,1.8763521319282634,1.778370067202546,1.192094346207312,0.1626534230663766,0.1626534230663766,0.19163552895690034,1.0,1.0,1.0,1.0,1.0,0.7014533281326294,0.7413985133171082,0.5771843194961548,0.6243253946304321,0.16287909609926376,-0.2377819473668821,0.9575646952348963,5,1.0,PINCH
1.1849578971570722,1.8921665313468268,1.8712866896397442,1.7606901787284113,1.195120665177565,0.185486874472245,0.185486874472245,0.1937152705593807,1.0,1.0,1.0,1.0,1.0,0.6609640717506409,0.6920201182365417,0.4995420575141907,0.5639837384223938,0.4700079742337577,-0.18527989033746775,0.8629970257151616,5,1.0,PINCH
1.0833322170837916,1.9246984859668386,1.8785753521758555,1.808098822798555,1.1631215685453922,0.1214264378127323,0.1214264378127323,0.2157736783597314,1.0,1.0,1.0,1.0,1.0,0.697830080986023,0.7195180058479309,0.525680422782898,0.6082385778427124,0.3004474931964651,-0.2491263625428323,0.9206885245934898,5,1.0,PINCH
1.3819717183779654,1.9121145153983146,1.9132836651683895,1.69786060044216,1.1861361048851602,0.21294990279704734,0.21294990279704734,0.24940728816506327,1.0,1.0,1.0,1.0,1.0,0.8208643198013306,0.8157848119735718,0.6727790832519531,0.538655161857605,0.3063368196427243,-0.14349573997519235,0.9410455491314715,5,1.0,PINCH
1.1062643005625308,1.8447454578472582,1.825877462322227,1.623559110505583,1.1481776865593507,0.0640297294541681,0.0640297294541681,0.257031012158204,1.0,1.0,1.0,1.0,1.0,0.8181058168411255,0.8422829508781433,0.658277153968811,0.6430444717407227,0.40829315174419273,-0.22075473097430517,0.8857562029087099,5,1.0,PINCH
1.0916068579905744,1.8997727850902462,1.811899857013827,1.8258426157967693,1.1639389120702124,0.14278936168133538,0.14278936168133538,0.2260514233094665,1.0,1.0,1.0,1.0,1.0,0.7762800455093384,0.7465435862541199,0.5892502069473267,0.6551320552825928,0.11295181032940364,-0.2687113586130685,0.9565751900899527,5,1.0,PINCH
1.1223177932240802,1.7958767964620461,1.7518628916784384,1.755901025749372,1.1865062499775019,0.23877612144504448,0.23877612144504448,0.23541249109745108,1.0,1.0,1.0,1.0,1.0,0.7702592611312866,0.7417437434196472,0.5962526202201843,0.5792304277420044,0.36847238304074137,-0.15435108778897175,0.9167354278278103,5,1.0,PINCH
1.1781855277298559,1.8771956625301152,1.831049990743151,1.8554032990188818,1.1768441842392574,0.15315926639404706,0.15315926639404706,0.22853981917523622,1.0,1.0,1.0,1.0,1.0,0.6677666902542114,0.6239811182022095,0.46665364503860474,0.49964338541030884,0.37290170684287854,-0.2376155208170646,0.8969298642037197,5,1.0,PINCH
1.2592541012049396,1.8104603144552203,1.723006961740035,1.846698404170324,1.1770103503348877,0.2543403975264349,0.2543403975264349,0.23309582615495197,1.0,1.0,1.0,1.0,1.0,0.6572368741035461,0.554740846157074,0.44385266304016113,0.41031476855278015,0.37696840653894026,-0.1078318350511327,0.9199277775026675,5,1.0,PINCH
1.0747218357411255,1.8221520827394282,1.78915859216174,1.8139116315273611,1.202899049151061,0.11279049725954961,0.11279049725954961,0.24521060746201856,1.0,1.0,1.0,1.0,1.0,0.6420153379440308,0.6062706112861633,0.45802170038223267,0.45246896147727966,0.6984827531775606,-0.17909487261507448,0.6928541477948191,5,1.0,PINCH
1.1628291063477025,1.9902581948429507,1.9731765834999209,1.7058072678859504,1.1832528226501962,0.16252429820731085,0.16252429820731085,0.2492397991889206,1.0,1.0,1.0,1.0,1.0,0.6912053227424622,0.6851089000701904,0.5339801907539368,0.4793919026851654,0.4948778744893925,-0.1360204595223552,0.8582507348859005,5,1.0,PINCH
1.1904821359876452,1.9917515313784822,2.0121933447103966,1.751493001980561,1.2044541176194326,0.16604918810596092,0.16604918810596092,0.2405179761458155,1.0,1.0,1.0,1.0,1.0,0.6583874225616455,0.7032451629638672,0.46463799476623535,0.5461791753768921,0.367954877184519,-0.24131526629523778,0.897984493523682,5,1.0,PINCH
1.1740585969088704,1.9839444538440132,1.9416834343773766,1.7501307689933168,1.203241333738226,0.15468362905705432,0.15468362905705432,0.24551848213410973,1.0,1.0,1.0,1.0,1.0,0.6229676604270935,0.7063591480255127,0.4102875590324402,0.5664705634117126,0.4418434962729164,-0.26644272872807834,0.8566111119459406,5,1.0,PINCH
1.230902530193778,1.9092055519510196,2.0610565219402597,1.7739051083757722,1.2126418822221254,0.2033854763877204,0.2033854763877204,0.2423659712553999,1.0,1.0,1.0,1.0,1.0,0.525567889213562,0.7300741076469421,0.2582071125507355,0.604180097579956,0.7932962649641998,-0.5691740765434925,0.21615250769933902,5,1.0,PINCH
1.2651777895033292,1.8037652679459728,1.928366634323053,1.8980738757418203,1.2285781233745323,0.15400818844102276,0.15400818844102276,0.23283459082151683,1.0,1.0,1.0,1.0,1.0,0.4511638879776001,0.7163304090499878,0.17267625033855438,0.6285157203674316,0.7792742636406297,-0.6038451926190601,0.16763831715393868,5,1.0,PINCH
1.275580665863503,1.7998426971652388,1.9305003159730827,1.8983227128121831,1.2274098167561716,0.18527972520538447,0.18527972520538447,0.23220726215201037,1.0,1.0,1.0,1.0,1.0,0.44947192072868347,0.715690553188324,0.17334593832492828,0.6232354640960693,0.7878274866219243,-0.5956508037307559,0.1566140840980986,5,1.0,PINCH
1.2750890766676504,2.0924139122367356,2.1384533180608103,1.9529745612955025,1.2039483547012109,0.17776265883833672,0.17776265883833672,0.23403474722744466,1.0,1.0,1.0,1.0,1.0,0.4374121427536011,0.7057644724845886,0.16197863221168518,0.6159327626228333,0.79156363853602,-0.5912791448399437,0.1543242658332198,5,1.0,PINCH
1.2409905850909526,1.9905833997590046,2.0888808416337024,1.9329573075704374,1.2015675160786223,0.18074219601740948,0.18074219601740948,0.24451798996434404,1.0,1.0,1.0,1.0,1.0,0.4452364444732666,0.7075693607330322,0.16975069046020508,0.6057071089744568,0.8048808697737362,-0.5680163779287932,0.17182601629825525,5,1.0,PINCH
1.2263873277959632,2.049116066190234,2.1364400221713904,1.9383065373474881,1.204462311504846,0.0915732914704628,0.0915732914704628,0.2463695210735609,1.0,1.0,1.0,1.0,1.0,0.45956116914749146,0.7057634592056274,0.1768084466457367,0.6052661538124084,0.808104076923843,-0.5731829032888357,0.13575404316794698,5,1.0,PINCH
1.2213201009146093,1.9784327482672868,2.0846191033564754,1.9103251943870494,1.2085879174971608,0.13014336493149764,0.13014336493149764,0.2515679208320766,1.0,1.0,1.0,1.0,1.0,0.46023499965667725,0.706688404083252,0.17395849525928497,0.5983263850212097,0.7908170283643958,-0.583447084696186,0.18492681527682264,5,1.0,PINCH
1.2249312164679842,1.9419136740967144,2.074162407301532,1.8986442619121104,1.2371282489009148,0.08691537709594725,0.08691537709594725,0.2508499544922865,1.0,1.0,1.0,1.0,1.0,0.46606847643852234,0.707478940486908,0.18222439289093018,0.6094692349433899,0.7796267937787797,-0.5900793383592812,0.20973420527823547,5,1.0,PINCH
1.238245684046504,1.9446936906085814,2.0646170653786733,1.8853593009388936,1.2307250880462737,0.11408498772144109,0.11408498772144109,0.24912666974027164,1.0,1.0,1.0,1.0,1.0,0.46393632888793945,0.7036496996879578,0.17818456888198853,0.6032975316047668,0.7785710180948328,-0.5966338900555678,0.19456405377133823,5,1.0,PINCH
1.2341587303352868,1.9166583829103665,2.002929500551088,1.9090705532468266,1.2223694796527516,0.10880494701065833,0.10880494701065833,0.24316210516027906,1.0,1.0,1.0,1.0,1.0,0.469779908657074,0.717406690120697,0.19639191031455994,0.6126131415367126,0.772174897214368,-0.5993745497632073,0.2109409329839337,5,1.0,PINCH
1.2260125907267951,1.9057329148436022,2.002664905119922,1.920331317451039,1.2154098899574015,0.1441793655304453,0.1441793655304453,0.24255921900403865,1.0,1.0,1.0,1.0,1.0,0.4673003554344177,0.7147375345230103,0.19348108768463135,0.6022098064422607,0.7860840730817559,-0.587172809275647,0.19313187746858748,5,1.0,PINCH
1.1866493640331304,1.8992625030587738,2.0154607405306204,1.864967134624743,1.2142928590017452,0.11796413595073328,0.11796413595073328,0.2377737640214971,1.0,1.0,1.0,1.0,1.0,0.47134608030319214,0.7261797785758972,0.21125483512878418,0.6280121207237244,0.7559887276930582,-0.5846355167650806,0.2944186749135628,5,1.0,PINCH
1.2017008267705358,1.9076280279573135,2.0405350698701263,1.9007841095345843,1.2232629894820612,0.1329206671211733,0.1329206671211733,0.23487715234569462,1.0,1.0,1.0,1.0,1.0,0.4715282618999481,0.7269837856292725,0.20942941308021545,0.6178837418556213,0.7686786592937604,-0.5847084567771242,0.25932439013648667,5,1.0,PINCH
1.2237937768614071,1.9108549144298554,1.9864745933203733,1.8425772985714512,1.2324670351325313,0.1376019001185669,0.1376019001185669,0.24232817797267459,1.0,1.0,1.0,1.0,1.0,0.5006150603294373,0.7382991313934326,0.23775264620780945,0.6276309490203857,0.7077786939993395,-0.5378517699525105,0.4580008666799017,5,1.0,PINCH
1.215231312814339,1.9036876322823792,1.9546157004993745,1.7963446977297859,1.2475241048423225,0.13151441212450707,0.13151441212450707,0.24255406931782017,1.0,1.0,1.0,1.0,1.0,0.4961612820625305,0.7335228323936462,0.2318798452615738,0.6262069344520569,0.7323686157569808,-0.5192790644117086,0.440437809364619,5,1.0,PINCH
1.1787715523942304,1.9119176132373799,1.9355947332154737,1.7740410254125936,1.2434505414999433,0.12425759431600984,0.12425759431600984,0.25533790511018084,1.0,1.0,1.0,1.0,1.0,0.5272139310836792,0.7574639916419983,0.2773033082485199,0.6274637579917908,0.7407827292202939,-0.43289618952779446,0.5136553681032142,5,1.0,PINCH
1.2154344934131025,1.8664393041691862,1.9103050265507124,1.7075162365981167,1.2370650780471222,0.11392799080172601,0.11392799080172601,0.24627645207257798,1.0,1.0,1.0,1.0,1.0,0.5848552584648132,0.748006284236908,0.35554444789886475,0.6101440787315369,0.3860831927930289,-0.27753175643286915,0.8797248958703098,5,1.0,PINCH
1.1925859361802404,1.894589778452902,1.9319757790286272,1.755250359607385,1.2266057075246524,0.17085869862381778,0.17085869862381778,0.24620075892815452,1.0,1.0,1.0,1.0,1.0,0.6425552368164062,0.7656586170196533,0.42433544993400574,0.6103308796882629,0.5615459796419774,-0.3460443315324592,0.751611224877719,5,1.0,PINCH
1.2189592395380497,1.8904341684613162,1.9035417355043849,1.726472601785821,1.2066228747699421,0.1568513727663939,0.1568513727663939,0.2489846512494845,1.0,1.0,1.0,1.0,1.0,0.6967196464538574,0.7557809948921204,0.5059886574745178,0.5638594031333923,0.44347435120119205,-0.2733631628448106,0.8535824980786353,5,1.0,PINCH
1.189046472903571,1.9360561165330425,1.9197608792982608,1.7742056626987013,1.2058340975022552,0.12927844590951149,0.12927844590951149,0.25071410133088007,1.0,1.0,1.0,1.0,1.0,0.7452605962753296,0.7607487440109253,0.5912184715270996,0.5386155247688293,0.4100752446379264,-0.21587770174055276,0.8861349285669546,5,1.0,PINCH
1.202552633393485,1.9365791420540346,1.896435118244236,1.7187530465408203,1.2088554180228681,0.14562856291169884,0.14562856291169884,0.25111443043478543,1.0,1.0,1.0,1.0,1.0,0.7663782835006714,0.7256035804748535,0.6202528476715088,0.4895167350769043,0.3678221313894754,-0.16938286305297262,0.9143392835069931,5,1.0,PINCH
1.2347205444764482,1.961100960491017,1.9571742723604217,1.8025809210688393,1.1933663897109457,0.17961390819913092,0.17961390819913092,0.24501522737997186,1.0,1.0,1.0,1.0,1.0,0.7348053455352783,0.6648796796798706,0.5723001956939697,0.443441241979599,0.45557558704036527,-0.15583406773979966,0.8764511554128354,5,1.0,PINCH
1.1244679759526826,1.9462925345365252,1.9585411501416532,1.7519947141713674,1.1917264214329606,0.1653203442959714,0.1653203442959714,0.24771629175989798,1.0,1.0,1.0,1.0,1.0,0.7180461883544922,0.7810903787612915,0.5658819079399109,0.574693500995636,0.5566736722395073,-0.1759662750533751,0.8118807133312266,5,1.0,PINCH
1.1552134805526495,1.8910466106172477,1.9145266311465703,1.693323243935973,1.1826405743991601,0.14232819116273315,0.14232819116273315,0.20260694196965653,1.0,1.0,1.0,1.0,1.0,0.7015471458435059,0.7690644264221191,0.5587697625160217,0.6061944365501404,0.49802625034986625,-0.22077612614835868,0.8385867612151866,5,1.0,PINCH
1.0699850946746285,1.8647126989816236,1.878590214640189,1.7181615530259715,1.168742120062569,0.10810535159362608,0.10810535159362608,0.18852181246981384,1.0,1.0,1.0,1.0,1.0,0.7246224880218506,0.7592187523841858,0.6042311191558838,0.6159641742706299,0.4912365945683346,-0.2016963920074759,0.8473518593878652,5,1.0,PINCH
1.0996075303041983,1.9123312936047427,1.9419331139692786,1.7436817507463835,1.1783755757933578,0.11513281771852396,0.11513281771852396,0.1976279947732626,1.0,1.0,1.0,1.0,1.0,0.7568331956863403,0.7671362161636353,0.6380651593208313,0.6131232380867004,0.4035710385891919,-0.24476955837664882,0.8815998412568716,5,1.0,PINCH
1.058626139906491,1.885542298141514,1.9349381035569018,1.7215643051686034,1.1644812490423884,0.07399336156376474,0.07399336156376474,0.21029166432903432,1.0,1.0,1.0,1.0,1.0,0.7502593398094177,0.8153960704803467,0.6225734353065491,0.6476091742515564,0.639037365053271,-0.2553236943454262,0.7255625797762559,5,1.0,PINCH
1.2123722629676683,1.9090998034249231,1.9520874785696007,1.6687888725047053,1.199679512325108,0.17503588532069927,0.17503588532069927,0.20691447778411992,1.0,1.0,1.0,1.0,1.0,0.7028304934501648,0.8611016869544983,0.6156598329544067,0.6336765289306641,0.6503998771487984,-0.045130707035159805,0.7582501032557362,5,1.0,PINCH
1.1919750223498529,1.882241307798519,1.916725443419415,1.7145547164600405,1.1703129999989537,0.17491201320960473,0.17491201320960473,0.2084609215739876,1.0,1.0,1.0,1.0,1.0,0.689373254776001,0.8522486686706543,0.6123795509338379,0.6179472208023071,0.6921922215848206,-0.0008687797963697889,0.7217126669244042,5,1.0,PINCH
1.06447743074887,1.8403385693749668,1.8760680129253005,1.767658727662573,1.1795355473171882,0.061306544336617044,0.061306544336617044,0.21530977395527853,1.0,1.0,1.0,1.0,1.0,0.6778210401535034,0.8223382234573364,0.5236043930053711,0.6671241521835327,0.773588477721797,-0.24851798357006927,0.5829233903167204,5,1.0,PINCH
1.19080212773569,1.87036664246654,1.8818020011127052,1.7317629052939294,1.2006412478010597,0.1617312611113191,0.1617312611113191,0.20435827812342974,1.0,1.0,1.0,1.0,1.0,0.6510117650032043,0.7735916376113892,0.45234161615371704,0.6517071723937988,0.7484352945947746,-0.4240874949551946,0.5098964663806377,5,1.0,PINCH
1.169977140985822,1.7794233259768601,1.8681207839953828,1.7796526878121244,1.2074755576568528,0.19750248731528888,0.19750248731528888,0.18158826839693637,1.0,1.0,1.0,1.0,1.0,0.4926852583885193,0.6797113418579102,0.2867680490016937,0.6628678441047668,0.6262648852448789,-0.5940788329472879,0.5048392157441882,5,1.0,PINCH
1.598253167574887,1.7401306305874165,1.625457703319571,1.4809389465697722,1.19420898847993,0.7957400370727915,0.7957400370727915,0.23705538604668136,1.0,1.0,1.0,1.0,1.0,0.5259164571762085,0.6449046730995178,0.30978327989578247,0.33686429262161255,0.8776310344001033,-0.4538162227512745,-0.15431980892150673,5,1.0,PINCH
1.3620122020120151,1.7662585342475918,1.779650442810399,1.5970369541748957,1.1811564633142217,0.5028487392541022,0.5028487392541022,0.2372276416877776,1.0,1.0,1.0,1.0,1.0,0.5289247632026672,0.6457535028457642,0.32060733437538147,0.41281062364578247,0.8682112457124527,-0.46960225163359026,-0.16025903431349264,5,1.0,PINCH
1.7305458993400735,1.762199659793887,1.1624809394783033,1.2497176471000928,1.1502496962091053,0.9850895493475446,0.9850895493475446,0.21879975426302592,1.0,1.0,1.0,1.0,1.0,0.44830822944641113,0.6523852944374084,0.1645192950963974,0.38988083600997925,0.5839862811736797,-0.5479028892167835,-0.5989678183248556,5,1.0,PINCH
1.2310287186990667,1.9365226314953001,1.9305932541174713,1.7062824217799353,1.2313262280485497,0.16830432748925783,0.16830432748925783,0.2395621501787444,1.0,1.0,1.0,1.0,1.0,0.5087631940841675,0.7713664174079895,0.35024017095565796,0.5386983156204224,0.9107764732644592,-0.10379807442764818,0.3996400574180048,5,1.0,PINCH
1.2125031072184047,1.895451555350763,1.8964467538492298,1.7132494926725002,1.2414529395178269,0.1504046227341143,0.1504046227341143,0.24237824098361732,1.0,1.0,1.0,1.0,1.0,0.5102745294570923,0.7703678607940674,0.3499128818511963,0.5379962921142578,0.9086277753444986,-0.11201653947893367,0.4023031950602332,5,1.0,PINCH
1.227043390377997,1.8840504107931904,1.876409757524509,1.696768291983962,1.2483528653995022,0.17226941457744108,0.17226941457744108,0.24406633015324594,1.0,1.0,1.0,1.0,1.0,0.5178825855255127,0.7767077684402466,0.35210415720939636,0.5436135530471802,0.9005655593786531,-0.10722812139364138,0.42128826620664866,5,1.0,PINCH
1.2292776246151191,1.8839631955704597,1.8771539909671182,1.6973220604639119,1.2464885006893456,0.17010743349216895,0.17010743349216895,0.24253258611916143,1.0,1.0,1.0,1.0,1.0,0.5197965502738953,0.7770181894302368,0.3545874059200287,0.5438616871833801,0.8926123902054014,-0.1164849319313114,0.43551622413494295,5,1.0,PINCH
1.2531943370695786,1.8777833909591755,1.85949743409843,1.6773392467793975,1.221375512043092,0.209369055601195,0.209369055601195,0.24440010682413826,1.0,1.0,1.0,1.0,1.0,0.5269972681999207,0.774709165096283,0.35617226362228394,0.5393617153167725,0.8882399961042335,-0.0922733342725824,0.45001704534714193,5,1.0,PINCH
1.2295225458095416,1.8833122912867593,1.8585265576751808,1.6902826968188818,1.2277467499467087,0.1815873290535548,0.1815873290535548,0.24213209513369283,1.0,1.0,1.0,1.0,1.0,0.5267733931541443,0.7727596759796143,0.35988178849220276,0.5432308316230774,0.8792121926197115,-0.10639912345459426,0.4643976172171141,5,1.0,PINCH
1.2637440632501307,1.8625755193282092,1.8471520732990914,1.7532081940035884,1.2113555057841734,0.19850986627637338,0.19850986627637338,0.23376810801524528,1.0,1.0,1.0,1.0,1.0,0.5550817251205444,0.7273954153060913,0.4021435081958771,0.4998325705528259,0.6784301039939805,-0.056223854592969455,0.7325103904856405,5,1.0,PINCH
1.2634454485574556,1.8783062401772856,1.8492038606728882,1.7998699306375523,1.2019876310300306,0.20808402583545815,0.20808402583545815,0.22825159737259818,1.0,1.0,1.0,1.0,1.0,0.6374021172523499,0.6865376234054565,0.48105260729789734,0.47430840134620667,0.4771829131896357,-0.10580955935707965,0.8724109149411837,5,1.0,PINCH
1.293070057217541,1.9177963536571359,1.8934265391095488,1.8129631411449405,1.193594661660672,0.18609341480905434,0.18609341480905434,0.21914782278488257,1.0,1.0,1.0,1.0,1.0,0.7297398447990417,0.6576303243637085,0.5857175588607788,0.442306250333786,0.43353451499808054,-0.11823828576342804,0.893346255426811,5,1.0,PINCH
1.2428399011880806,1.9314320779665242,1.9400091220540794,1.839167751455151,1.2068804218684994,0.16773451112837362,0.16773451112837362,0.22551156448680895,1.0,1.0,1.0,1.0,1.0,0.7890427708625793,0.7018520832061768,0.6412645578384399,0.5006449222564697,0.28385732612812997,-0.223801410312624,0.9323829401836291,5,1.0,PINCH
1.1255114191436015,1.8501921816566742,1.8996445466543719,1.7719303090876037,1.1764670162299697,0.15546229157648392,0.15546229157648392,0.23607467547146582,1.0,1.0,1.0,1.0,1.0,0.7983883619308472,0.7919219732284546,0.6302499771118164,0.6115297675132751,0.49707823538474594,-0.2440958664421167,0.8326646599277885,5,1.0,PINCH
1.1236230321292986,1.868875026425787,1.901413306566017,1.7835660108418563,1.1712434255941844,0.1315253453253651,0.1315253453253651,0.23395799427504835,1.0,1.0,1.0,1.0,1.0,0.8087526559829712,0.828068196773529,0.6434736251831055,0.6556425094604492,0.36959011691825827,-0.239983884779422,0.8976696945550324,5,1.0,PINCH
1.0904126234303682,1.822613079052448,1.846470960763956,1.7485595178818276,1.1735644030923726,0.1436646884687893,0.1436646884687893,0.2453571338585744,1.0,1.0,1.0,1.0,1.0,0.8486263751983643,0.8707910180091858,0.6915575861930847,0.6880840063095093,0.3255149572829285,-0.23842970695478305,0.9149815776432603,5,1.0,PINCH
1.0891349468238085,1.8670196950714888,1.9113211791344233,1.7694921680023041,1.166947149082267,0.12020493681626533,0.12020493681626533,0.2508707163946411,1.0,1.0,1.0,1.0,1.0,0.8730531334877014,0.8907097578048706,0.7044479250907898,0.7048162817955017,0.45839317426361537,-0.26436436627171866,0.8485205829172792,5,1.0,PINCH
1.111510298570131,1.8499650409498187,1.8817748509739123,1.6957184692435283,1.2020095090753067,0.10120005864449462,0.10120005864449462,0.24158609322094102,1.0,1.0,1.0,1.0,1.0,0.797972559928894,0.9100432395935059,0.5974814295768738,0.7532684206962585,0.6523759060649813,-0.3800719653498771,0.6557064727002294,5,1.0,PINCH
1.342977109822753,1.9407244969330044,1.9473343309417785,1.799505514638917,1.2441414778069904,0.13377826335533285,0.13377826335533285,0.23471257856200975,1.0,1.0,1.0,1.0,1.0,0.8363611102104187,0.8854072690010071,0.6512894034385681,0.6771171689033508,0.5557780373308737,-0.24874216019363554,0.7932453031457833,5,1.0,PINCH
1.2385712510120395,1.9322846551942916,1.9604908445453542,1.7844948426121385,1.245932878786475,0.08563521458389185,0.08563521458389185,0.23917138492760978,1.0,1.0,1.0,1.0,1.0,0.8362552523612976,0.8921242952346802,0.6568259596824646,0.6930423974990845,0.6239904069368584,-0.24615361202003694,0.7416497632577407,5,1.0,PINCH
1.2465135652426305,1.9623513347893171,1.979976426056606,1.8032626409818633,1.2443330584139776,0.09232450602149055,0.09232450602149055,0.23586685028811982,1.0,1.0,1.0,1.0,1.0,0.8314740657806396,0.8937732577323914,0.6531758904457092,0.6952307224273682,0.6440165932495227,-0.24109598922873246,0.7260271011450591,5,1.0,PINCH
1.1923354861068056,1.9095796516218149,1.8839918743771293,1.7062191896131675,1.2520679648988646,0.14769435111468426,0.14769435111468426,0.250841260171223,1.0,1.0,1.0,1.0,1.0,0.7984194159507751,0.9254063367843628,0.6483196020126343,0.6914843320846558,0.5129784432840815,-0.11497924816821463,0.8506661443930355,5,1.0,PINCH
1.365536987997889,1.91794095175389,1.9124717601657628,1.7392621057607667,1.2492013698422118,0.1469501899130385,0.1469501899130385,0.2539488367933957,1.0,1.0,1.0,1.0,1.0,0.7884110808372498,0.9331046938896179,0.6190207004547119,0.6695844531059265,0.5493721804732395,-0.1773722407962078,0.8165349322086657,5,1.0,PINCH
1.2165392121322,1.9250896474624657,1.8907555214882956,1.721937770792592,1.1740371780266037,0.10803162631539012,0.10803162631539012,0.2448171074500631,1.0,1.0,1.0,1.0,1.0,0.7793881893157959,0.880673885345459,0.6379583477973938,0.6463534832000732,0.541303660371885,-0.1925837440428216,0.8184753196025205,5,1.0,PINCH
1.0575149929686254,2.0045188842843746,1.983726922154055,1.8488716146929043,1.1552064138616274,0.05022905917430088,0.05022905917430088,0.21059640478580144,1.0,1.0,1.0,1.0,1.0,0.778637707233429,0.6560158729553223,0.6083099246025085,0.6035541892051697,0.2561059849852661,-0.4332961401794388,0.8640973205376388,5,1.0,PINCH
1.2863249808561041,1.9363984501340532,1.8908089981199976,1.711386948879815,1.2742157106294685,0.28659958608455816,0.28659958608455816,0.2053889278786003,1.0,1.0,1.0,1.0,1.0,0.7004835605621338,0.7033876180648804,0.585260808467865,0.48628702759742737,0.7237527796372475,-0.07893927806741376,0.6855293606735992,5,1.0,PINCH
1.1176163613952232,1.7957360159446734,1.796241878696401,1.622712570253883,1.2261762997115153,0.11206972136993854,0.11206972136993854,0.21774029817017176,1.0,1.0,1.0,1.0,1.0,0.7008645534515381,0.7232546806335449,0.5442644357681274,0.5444348454475403,0.8409609154194553,-0.17180319383439022,0.5130968732365994,5,1.0,PINCH
1.1307420754773725,1.8951428669074137,1.8572026576038667,1.7353971446540735,1.2144585214657417,0.08382593241755613,0.08382593241755613,0.19898470895368842,1.0,1.0,1.0,1.0,1.0,0.6916725635528564,0.6537955403327942,0.5299224853515625,0.5281983613967896,0.6454302120122561,-0.25983029324423185,0.7182674015535095,5,1.0,PINCH
1.2999461304482327,1.9627313164153966,1.8702082934670814,1.6826972968791385,1.2180939497662615,0.21371456270060288,0.21371456270060288,0.1951582275025494,1.0,1.0,1.0,1.0,1.0,0.700375497341156,0.6530075073242188,0.5483919382095337,0.47723832726478577,0.5620474426293083,-0.164784869836049,0.8105236695538083,5,1.0,PINCH
1.2422304877835861,1.9001540424661163,1.8043790139600702,1.6404823632734296,1.229898861745284,0.1616642624522164,0.1616642624522164,0.1901405672923702,1.0,1.0,1.0,1.0,1.0,0.7056379318237305,0.690227746963501,0.5817757844924927,0.5111578106880188,0.5872187769323685,-0.06795231009128855,0.8065708844058969,5,1.0,PINCH
1.199558335557238,1.9738771865097864,1.9291609509164276,1.765741050891617,1.260448718992667,0.13663462825673905,0.13663462825673905,0.18792979344029834,1.0,1.0,1.0,1.0,1.0,0.7143042683601379,0.7076535224914551,0.5963699221611023,0.5409295558929443,0.576525772697735,-0.17525057716144252,0.7980634489937883,5,1.0,PINCH
1.1613968548183484,1.961345077526806,1.8682428183201893,1.7945343019318172,1.2458507512275752,0.13867327735494966,0.13867327735494966,0.20028489938943678,1.0,1.0,1.0,1.0,1.0,0.7243843674659729,0.7264888286590576,0.5960981249809265,0.5590143203735352,0.6744814071679662,-0.19351033365837694,0.7124805837018604,5,1.0,PINCH
1.2596121293046911,2.0099892769303795,1.9245591487108638,1.812417284137522,1.2127547577323106,0.2862108488188042,0.2862108488188042,0.19139076063844057,1.0,1.0,1.0,1.0,1.0,0.7300171256065369,0.6407874822616577,0.5775704979896545,0.49572691321372986,0.3294478197234958,-0.3062802760444453,0.8931161887378222,5,1.0,PINCH
1.3374152653601183,1.9562371064419628,1.8379576219225544,1.792361343301588,1.241965366332765,0.18737639306233606,0.18737639306233606,0.21064629582098082,1.0,1.0,1.0,1.0,1.0,0.7837137579917908,0.6667616367340088,0.6328546404838562,0.46399274468421936,0.4870425039086988,-0.19230082910970678,0.8519448283252058,5,1.0,PINCH
1.209415739679467,1.9574934002230509,1.8409577992316473,1.7992580346061178,1.2183330410329682,0.1204876317748213,0.1204876317748213,0.19865745241445762,1.0,1.0,1.0,1.0,1.0,0.7372666001319885,0.6259597539901733,0.5854616761207581,0.47809934616088867,0.4011459094866297,-0.24852344607340032,0.8816564274443568,5,1.0,PINCH
1.2325085039014783,1.9506304644035657,1.8389283419370828,1.794100848335423,1.2010369315853946,0.18761437214325252,0.18761437214325252,0.21059506914623569,1.0,1.0,1.0,1.0,1.0,0.7063301205635071,0.5940645933151245,0.5291022658348083,0.44776612520217896,0.4565895999252437,-0.27137936590196365,0.8472775088498183,5,1.0,PINCH
1.261814946293736,1.9318885315104422,1.8225894256909911,1.7560564320620697,1.2415210570477753,0.12029542604150283,0.12029542604150283,0.22029996568619203,1.0,1.0,1.0,1.0,1.0,0.7154170274734497,0.5732706189155579,0.5505989193916321,0.3792699873447418,0.6510514701274903,-0.1679347723996795,0.74022286877933,5,1.0,PINCH
1.3786141174119342,1.9895044676069318,1.9663450126967892,1.7624885851915986,1.237793196431885,0.11694953492198265,0.11694953492198265,0.22402490022671065,1.0,1.0,1.0,1.0,1.0,0.7363150715827942,0.5815339684486389,0.627467691898346,0.32137271761894226,0.5302147096161708,-0.04356547261095075,0.8467434152698351,5,1.0,PINCH
1.1128635724116065,2.045832707277741,2.0617413564722717,1.8185864083442689,1.213714917519803,0.026339189660881245,0.026339189660881245,0.20583359690452765,1.0,1.0,1.0,1.0,1.0,0.755389392375946,0.7125186920166016,0.6246243119239807,0.5899079442024231,0.2936689072050025,-0.3731489405386565,0.880067293515614,5,1.0,PINCH
1.056485404891874,2.018264025084262,2.0006539987928456,1.7923752751181459,1.1750481372923496,0.037661490520190515,0.037661490520190515,0.20999806197050164,1.0,1.0,1.0,1.0,1.0,0.7690438032150269,0.721627414226532,0.6214060187339783,0.6170447468757629,0.35551182089437483,-0.3687763716335661,0.8588453486682849,5,1.0,PINCH
1.1742588090699755,1.9036998085883845,1.858838689209986,1.7167805380469032,1.2117213794638566,0.11647956823729781,0.11647956823729781,0.17678075218327663,1.0,1.0,1.0,1.0,1.0,0.7364401817321777,0.6341193914413452,0.5960782766342163,0.5156758427619934,0.5196956303970602,-0.22987161419488633,0.8228459714513036,5,1.0,PINCH
1.2204425556362144,1.8560446530964125,1.8302618755874787,1.7150406837457715,1.2215646168008392,0.1864896974149162,0.1864896974149162,0.1578488213835794,1.0,1.0,1.0,1.0,1.0,0.7139731645584106,0.6093059182167053,0.5929448008537292,0.4835585355758667,0.5664064371994109,-0.15432401460457587,0.8095479271886232,5,1.0,PINCH
1.2381064533935142,1.890445385357135,1.8418082728066552,1.7372681386966236,1.2116769279527455,0.16472694786034509,0.16472694786034509,0.16063098106379964,1.0,1.0,1.0,1.0,1.0,0.7465408444404602,0.6233406066894531,0.620629072189331,0.4959161877632141,0.5394657400703328,-0.21179277869739535,0.8149359080209954,5,1.0,PINCH
1.2081812608797642,1.9326296243088719,1.859365220162547,1.7692767958927034,1.216349648313944,0.13587938803086935,0.13587938803086935,0.16493363453221266,1.0,1.0,1.0,1.0,1.0,0.7704889178276062,0.6536880135536194,0.6402631998062134,0.5365623831748962,0.5481757431970564,-0.2758361310688924,0.7895680992588922,5,1.0,PINCH
1.1811106976551518,1.8612495577281027,1.8041216590565097,1.7365048089345883,1.2079169317117038,0.11375589278891451,0.11375589278891451,0.17281348393919693,1.0,1.0,1.0,1.0,1.0,0.7568330764770508,0.7478358745574951,0.6308798789978027,0.6010202169418335,0.7140361556656956,-0.1902381294046357,0.6737668903432251,5,1.0,PINCH
1.1713362577407767,1.8535754550140753,1.8006887535484117,1.703149835889073,1.1967261785178571,0.12456711113633788,0.12456711113633788,0.17341274197060136,1.0,1.0,1.0,1.0,1.0,0.7853679060935974,0.6923241019248962,0.662225067615509,0.5458565950393677,0.6610414050417655,-0.15078731466284598,0.7350424794235885,5,1.0,PINCH
1.1798113871729379,1.8621230923998595,1.781698139378175,1.6701923348009127,1.2093667126065644,0.18468195151024105,0.18468195151024105,0.16172992547980275,1.0,1.0,1.0,1.0,1.0,0.761852502822876,0.6774085760116577,0.6452145576477051,0.5394698977470398,0.7138848180243057,-0.12781480794957484,0.6884997033138193,5,1.0,PINCH
1.1562895365643613,1.8678063014915152,1.799011559935025,1.6632415854801028,1.2160393748462108,0.1443221184398337,0.1443221184398337,0.16183424009685227,1.0,1.0,1.0,1.0,1.0,0.7601397633552551,0.6870228052139282,0.6428625583648682,0.5561246871948242,0.6598227415941671,-0.19091261982657307,0.7267642817764995,5,1.0,PINCH
1.2111084772100145,1.9027119204885552,1.7832820362498567,1.711840559103478,1.2202091264479469,0.08016217305613019,0.08016217305613019,0.17957816091318687,1.0,1.0,1.0,1.0,1.0,0.7865837216377258,0.7152929306030273,0.6710770726203918,0.5527841448783875,0.5698297270525146,-0.17745983712031718,0.8023727864132029,5,1.0,PINCH
1.176131642688581,1.9296533519712544,1.837805235329268,1.7146208186268068,1.212439921613569,0.11640607489873028,0.11640607489873028,0.19072617363092131,1.0,1.0,1.0,1.0,1.0,0.7841665148735046,0.7447186708450317,0.6548596024513245,0.581753671169281,0.6034611362117256,-0.23982041787820702,0.7604740786185782,5,1.0,PINCH
1.1526143008145013,1.896527522162771,1.8062036358223184,1.6721211747128137,1.2299256413971351,0.07511567656716338,0.07511567656716338,0.19174818671070384,1.0,1.0,1.0,1.0,1.0,0.7236953377723694,0.75294429063797,0.5716180801391602,0.6200487613677979,0.6631375429285605,-0.29583778541709266,0.6875526189886718,5,1.0,PINCH
1.065801379853109,1.8737808571795498,1.854066253081245,1.7284768786499443,1.1968340515077687,0.01699385775514231,0.01699385775514231,0.19205393855724043,1.0,1.0,1.0,1.0,1.0,0.736489474773407,0.7790603637695312,0.6197348237037659,0.6254125833511353,0.6865328893914608,-0.2046932759379519,0.6976913748711546,5,1.0,PINCH
1.2194586007412203,1.8959972077172427,1.8675451288111165,1.7407011261782612,1.2103913969204911,0.14394640247197052,0.14394640247197052,0.19121507717031883,1.0,1.0,1.0,1.0,1.0,0.7301605939865112,0.7917435169219971,0.6256391406059265,0.5910210609436035,0.7547450863769143,-0.08823638118513503,0.6500570710524236,5,1.0,PINCH
1.3282831664565853,1.8400106145128161,1.8461647784925215,1.7311034345502443,1.2031362050351464,0.23933998404643397,0.23933998404643397,0.19206372874323455,1.0,1.0,1.0,1.0,1.0,0.7176981568336487,0.8020439743995667,0.6293395757675171,0.5693974494934082,0.7786778871284282,0.0220973347347556,0.6270346528660333,5,1.0,PINCH
1.182508579126583,1.8998121224165865,1.8458748540804295,1.7096762197655424,1.2187056385479504,0.17505157419696057,0.17505157419696057,0.19224111947134284,1.0,1.0,1.0,1.0,1.0,0.7154679298400879,0.7435693740844727,0.5899091362953186,0.5688587427139282,0.68047584937762,-0.17675720197389805,0.7111325544258013,5,1.0,PINCH
1.1184170262291564,1.918501157436466,1.8397939680439035,1.7413658638982257,1.1932083582989588,0.1186537530383458,0.1186537530383458,0.18712519589278623,1.0,1.0,1.0,1.0,1.0,0.7253257036209106,0.7138631939888,0.5825448036193848,0.5826348066329956,0.6179298734705538,-0.24633106553273723,0.7466482958034336,5,1.0,PINCH
1.2304993197451306,1.8932050059413108,1.84977965661266,1.6309273762310834,1.2238966274851617,0.18635118137416662,0.18635118137416662,0.189942563958437,1.0,1.0,1.0,1.0,1.0,0.7377108931541443,0.7154577970504761,0.6197096109390259,0.5218241810798645,0.8051219713174619,-0.09897165809381929,0.5847933157928913,5,1.0,PINCH
1.158219812967147,2.018303085807446,1.9678683958930578,1.7696472863495882,1.176518910033583,0.07224163950452385,0.07224163950452385,0.18361219739447132,1.0,1.0,1.0,1.0,1.0,0.7073473930358887,0.689423143863678,0.5560494065284729,0.5848914384841919,0.28245081036121394,-0.2916160789067263,0.9138827070523653,5,1.0,PINCH
1.128281571776049,1.975702661381259,1.9280398587965117,1.7964379466389686,1.1778849904815902,0.13572890231820978,0.13572890231820978,0.19596446180186272,1.0,1.0,1.0,1.0,1.0,0.6960033774375916,0.6627545356750488,0.5408645272254944,0.5346883535385132,0.5553254749984311,-0.27055540090749713,0.7863926448394276,5,1.0,PINCH
1.2577932563048786,1.9750366604515022,1.939724129890373,1.8599599558413569,1.1872959832159218,0.13838468996331055,0.13838468996331055,0.19834417548622105,1.0,1.0,1.0,1.0,1.0,0.7157522439956665,0.646926760673523,0.5671502351760864,0.4766601622104645,0.4502859993859398,-0.1728859115761054,0.875986860823554,5,1.0,PINCH
1.2844804238320184,1.949010963202015,1.9281259159290478,1.8245410314803412,1.2011602420285494,0.18308403167443646,0.18308403167443646,0.19737512434754653,1.0,1.0,1.0,1.0,1.0,0.7460266947746277,0.6687954664230347,0.6073867678642273,0.48130667209625244,0.468720749448217,-0.14490379828510191,0.8713803694594298,5,1.0,PINCH
1.0833456684512204,1.780416742609285,1.7773925092491363,1.731627660434279,1.1691210194291717,0.09275566155254618,0.09275566155254618,0.19757808666330837,1.0,1.0,1.0,1.0,1.0,0.7383887767791748,0.6790663003921509,0.5846878886222839,0.5558884739875793,0.4775317817284633,-0.2905621039549936,0.8291785460228014,5,1.0,PINCH
1.1427218144027742,1.8983376807531025,1.8951025633646423,1.708042104254746,1.2024371537037823,0.09265386885057195,0.09265386885057195,0.2076629099798235,1.0,1.0,1.0,1.0,1.0,0.7568566799163818,0.7287096977233887,0.6206870675086975,0.549022912979126,0.7044727232943341,-0.19577173456770414,0.6821961668601026,5,1.0,PINCH
1.18874731645147,1.93678083600841,1.944922678058002,1.7373854448763333,1.1870516153419466,0.1792358455221874,0.1792358455221874,0.21392911897096933,1.0,1.0,1.0,1.0,1.0,0.7754306197166443,0.7361893653869629,0.6459394097328186,0.534959614276886,0.5294502092911059,-0.14085408170085498,0.8365659588758159,5,1.0,PINCH
1.146005055517343,1.9644604027683106,1.9616978194984298,1.7504512307998394,1.1646856437441166,0.12456549599121157,0.12456549599121157,0.20732521970044773,1.0,1.0,1.0,1.0,1.0,0.76237553358078,0.7241082191467285,0.6210973858833313,0.5668341517448425,0.35757743831293193,-0.24237561853573997,0.9018827169587954,5,1.0,PINCH
1.1156014020469562,1.9544040422545061,1.9419922739007371,1.753928160938919,1.1715994383714639,0.24128947452585203,0.24128947452585203,0.19943477902973747,1.0,1.0,1.0,1.0,1.0,0.7735804319381714,0.7326346039772034,0.6424425840377808,0.586509108543396,0.29410854284705357,-0.23156645538785428,0.9272956064618701,5,1.0,PINCH
1.1506154730581262,1.9728845568928295,1.9515759807098745,1.7827905196255862,1.1874682980914961,0.20119721721752695,0.20119721721752695,0.19674559118623464,1.0,1.0,1.0,1.0,1.0,0.7666458487510681,0.7341201901435852,0.632591962814331,0.5938235521316528,0.3093672387717578,-0.2739787026349374,0.9106193398326299,5,1.0,PINCH
