1.8466896163879367,0.8089107534811297,0.711198759835419,0.8188565697813038,1.125202999305336,0.9020012429106155,0.9020012429106155,0.1861180243125802,1.0,0.0,0.0,0.0,1.0,0.7139126062393188,0.8215052485466003,0.6083891987800598,0.47755661606788635,0.3135625567289469,-0.06454844310326759,0.9473711107641768,2,0.0,POINT
1.8273491758123197,0.7776199701699592,0.7066906720218921,0.8155587975354168,1.1149286394606481,0.9022582279165983,0.9022582279165983,0.18582072122710785,1.0,0.0,0.0,0.0,1.0,0.7120571732521057,0.8258476853370667,0.6084625720977783,0.48383522033691406,0.31509854651599567,-0.05763269647079322,0.9473074359895061,2,0.0,POINT
1.6074553086621914,1.0007627369094203,0.8979568683261889,0.9222259189154806,1.146754853369422,0.8721418295024554,0.8721418295024554,0.13853378460797336,1.0,1.0,0.0,1.0,1.0,0.7455906867980957,0.7758280038833618,0.689799964427948,0.5510668158531189,0.9542450977746536,0.030740911594069296,-0.2974412374359134,4,0.0,POINT
1.4534082926823149,1.1515692520825447,0.9001995652527086,0.9979879297601744,1.3657653933855523,0.6158677069948039,0.6158677069948039,0.12915795238480493,1.0,1.0,1.0,1.0,1.0,0.6752911806106567,0.6257893443107605,0.6202564835548401,0.6639930605888367,0.9004279151036302,0.35598583416198515,0.2500073110493472,5,1.0,POINT
1.3538669546323105,1.2966475876884571,1.0686555236881083,1.0552561586522413,1.08760985466662,0.4633183875383983,0.4633183875383983,0.08759689970338802,1.0,1.0,1.0,1.0,1.0,0.6397425532341003,0.7420855760574341,0.5964994430541992,0.6782402992248535,0.9621119016009325,0.11330790648694197,0.247995982075081,5,1.0,POINT
1.6144159839203382,1.5937894417597327,1.365178690182173,1.2933926824440998,1.203227306903288,0.49492302592675913,0.49492302592675913,0.10994873214957453,1.0,1.0,1.0,1.0,1.0,0.6932588815689087,0.7257338762283325,0.5678853392601013,0.6100342869758606,0.9139279487615581,0.18231956699472437,-0.36262277915672475,5,1.0,POINT
1.4819899265499312,1.9385365550743585,1.85453910156962,1.6266909969241867,1.2256724890234156,0.8665363334595038,0.8665363334595038,0.09195283311092546,1.0,1.0,1.0,1.0,1.0,0.7596123218536377,0.69355309009552,0.6438211798667908,0.572121798992157,0.729771862124194,0.12912055584626406,-0.6713873035065068,5,1.0,POINT
1.4680888089049569,1.1995685028006808,0.9607543464508979,0.9575697828035389,1.1918606726659229,0.473267579199424,0.473267579199424,0.21064790880265657,1.0,1.0,1.0,1.0,1.0,0.7644639015197754,0.8218684196472168,0.638587236404419,0.6272963285446167,0.9235858528136454,0.3444490146314654,-0.16835690898179456,5,1.0,POINT
1.6152919437686137,1.1227363764224325,0.9084162892653811,0.9689056288698131,1.1252504454195318,0.9363347429202825,0.9363347429202825,0.21435056650603915,1.0,1.0,1.0,1.0,1.0,0.7166380882263184,0.7809382081031799,0.6717021465301514,0.47957247495651245,0.9925988964942836,0.016439722925857863,-0.12032109619036807,5,1.0,POINT
1.8865764286429465,0.6976278246749023,0.676774051419934,0.6981441348529179,1.1053602045871518,1.1809370050261137,1.1809370050261137,0.2388130291732602,1.0,0.0,0.0,0.0,1.0,0.6939672827720642,0.8509896993637085,0.6054505705833435,0.39103347063064575,0.31705347745209117,-0.22127629378772126,0.9222331019016322,2,0.0,POINT
1.9596382121256855,1.0371782386039696,1.0142124298169741,0.9489019047187698,1.069376521003083,0.9162280210824643,0.9162280210824643,0.21394779948326015,1.0,1.0,1.0,1.0,1.0,0.644433319568634,0.8623332381248474,0.6129613518714905,0.4299675226211548,0.35345438234013277,0.05097463482092468,-0.9340618749362533,5,1.0,POINT
1.8555322631147515,1.078060614954141,1.026098275378146,0.9515931082293586,1.081102370406254,0.7351997973341344,0.7351997973341344,0.21885135295888633,1.0,1.0,1.0,1.0,1.0,0.6552948951721191,0.848534345626831,0.6545355319976807,0.43595319986343384,0.25798946200363304,0.011183884157734,-0.9660829975888315,5,1.0,POINT
1.6837979545931923,0.8127657787150018,0.7606389658492803,0.7468482868207221,1.0852570497358416,0.8745570736185007,0.8745570736185007,0.19792065861695018,1.0,0.0,0.0,0.0,1.0,0.6923633217811584,0.8094373345375061,0.6135424971580505,0.4718082547187805,0.9970347647529015,-0.07444254241102502,0.01949322327140555,2,0.0,POINT
1.69455869137704,0.7946352401122821,0.7168500850008453,0.7477537217939004,1.0792910447964177,0.8391006047734169,0.8391006047734169,0.20578809794177563,1.0,0.0,0.0,0.0,1.0,0.6501725316047668,0.8849577903747559,0.6007051467895508,0.5282925963401794,0.829503255863324,-0.05305307628243104,0.5559763660526545,2,0.0,POINT
1.8131836034038318,0.7756977443041512,0.7238514340133126,0.740946393593407,1.224036132613268,0.9915541771891386,0.9915541771891386,0.22680015675509355,1.0,0.0,0.0,0.0,1.0,0.7943086624145508,0.9211715459823608,0.686805248260498,0.5237669944763184,-0.102761481565944,-0.19765377186466937,0.9748707936819327,2,0.0,POINT
1.6817733609166186,0.8942171164659753,0.9392298864257661,1.1140289346971848,1.0570551160461352,1.1805318236068312,1.1805318236068312,0.1756109214130633,1.0,0.0,1.0,1.0,1.0,0.7335329055786133,0.8920307159423828,0.7396881580352783,0.6128343343734741,0.8219215642806763,-0.2919352400950801,0.48909994659684225,4,0.0,POINT
1.2417955006065962,0.977335481206921,0.8064792438473067,1.0317242954440213,1.2263225458882865,0.8998248758751897,0.8998248758751897,0.11631791019855194,1.0,1.0,0.0,1.0,1.0,0.7161014676094055,0.7855527997016907,0.6003197431564331,0.6848905682563782,0.4807407330778862,-0.18858275300588448,-0.8563439103703945,4,0.0,POINT
1.864215956049232,1.8809047115282924,1.668621510600022,1.5663473930398648,1.2515798838341072,0.5212442288076077,0.5212442288076077,0.11031315374710522,1.0,1.0,1.0,1.0,1.0,0.6727726459503174,0.8174965977668762,0.5789769887924194,0.6512203216552734,-0.6609740976987922,-0.4654174271458812,0.588642387770517,5,1.0,POINT
1.9539079931152208,1.0757440751283829,1.0426312946475633,0.9306886652580633,1.0714669431062425,0.8045321932065554,0.8045321932065554,0.16573353477154637,1.0,1.0,1.0,1.0,1.0,0.650865375995636,0.8410717844963074,0.612757682800293,0.49572694301605225,0.3134016637028265,0.12117472583754377,-0.9418577827923368,5,1.0,POINT
1.9206566480060743,1.0446029953335152,1.0280004079015344,0.9262947831741477,1.10685059863533,0.8149751502105855,0.8149751502105855,0.16778115890550288,1.0,1.0,1.0,1.0,1.0,0.6593833565711975,0.8525015711784363,0.5925986766815186,0.5137583017349243,0.5151538172128249,0.1900524824441417,-0.8357610893837272,5,1.0,POINT
1.9462868150234787,1.0543835978316412,1.0218094834662437,0.919380668571764,1.112057198830367,0.8047328947043696,0.8047328947043696,0.16764603254217778,1.0,1.0,1.0,1.0,1.0,0.6608625650405884,0.8565705418586731,0.5891713500022888,0.5156626105308533,0.5305652221189742,0.15892866137436626,-0.8326116896078242,5,1.0,POINT
1.7110832158554288,0.753908299653607,0.7333117893039528,0.956079477498522,0.9963150801091681,1.0872852661810533,1.0872852661810533,0.20638857737509125,1.0,0.0,0.0,1.0,1.0,0.6437297463417053,0.9043776988983154,0.5685784816741943,0.5437172055244446,0.871720976075384,-0.23023429720484434,0.43254445813207615,3,0.0,POINT
1.79822118499515,2.0020210247148738,0.8100925595915901,0.9988898722893885,1.1410271240716845,0.8526425781392818,0.8526425781392818,0.2163506786464755,1.0,1.0,0.0,1.0,1.0,0.5658828020095825,0.8825904130935669,0.46101126074790955,0.4874269366264343,0.5885946997175137,-0.16120633281066293,-0.7921923994372754,4,0.0,POINT
1.7601956298441952,0.8216477188257078,0.6865340709733962,0.7185367926674104,1.1266843988854727,0.8359054676565062,0.8359054676565062,0.2782960438606569,1.0,0.0,0.0,0.0,1.0,0.5149445533752441,0.8147985935211182,0.46225428581237793,0.3007604479789734,0.4242314894444985,-0.08379542780503393,0.9016684366454633,2,0.0,POINT
1.6835836536099875,0.7343704508720332,0.705693623400323,0.7383963250377948,1.1072755566876622,0.7750523919307272,0.7750523919307272,0.2881136241360233,1.0,0.0,0.0,0.0,1.0,0.5683193802833557,0.8190559148788452,0.4895915687084198,0.32191041111946106,0.4381117752855229,-0.14765921913945487,0.8867101146142936,2,0.0,POINT
1.6171137251981795,1.0103329777106678,0.8755940397326067,0.9464875595650915,1.1162830893709688,0.7864968077100536,0.7864968077100536,0.17099734052240778,1.0,1.0,0.0,1.0,1.0,0.7326955199241638,0.8195357322692871,0.7079326510429382,0.5389100313186646,0.9862561821329692,0.08440678230285002,-0.14203604579746215,4,0.0,POINT
1.7179675061820807,1.8284199219564008,1.7516633841343794,1.6446293322312582,1.1054752987297245,0.7345154253039183,0.7345154253039183,0.13557914528643952,1.0,1.0,1.0,1.0,1.0,0.7458505034446716,0.8091399073600769,0.6535555720329285,0.6342379450798035,0.9162815021741596,0.0337415253347573,-0.3991111602568253,5,1.0,POINT
1.5290336481227151,1.5094297691135574,1.3699051139848901,1.2526745808363708,1.1555742546368313,0.543136271652584,0.543136271652584,0.14181396042186944,1.0,1.0,1.0,1.0,1.0,0.7700767517089844,0.7755699753761292,0.7244589328765869,0.5982300043106079,0.8389312304112012,0.39993015928976916,-0.36912092643361166,5,1.0,POINT
1.82065677015387,0.6994138460443798,0.6653261243309782,0.7021243043507333,1.2108639905813592,0.9363823449889924,0.9363823449889924,0.20902016304308296,1.0,0.0,0.0,0.0,1.0,0.6713027358055115,1.0053033828735352,0.6223825812339783,0.6389650702476501,0.26553160980173773,-0.28814025556522477,0.9200370412754613,2,0.0,POINT
1.8733927831809047,0.8301686849168409,0.7469559888083003,0.7589572515512083,1.2220389582767308,0.9336263010058302,0.9336263010058302,0.20195387882180715,1.0,0.0,0.0,0.0,1.0,0.7195912599563599,0.9169392585754395,0.6373634934425354,0.5361232161521912,0.36737021290961325,-0.2758649983487131,0.8882216104963953,2,0.0,POINT
1.8610826806268483,0.7579349194723628,0.7464420373896813,0.7606683719013637,1.2225543139320532,0.8265308945199423,0.8265308945199423,0.21629160936294145,1.0,0.0,0.0,0.0,1.0,0.7475963830947876,0.8494219183921814,0.6562206745147705,0.4491535425186157,0.1234037797188153,-0.2276345341480065,0.9658954529421547,2,0.0,POINT
1.877295494615956,0.7701078486527894,0.7073056481391916,1.647630441366196,1.230261368364033,0.8059692199104495,0.8059692199104495,0.21637749128086367,1.0,0.0,0.0,1.0,1.0,0.833442747592926,0.8070801496505737,0.7424635887145996,0.4120890200138092,-0.22606524169305958,-0.03655744426082766,0.9734259395389949,3,0.0,POINT
1.8285330773756316,0.8031551920496457,0.7577293103156677,0.7974419836328985,1.244674994221866,0.7454311122041106,0.7454311122041106,0.22195111280984908,1.0,0.0,0.0,0.0,1.0,0.7614978551864624,0.8145608901977539,0.6146643161773682,0.4218173027038574,0.327864653646194,-0.21438471892379765,0.9200782364459152,2,0.0,POINT
1.8867706983270867,0.7311120920536514,0.6482757702146229,0.707892041995233,1.1575290582964508,0.817496277674607,0.817496277674607,0.19051779777261957,1.0,0.0,0.0,0.0,1.0,0.8002129793167114,0.8020232915878296,0.5458452105522156,0.5427364110946655,0.20645480893339424,-0.29276236149676466,0.9336308754315665,2,0.0,POINT
1.9033190763632626,0.7851728043397007,0.6950284993589311,0.7340672549200727,1.2053949261587176,0.8421696783506332,0.8421696783506332,0.1984654882823624,1.0,0.0,0.0,0.0,1.0,0.8020331263542175,0.8022702932357788,0.5807362198829651,0.4989527463912964,0.22505788419017983,-0.28071622416497877,0.9330312697087901,2,0.0,POINT
1.7409540946623359,0.7744482386250441,0.7181090294902919,0.7599584545060033,1.1444885430878102,0.7345015701979486,0.7345015701979486,0.23302731500488758,1.0,0.0,0.0,0.0,1.0,0.7870170474052429,0.8842073678970337,0.7902442812919617,0.4516361355781555,0.4566176932108647,-0.09382931488604923,0.8847012726987586,2,0.0,POINT
1.7303847472710254,0.8081214251710245,0.7446898138419017,0.77924143663411,1.1718938970645758,0.7352718894175696,0.7352718894175696,0.22336558241460325,1.0,0.0,0.0,0.0,1.0,0.7527006268501282,0.8935635089874268,0.7711244821548462,0.4747247099876404,0.39771429173500533,-0.06669887068876171,0.9150817465115163,2,0.0,POINT
1.6637899545966897,0.7976645458382488,0.7389096430442147,0.7227179227654081,1.1500280718759663,0.6375642871413285,0.6375642871413285,0.21873104244747366,1.0,0.0,0.0,0.0,1.0,0.7413343191146851,0.8824553489685059,0.8303136229515076,0.4917050004005432,0.3650355672537861,-0.012870020270058126,0.9309046123088848,2,0.0,POINT
1.5962780056910348,0.8158949723159455,0.7524215806509601,0.7402590624205433,1.1415068287095405,0.6049946327411276,0.6049946327411276,0.20843232816115043,1.0,0.0,0.0,0.0,1.0,0.7227646708488464,0.8707922697067261,0.8622311353683472,0.5256071090698242,0.37043235282896936,0.02038714173135245,0.9286356855245332,2,0.0,POINT
1.644785879329908,0.8156311143058295,0.8074327065399806,0.8439055599449755,1.1322503358109384,0.7023879661613011,0.7023879661613011,0.2486806232742711,1.0,0.0,0.0,0.0,1.0,0.7157613039016724,0.8870241045951843,0.7577191591262817,0.4644683003425598,0.47089934714308684,-0.18243379714424482,0.8631174395873061,2,0.0,POINT
1.824394732126508,0.7570038458370855,0.7008055503779212,0.6930841721324419,1.1569972470967618,0.8219861656864376,0.8219861656864376,0.22347866496634858,1.0,0.0,0.0,0.0,1.0,0.7471722960472107,0.851646363735199,0.6070404052734375,0.4569149315357208,0.33392543044721945,-0.2290608313819188,0.9143439956751853,2,0.0,POINT
2.185144825871016,1.1337950987939494,1.0206568518637005,0.9687270186759683,1.1567911177684078,0.8888815573430857,0.8888815573430857,0.18931644353333507,1.0,1.0,1.0,1.0,1.0,0.7745157480239868,0.830302894115448,0.6106697916984558,0.42540162801742554,0.44292847638122956,-0.5784624156729138,0.6849785386889575,5,1.0,POINT
2.0606413545404214,1.2248679749869285,1.1175792591979314,1.037796758386463,1.1708717528362156,0.7030539173441086,0.7030539173441086,0.21029987223468266,1.0,1.0,1.0,1.0,1.0,0.8014521598815918,0.7674481272697449,0.6282752156257629,0.3285699486732483,0.6005963440182844,-0.6287543032579583,0.4939150308367522,5,1.0,POINT
1.821260711382099,0.9465522974570775,0.8196728587949582,0.7752010397122366,1.2606456694551469,0.622332063280879,0.622332063280879,0.23298929056387968,1.0,1.0,0.0,0.0,1.0,0.8254042267799377,0.6292812824249268,0.6799214482307434,0.23217308521270752,-0.08053895690616258,-0.16602743434698522,0.9828267230110427,3,0.0,POINT
1.739475799720614,0.7747524737958639,0.76170428327842,0.7830417878191278,1.1570282980139952,0.6561613538821938,0.6561613538821938,0.22745114249867113,1.0,0.0,0.0,0.0,1.0,0.8016458749771118,0.6368592977523804,0.7577294707298279,0.21692249178886414,0.3284983735112996,-0.0175161858718767,0.9443421000002766,2,0.0,POINT
1.8210795589299549,0.8400486123060363,0.7879586042021901,0.8236129160338904,1.2475185927557706,0.6979087213897841,0.6979087213897841,0.22131999338656955,1.0,0.0,0.0,0.0,1.0,0.7956839203834534,0.677972674369812,0.6479750275611877,0.28538909554481506,0.3243619402914485,-0.19059588102859215,0.9265325368411523,2,0.0,POINT
1.8081230369725991,0.7111490683100304,0.7207862749120574,0.7533663586634938,1.1937343162768805,0.7304263826830865,0.7304263826830865,0.22198026190413903,1.0,0.0,0.0,0.0,1.0,0.8128076791763306,0.7089548707008362,0.6350577473640442,0.348374605178833,0.15210583956543927,-0.16396742230037392,0.9746684041222757,2,0.0,POINT
2.0555192322586495,1.2105889318264114,1.0792045013763016,1.1895570659592731,1.1992305059284945,0.806717205092429,0.806717205092429,0.21025910236951803,1.0,1.0,1.0,1.0,1.0,0.7702072262763977,0.8445991277694702,0.717799186706543,0.381083607673645,0.716334184561415,-0.5335553495788262,0.449648779565284,5,1.0,POINT
1.9558292694400614,1.108160788575008,1.0411216369239202,1.105613752504662,1.1897291325735735,0.7242167833722253,0.7242167833722253,0.21486429378332297,1.0,1.0,1.0,1.0,1.0,0.7716143727302551,0.8688044548034668,0.6641680598258972,0.42334097623825073,0.7305988126876786,-0.5260427179469763,0.435321069779895,5,1.0,POINT
1.829726844522849,0.8135580590440472,0.7433215620857285,0.7640967182907351,1.1555141064684786,0.7719863645578894,0.7719863645578894,0.1960063900682562,1.0,0.0,0.0,0.0,1.0,0.7627871036529541,0.8306697010993958,0.6313130259513855,0.47799980640411377,0.4356119733985126,-0.2366250267355687,0.8684761397725588,2,0.0,POINT
1.8241506128227754,0.9135488953745916,0.8734492102381451,0.831225264745589,1.083508643338143,0.8540980398972713,0.8540980398972713,0.17571116288859873,1.0,1.0,0.0,0.0,1.0,0.6859294176101685,0.7869762778282166,0.6171239018440247,0.46133020520210266,0.6834644460045163,0.04450238792920791,-0.7286260278883386,3,0.0,POINT
1.8218802230306705,0.8548664812962818,0.8272772913818439,0.8030238347124051,1.108696298533019,0.8777908497671641,0.8777908497671641,0.1760248512287168,1.0,0.0,0.0,0.0,1.0,0.6719257235527039,0.7918158769607544,0.5958516597747803,0.46877485513687134,0.8896866920584131,-0.04570047145537497,-0.4542786115182125,2,0.0,POINT
1.8988330120392045,1.0213197035588506,0.9080748013751024,0.9274077070082288,1.1597249392518292,0.823092166712823,0.823092166712823,0.1668771966029527,1.0,1.0,1.0,1.0,1.0,0.6578006744384766,0.7969967722892761,0.6092209815979004,0.4712565541267395,0.703903466432424,-0.08532469514286993,-0.7051521866541958,5,1.0,POINT
1.686349541373519,0.7570157341347314,0.690511215968784,0.6935112952050815,1.0851912534445287,0.7431606079718821,0.7431606079718821,0.20076076827420888,1.0,0.0,0.0,0.0,1.0,0.6483637690544128,0.7420913577079773,0.5958836078643799,0.40063077211380005,0.8495607799121645,-0.06065262693282138,0.5239921183387998,2,0.0,POINT
1.653052642779762,0.7656692281783266,0.7195368451347168,0.7458380019423447,1.0681231845889363,0.7083385890733046,0.7083385890733046,0.2059121359288184,1.0,0.0,0.0,0.0,1.0,0.6592699289321899,0.7576512694358826,0.6030365824699402,0.4099741578102112,0.9078745501329385,-0.06449572000035135,0.41425125627154236,2,0.0,POINT
1.7883613373896852,1.9634803478101628,1.0083751259271585,0.8862569541734753,1.118363907279271,0.85742685902564,0.85742685902564,0.17730133374088483,1.0,1.0,1.0,0.0,1.0,0.6858285665512085,0.7738287448883057,0.651241660118103,0.44713401794433594,0.9323022534161207,-0.023406993580822537,-0.3609219041935951,4,0.0,POINT
1.839958329275976,1.0334985102704362,0.9950449575822354,0.8928036561787884,1.1142656680673924,0.7281511857696903,0.7281511857696903,0.174088090029823,1.0,1.0,1.0,0.0,1.0,0.6867350339889526,0.7956414818763733,0.6454315185546875,0.4577491581439972,0.5330302359569751,0.04082541677027478,-0.8451106749421552,4,0.0,POINT
1.8373617354766851,1.0743383415647048,1.0424516275975482,0.9394842593854923,1.0896854457549687,0.7418361706498479,0.7418361706498479,0.17282767654923556,1.0,1.0,1.0,1.0,1.0,0.6650264263153076,0.797154426574707,0.6281765699386597,0.4634959101676941,0.4952919931597195,-0.020215713485009463,-0.8684913162721688,5,1.0,POINT
1.9127769153128253,1.0679387067209194,1.0349011284225014,0.9700927514327918,1.072375664939948,0.9024068615876895,0.9024068615876895,0.17154927083270086,1.0,1.0,1.0,1.0,1.0,0.6565831303596497,0.8073559999465942,0.626664936542511,0.47038862109184265,0.3963977453334001,0.02875423847856163,-0.9176284767072755,5,1.0,POINT
1.8124798502901136,1.1414480825433753,0.8973724393302829,0.8325264224594726,1.100002589479357,0.8757278068425741,0.8757278068425741,0.16798178975483852,1.0,1.0,0.0,0.0,1.0,0.6567943692207336,0.8104859590530396,0.589865505695343,0.49472206830978394,0.8436472159927965,0.07654638434762635,-0.5314132346779756,3,0.0,POINT
1.689286655746941,0.6946255296485209,0.6339843467502635,0.6712125819451196,1.096825067174057,0.7723107444033577,0.7723107444033577,0.1976816854676566,1.0,0.0,0.0,0.0,1.0,0.635095477104187,0.8382861018180847,0.579543948173523,0.4974144697189331,0.5475088650853996,-0.11109860429143648,0.8293920320194741,2,0.0,POINT
1.8625947364866748,0.9658081733823652,0.8610700615771655,0.9225006794846669,1.162202544792597,0.7245569706084656,0.7245569706084656,0.1867703675574798,1.0,1.0,0.0,1.0,1.0,0.7084362506866455,0.8298249840736389,0.6146489381790161,0.47413673996925354,0.4107727725358827,-0.1539856716914184,0.8986401628332259,4,0.0,POINT
1.8738181722770102,0.8159534114724194,0.7626898435941457,0.8030695872121144,1.2267728505325837,0.7051841002317396,0.7051841002317396,0.1895234826368379,1.0,0.0,0.0,0.0,1.0,0.7301066517829895,0.8121722936630249,0.6329445838928223,0.45684581995010376,0.3097733833154254,-0.1966091264000016,0.930260878681643,2,0.0,POINT
1.835418160784609,0.8178478272623901,0.6910620349143056,0.7454681353126754,1.1804642347515206,0.7614584092215358,0.7614584092215358,0.1839981390947854,1.0,0.0,0.0,0.0,1.0,0.7544116973876953,0.7827878594398499,0.6497554779052734,0.44846659898757935,0.293235201395391,-0.11673024075843233,0.9488873313281629,2,0.0,POINT
1.8232249241048768,0.7603223869342546,0.7332424498635199,0.8411080430109976,1.149657568778573,0.8527414823768007,0.8527414823768007,0.1859879523797047,1.0,0.0,0.0,0.0,1.0,0.7626051902770996,0.7778152227401733,0.6327491402626038,0.4595215916633606,0.30353727264325336,-0.15057652341929503,0.9408463395854042,2,0.0,POINT
1.8236050022881143,0.7802589044658729,0.7447261144030853,0.8700309430045123,1.1046960762351752,0.8749449732702377,0.8749449732702377,0.1849271250985662,1.0,0.0,0.0,0.0,1.0,0.7594107389450073,0.7900069952011108,0.637396514415741,0.47108006477355957,0.2847646466736655,-0.09037888895234673,0.9543273822104036,2,0.0,POINT
1.3175408822616272,1.1287711251516412,0.9906710294469536,0.9063742601965031,1.25434227926567,1.0271334408447335,1.0271334408447335,0.13154742828173008,1.0,1.0,1.0,1.0,1.0,0.7463577389717102,0.7771876454353333,0.6447449922561646,0.6287078857421875,0.683516263514942,-0.42486588130931113,-0.5935440172471076,5,1.0,POINT
1.482706728330416,1.3302465810409527,1.1107948096961275,1.1425347409832487,1.1400945097410553,0.4942248805848065,0.4942248805848065,0.14808757140465603,1.0,1.0,1.0,1.0,1.0,0.7290928959846497,0.8090059757232666,0.6785816550254822,0.6343580484390259,0.9739731028176071,0.15918009096908597,-0.16136323505345462,5,1.0,POINT
1.5188082508039338,1.6063533587469714,1.4811931801870677,1.3307770193018291,1.0219790376185562,0.6723034136199026,0.6723034136199026,0.1320722984460746,1.0,1.0,1.0,1.0,1.0,0.7183766961097717,0.7855497598648071,0.6506038308143616,0.647444486618042,0.9647199705595305,0.17711500595959181,-0.19479644007925934,5,1.0,POINT
1.5330150836301737,1.2595743736981204,1.0167663120417647,1.0240154080464765,1.0961977411148878,0.5411271214299564,0.5411271214299564,0.14208986922249336,1.0,1.0,1.0,1.0,1.0,0.7229313850402832,0.778031051158905,0.6645071506500244,0.6070008873939514,0.9590597814267753,0.1938651064684096,-0.20644770801250947,5,1.0,POINT
1.6591496351263793,1.4708655474565335,1.1973163735902113,1.0919741949686375,1.1981764068563017,0.528636518759544,0.528636518759544,0.13642261945541478,1.0,1.0,1.0,1.0,1.0,0.714573085308075,0.7909371256828308,0.6492814421653748,0.6133009195327759,0.9340797160406838,0.2611003282322307,-0.24356047027047828,5,1.0,POINT
1.6667891087558535,1.4929564603292578,1.239252161470354,1.1365737882348672,1.2076035757323498,0.5637820902745394,0.5637820902745394,0.13411052801107642,1.0,1.0,1.0,1.0,1.0,0.709230899810791,0.7907745838165283,0.6366249918937683,0.6191972494125366,0.9261779379336494,0.2757792440205636,-0.25717744040335133,5,1.0,POINT
1.6371241038314501,1.4197659668699025,1.0886640124965263,1.0353149586664792,1.17843010351056,0.5770329619004548,0.5770329619004548,0.13338455180143588,1.0,1.0,1.0,1.0,1.0,0.7153198719024658,0.7892048358917236,0.6643905639648438,0.6152620911598206,0.9401126100013902,0.2137996962191675,-0.26547687359347466,5,1.0,POINT
1.7328936470856713,1.2374488435677342,1.0103989755119356,1.0734399729179536,1.109713091016133,0.778717568947234,0.778717568947234,0.13634188478485376,1.0,1.0,1.0,1.0,1.0,0.7019144892692566,0.8133150339126587,0.6571981906890869,0.6018116474151611,0.9927187661116391,0.050533762817042964,-0.10934253621228886,5,1.0,POINT
1.9389591833263973,0.8828135496664998,0.7173070039442477,0.7171202907676506,1.1434829356113843,1.1183461945928408,1.1183461945928408,0.1628240174048039,1.0,0.0,0.0,0.0,1.0,0.6734938025474548,0.8477787375450134,0.6328369379043579,0.5430816411972046,0.25261560911952824,-0.2849344336278721,0.9246608689472771,2,0.0,POINT
1.9133899097907034,0.7893567957935036,0.6975230662416567,0.735083347008438,1.150518609485317,1.091845199108245,1.091845199108245,0.17721780630814335,1.0,0.0,0.0,0.0,1.0,0.7001909017562866,0.8680577874183655,0.6236249208450317,0.5395961403846741,0.20555244243410356,-0.22930992639131084,0.9514016770364588,2,0.0,POINT
1.922441172288791,0.8880963616767785,0.8540214381890917,0.9824863651065938,1.201047030285539,0.887712004758098,0.887712004758098,0.18560477543299156,1.0,0.0,0.0,1.0,1.0,0.7452936172485352,0.8074769973754883,0.6011333465576172,0.4787924289703369,0.32119797548307366,-0.24170163900122413,0.9156485014729707,3,0.0,POINT
2.043891419805936,1.1448517187843679,0.9550850732702193,1.0618225702900521,1.24297299059861,0.7776952154255407,0.7776952154255407,0.18585542533682772,1.0,1.0,1.0,1.0,1.0,0.7851948738098145,0.7674871683120728,0.6189296841621399,0.4393371045589447,0.0959330596814136,-0.28654028286053,0.9532531218718193,5,1.0,POINT
1.875192481840503,1.2381225242079512,1.2380410347936566,1.3972235078797184,1.1321658044891212,0.7739681767031423,0.7739681767031423,0.19227499297999412,1.0,1.0,1.0,1.0,1.0,0.8212945461273193,0.7472401261329651,0.6565834283828735,0.41080260276794434,0.8098726663988483,-0.5761847537769037,-0.11007903403949715,5,1.0,POINT
1.7174882322447391,0.9278476474550983,0.914844347818512,1.0430776992458903,1.1719707398122847,0.7111735410633746,0.7111735410633746,0.20114297944933215,1.0,1.0,1.0,1.0,1.0,0.7571887969970703,0.7603209018707275,0.7016342282295227,0.3981648087501526,0.8908461389906533,0.12946834201152865,-0.4354665372473889,5,1.0,POINT
1.780891110711273,0.9600765105346702,0.9362900916412864,0.8819003528480778,1.0777562408216081,0.7241705299642969,0.7241705299642969,0.19861728482049423,1.0,1.0,1.0,0.0,1.0,0.7266227602958679,0.7611701488494873,0.6852155327796936,0.39104753732681274,0.5715665542552097,0.02942275701137792,-0.8200280333175664,4,0.0,POINT
1.8811661843808354,1.066995916389224,1.046745630903612,0.9607400244460976,1.1018215818624382,0.7533362133912311,0.7533362133912311,0.18486340029082435,1.0,1.0,1.0,1.0,1.0,0.6961321830749512,0.7764623165130615,0.6683587431907654,0.4119960069656372,0.4309846976847791,0.006965549700042208,-0.9023323508990109,5,1.0,POINT
1.8858003900777025,1.0874510848994159,1.0620657795846675,0.9640949719469067,1.1050630227784632,0.7741462147867634,0.7741462147867634,0.18355038134839508,1.0,1.0,1.0,1.0,1.0,0.6842412948608398,0.776526689529419,0.6606004238128662,0.4174175262451172,0.4006636492951641,-0.029275760273781152,-0.9157573750693323,5,1.0,POINT
1.8109130877654185,1.0964656649959055,1.0773536609217735,0.9914074962927429,1.1171042614433844,0.6670115299013432,0.6670115299013432,0.1924255984728694,1.0,1.0,1.0,1.0,1.0,0.6667118072509766,0.7948377728462219,0.6599055528640747,0.43794119358062744,0.34845671894171776,-0.04818439244711209,-0.9360855619807815,5,1.0,POINT
1.8957319392404828,1.1258288265591634,1.1039366515706557,1.0136287285791892,1.1284852178724956,0.6257064876324252,0.6257064876324252,0.1844705788412782,1.0,1.0,1.0,1.0,1.0,0.6355581283569336,0.8214437961578369,0.6391820907592773,0.4637206792831421,0.29868777767961047,0.028083362443975888,-0.953937595557831,5,1.0,POINT
1.8567838080802401,1.0727075998962838,1.0459553410660827,0.9761109235403378,1.0968232510350746,0.6997316993184964,0.6997316993184964,0.17672176485224964,1.0,1.0,1.0,1.0,1.0,0.6594597101211548,0.8244119882583618,0.6407832503318787,0.4784945249557495,0.440501336350594,0.09825522880967731,-0.892358942738234,5,1.0,POINT
1.8164580923716418,0.8894759260822498,0.7790115920092983,0.8208671830147869,1.0775128129752545,0.9160181604611008,0.9160181604611008,0.1840021627022862,1.0,0.0,0.0,0.0,1.0,0.6705220937728882,0.8249549865722656,0.6272845268249512,0.484996497631073,0.29463132715672097,-0.06937513809573082,0.9530894350857466,2,0.0,POINT
1.788859286613135,0.83564626568914,0.7344858900871989,0.7981839633430615,1.1413566116618583,0.8641489244394521,0.8641489244394521,0.20115586912251218,1.0,0.0,0.0,0.0,1.0,0.7376822233200073,0.8443343639373779,0.6534227132797241,0.48056918382644653,0.22551446875597744,-0.10310965803336748,0.9687680954707123,2,0.0,POINT
1.7529126847814633,0.7966509871135065,0.7894865926756864,0.8193074413049145,1.1898184353421322,0.8118665855824546,0.8118665855824546,0.20608952845944364,1.0,0.0,0.0,0.0,1.0,0.7432215809822083,0.8439391255378723,0.6590436100959778,0.4698806405067444,0.20617441454999846,-0.0978901685719778,0.9736065045396498,2,0.0,POINT
1.7802435367731848,0.7845567126077622,0.7664260628095264,0.8377485542722586,1.1778561105113912,0.8423084909853865,0.8423084909853865,0.202927269934754,1.0,0.0,0.0,0.0,1.0,0.746120810508728,0.8360035419464111,0.650185763835907,0.4696023166179657,0.2141775041647984,-0.10122451826547178,0.9715356882851298,2,0.0,POINT
1.7973753267482604,0.8044393951399784,0.7949542503136339,0.811021107767882,1.2398776822848465,0.7781456254450181,0.7781456254450181,0.2000269008813607,1.0,0.0,0.0,0.0,1.0,0.7542160153388977,0.8221807479858398,0.6301484107971191,0.48010867834091187,0.08372167927551467,-0.15600297381366465,0.9842020892990326,2,0.0,POINT
1.8134390391717188,0.7762171450988952,0.7665302883772213,0.8111116436607635,1.197517914407766,0.8618564728671335,0.8618564728671335,0.1947653594609537,1.0,0.0,0.0,0.0,1.0,0.7758761644363403,0.8093553185462952,0.6310046911239624,0.4882109761238098,0.1852966923455264,-0.20488485133394305,0.9610865379869159,2,0.0,POINT
1.8102658733974606,0.7804668491424185,0.8002532639691959,0.898919289073117,1.1771186141717696,0.8612882342721296,0.8612882342721296,0.19422210615270938,1.0,0.0,0.0,0.0,1.0,0.7768767476081848,0.8171822428703308,0.6407107710838318,0.483456015586853,0.2828934722288655,-0.18288824399216566,0.9415535957022086,2,0.0,POINT
1.7938903192857452,0.7704927710763401,0.7890651527975668,0.8531800945789954,1.165286874137447,0.8615714032524205,0.8615714032524205,0.19612792880108648,1.0,0.0,0.0,0.0,1.0,0.7709064483642578,0.8184477686882019,0.634114682674408,0.48527270555496216,0.18404646933892335,-0.14788665247556695,0.9717285810057495,2,0.0,POINT
1.8670616434528833,0.8458838911024138,0.8182375890921484,0.8879668607449787,1.260970735704488,0.8477392526923179,0.8477392526923179,0.18985950628774065,1.0,0.0,0.0,0.0,1.0,0.7692003846168518,0.8287015557289124,0.6048810482025146,0.5212790369987488,0.0782418680759732,-0.19481680683065264,0.9777139775293642,2,0.0,POINT
1.892018996763103,0.8404498479100921,0.7973978911489302,0.839715228853803,1.2516605924730277,0.989700105423391,0.989700105423391,0.18105776079287986,1.0,0.0,0.0,0.0,1.0,0.8021458387374878,0.786861002445221,0.5846863985061646,0.5580235123634338,-0.09830148686425287,-0.22299652961220928,0.9698501768114435,2,0.0,POINT
1.9495465193160828,0.9045395814320868,0.8912542671427879,0.9689267427666794,1.0582589490227243,0.9406255159678636,0.9406255159678636,0.17747886390697154,1.0,1.0,0.0,1.0,1.0,0.8044511675834656,0.8013738393783569,0.6382832527160645,0.4822131395339966,0.3897606497268872,-0.18511537386022628,-0.9021191353058993,4,0.0,POINT
1.662201781800714,0.7971207068670996,0.6851293017743966,0.7051720396828122,0.9755306723822329,0.8764947320749268,0.8764947320749268,0.20902767496948332,1.0,0.0,0.0,0.0,1.0,0.7167470455169678,0.7977472543716431,0.764590322971344,0.43256646394729614,0.44312163306265795,0.054325025993590105,0.8948139526531081,2,0.0,POINT
1.7039165233417195,0.74218554808482,0.6711866022527806,0.7198237423934714,1.0358759449680148,0.8257866813758132,0.8257866813758132,0.19996856855606446,1.0,0.0,0.0,0.0,1.0,0.7031745910644531,0.8324591517448425,0.7892757654190063,0.4764751195907593,0.40880974694379496,0.057478456814855146,0.9108077831276657,2,0.0,POINT
1.7441800198754192,0.9745539584346766,0.8369390558793198,0.7789558164134452,1.082803754134423,0.8424249983048075,0.8424249983048075,0.18089356435781356,1.0,1.0,0.0,0.0,1.0,0.6872047781944275,0.8522582054138184,0.872697651386261,0.5569632053375244,0.4747157823060581,0.1805667857209413,0.8614177627167638,3,0.0,POINT
1.7393171341230687,0.8297465849446461,0.691346549324357,0.7117047808991255,1.1943142266509783,0.7665608424640312,0.7665608424640312,0.228466181810382,1.0,0.0,0.0,0.0,1.0,0.7100536823272705,0.8852294683456421,0.6639609336853027,0.4816531538963318,0.42716570896930117,-0.1805935046350892,0.8859545378654429,2,0.0,POINT
1.9418828347985848,0.9293917688958157,0.6788455402613113,0.6861883255824462,1.2066239076462904,1.0196812283309777,1.0196812283309777,0.20362677045269073,1.0,1.0,0.0,0.0,1.0,0.7415235638618469,0.8589993119239807,0.641502857208252,0.47366076707839966,0.2390956479233636,-0.17644163472425672,0.9548306764447501,3,0.0,POINT
1.837016689189341,0.9780602368733106,0.8345717805062204,0.8515239188352038,1.1478099373097392,0.9371921673775966,0.9371921673775966,0.21194588469527523,1.0,1.0,0.0,0.0,1.0,0.7427161931991577,0.8340778350830078,0.6932473182678223,0.45020854473114014,0.514920002098736,-0.29189997444421234,0.8060097991700261,3,0.0,POINT
1.839670408774906,1.0455599396397726,0.9816691185018473,0.9039043571486379,1.13532069146304,0.6890499779210757,0.6890499779210757,0.18659417522684835,1.0,1.0,1.0,1.0,1.0,0.7402722239494324,0.8316968679428101,0.6978373527526855,0.45876315236091614,0.6024311057717514,0.17118897759905385,-0.7795967526530722,5,1.0,POINT
1.870695774509559,1.1110740858217354,1.0748196728757242,0.951500657145141,1.1073747629250268,0.6825739630509468,0.6825739630509468,0.18026538374304857,1.0,1.0,1.0,1.0,1.0,0.6944102644920349,0.8363028764724731,0.6508699059486389,0.47402703762054443,0.39828860435182994,0.09670305958133815,-0.9121484012544666,5,1.0,POINT
1.8212407334876237,1.0282364900023375,0.9857001365316168,0.8881268219514098,1.0984565827081705,0.7015556514242892,0.7015556514242892,0.18569206567941296,1.0,1.0,1.0,0.0,1.0,0.698888897895813,0.8223651051521301,0.6558507680892944,0.46761554479599,0.5165809433142513,0.04641082786838277,-0.8549796278632197,4,0.0,POINT
1.7474609004894586,0.8862910252362941,0.8230627668732541,0.8082300083146868,1.138490823864694,0.789627011361019,0.789627011361019,0.19869452961526163,1.0,0.0,0.0,0.0,1.0,0.6989744305610657,0.8303001523017883,0.6246532201766968,0.47208714485168457,0.9085862472981701,0.002797402718044349,-0.417687928672426,2,0.0,POINT
1.6765561556926596,0.7291052410493475,0.6565397644703229,0.6726175481473349,1.0333182660469447,0.8380959106718174,0.8380959106718174,0.2044313569837069,1.0,0.0,0.0,0.0,1.0,0.617918848991394,0.8170064687728882,0.5541703701019287,0.4705355763435364,0.7054854906271026,-0.08428366241892232,0.7036948818656346,2,0.0,POINT
1.8221251532546343,0.8969477390579869,0.5889289227140444,0.6466704223520376,1.1124197774716909,0.8428292945737913,0.8428292945737913,0.1919196897072909,1.0,0.0,0.0,0.0,1.0,0.591132402420044,0.7968306541442871,0.5314761996269226,0.44198107719421387,0.4361262043262703,-0.09066104993001983,0.8953069350371116,2,0.0,POINT
1.8172975907692932,0.8606295225805114,0.6499140021886237,0.6916920300776592,1.0953531172530953,0.87202276648522,0.87202276648522,0.2047195123380472,1.0,0.0,0.0,0.0,1.0,0.5712864398956299,0.7875725030899048,0.489322692155838,0.4079652726650238,0.4366863817040618,-0.1138287574508371,0.8923833357988107,2,0.0,POINT
1.698082895376739,0.7443859918942731,0.6788343680425694,0.6914095980912446,1.1008670873107502,0.7230703783744251,0.7230703783744251,0.22742323150983068,1.0,0.0,0.0,0.0,1.0,0.5893059968948364,0.7729807496070862,0.49767932295799255,0.38809674978256226,0.441822034724268,-0.15396580341222976,0.8837917294316203,2,0.0,POINT
1.8699852193995112,0.9929717294115887,0.9013408112254564,0.8838808921464176,1.140812766746645,0.9789955107530668,0.9789955107530668,0.19457386086289616,1.0,1.0,1.0,0.0,1.0,0.7330183982849121,0.6681175827980042,0.5134122371673584,0.373638778924942,-0.0942227004210142,0.064438455881226,0.9934635212875284,4,0.0,POINT
1.8693832807153414,0.8581079983001088,0.8032837572346696,0.7870281156595066,1.2004203970429936,0.862191673936989,0.862191673936989,0.19834555920470798,1.0,0.0,0.0,0.0,1.0,0.7876803874969482,0.6417044401168823,0.5684708952903748,0.34827378392219543,0.07937549834470438,-0.17166565209298085,0.9819523583932275,2,0.0,POINT
1.7408219381682348,1.1776937734291522,0.7949108539329998,0.9886145794333471,1.1555133307408405,0.7178953255532833,0.7178953255532833,0.23285926794944553,1.0,1.0,0.0,1.0,1.0,0.7799283266067505,0.6560732126235962,0.716018795967102,0.24917557835578918,-0.05621365102841207,0.07404208496913006,0.9956695210216491,4,0.0,POINT
1.7033033490445757,1.6907417250926817,1.6071642937127395,1.5257856102325462,1.141285024694352,0.6890276608415119,0.6890276608415119,0.24724155744927853,1.0,1.0,1.0,1.0,1.0,0.7743462920188904,0.6801714897155762,0.7417402267456055,0.2586117088794708,0.08932613170252646,0.11332278889905806,0.9895346318907704,5,1.0,POINT
1.786275277645613,1.4253587554827218,1.3099975168748201,1.4589389542737292,1.2200728239762022,0.6412646072103632,0.6412646072103632,0.22915066557078864,1.0,1.0,1.0,1.0,1.0,0.8134150505065918,0.6837190389633179,0.6684549450874329,0.31169891357421875,-0.025262729664802516,-0.01948910200121046,0.9994908550822611,5,1.0,POINT
1.7180928111072882,1.7940827737453955,1.39371758555923,1.3417973623206672,1.1570317724466717,0.6374140936754062,0.6374140936754062,0.2128358837453224,1.0,1.0,1.0,1.0,1.0,0.787061333656311,0.6681164503097534,0.8538030982017517,0.2964957654476166,0.7894959727043206,-0.06604753878364539,0.6101916352296888,5,1.0,POINT
1.6707375636107158,0.993376637618659,0.822351512808357,0.8095392073030336,1.1084159407343002,0.8250535218722055,0.8250535218722055,0.19779543455271154,1.0,1.0,0.0,0.0,1.0,0.7281411290168762,0.6826409101486206,0.8878896236419678,0.3587989807128906,0.6789785578227593,0.29711764646687383,0.6713488081280189,3,0.0,POINT
1.7217749026636793,0.9780838954156438,0.9379545718775174,0.8835843827801964,1.107610891977411,0.6887057644884692,0.6887057644884692,0.21235564095852788,1.0,1.0,1.0,0.0,1.0,0.7654992938041687,0.7414851784706116,0.7394461631774902,0.3464459180831909,0.7399492973428089,0.19454840724474,-0.6439145553568565,4,0.0,POINT
1.7744320543147616,0.9833110634390004,0.9320538371210886,0.8847063711337593,1.074566214223882,0.7475355646975577,0.7475355646975577,0.194210578708009,1.0,1.0,1.0,0.0,1.0,0.7521536946296692,0.7382817268371582,0.7087174654006958,0.3738662898540497,0.6494106862991471,0.09988222411203437,-0.7538496546572826,4,0.0,POINT
1.7618086652939249,0.9583678989912713,0.9458653758389479,0.9329879780161887,1.1180900868394092,0.699994439306293,0.699994439306293,0.19039109602783408,1.0,1.0,1.0,1.0,1.0,0.755685031414032,0.7507188320159912,0.6831828355789185,0.39970001578330994,0.7879849117087968,0.11484954459256512,-0.6048878912874354,5,1.0,POINT
1.7217930300153401,0.7988799569991598,0.6481555581635047,0.6532198947980862,1.112850247635452,0.7992349039867191,0.7992349039867191,0.2027926952595333,1.0,0.0,0.0,0.0,1.0,0.7147896885871887,0.7633033394813538,0.6503626704216003,0.4144192039966583,0.4157251026171414,-0.09137504889458628,0.9048885232411114,2,0.0,POINT
1.751283933943328,0.9403130745116324,0.6678568695203252,0.7050841304598993,1.1502446574641885,0.8085972243981315,0.8085972243981315,0.19650727507931506,1.0,1.0,0.0,0.0,1.0,0.7119453549385071,0.7976491451263428,0.6325508952140808,0.4492672085762024,0.41563820256099077,-0.0918027027342523,0.904885157543517,3,0.0,POINT
1.724288188689677,1.0682470109507598,0.7325886975669076,0.7321554457510098,1.121411140675254,0.782970550893057,0.782970550893057,0.2011234568923692,1.0,1.0,0.0,0.0,1.0,0.696374237537384,0.8231199979782104,0.6489900946617126,0.47426891326904297,0.5239027962633628,-0.13140461179785473,0.8415810644647872,3,0.0,POINT
2.018628966554347,1.0842740593369038,0.9488969288729135,0.9735371441773624,1.2290795933490293,0.8338018779699038,0.8338018779699038,0.16785306290561033,1.0,1.0,1.0,1.0,1.0,0.6945511698722839,0.8595031499862671,0.6756379008293152,0.5173726677894592,-0.7602837578553744,0.1337614832208839,-0.6356700977298363,5,1.0,POINT
1.9381972955572024,1.0914059264126685,1.0149758596247407,0.9722637985082451,1.146025060441644,0.7874044222539983,0.7874044222539983,0.16755031791153294,1.0,1.0,1.0,1.0,1.0,0.7053803205490112,0.887548565864563,0.677402913570404,0.5365079641342163,0.6444794027042701,0.26327228042288575,-0.7178676799040897,5,1.0,POINT
2.0123832351787097,1.1127186517794512,1.0414525115263866,0.9505697989889654,1.1403604021636589,0.8103412215143299,0.8103412215143299,0.1588816320269191,1.0,1.0,1.0,1.0,1.0,0.7043922543525696,0.8793413043022156,0.683392345905304,0.5355803966522217,0.5332505134753946,0.2298253712559051,-0.8141401529253508,5,1.0,POINT
2.019287828367917,1.129913435302296,1.0762792933268133,0.9592056174812693,1.117469912663148,0.80048168397935,0.80048168397935,0.15788676606517937,1.0,1.0,1.0,1.0,1.0,0.7068038582801819,0.8896967172622681,0.7055498957633972,0.5523638725280762,0.42108777233565586,0.24251796309065865,-0.8739966393343584,5,1.0,POINT
2.0172790267822225,1.1003088237126282,1.0367669981902268,0.947408347762875,1.130088859108542,0.8111184459075138,0.8111184459075138,0.1600534134675426,1.0,1.0,1.0,1.0,1.0,0.7170609831809998,0.930072009563446,0.7163950204849243,0.589848518371582,0.4449440744667977,0.2919324213923304,-0.8466405565155117,5,1.0,POINT
1.892405112548624,1.048934652277658,0.9017650377216987,0.9231317052836461,1.157246612806418,1.0177542973431641,1.0177542973431641,0.14288672327723087,1.0,1.0,1.0,1.0,1.0,0.7505645155906677,0.8270254135131836,0.7128430604934692,0.5650972723960876,0.9797142323057801,0.08955575435169176,-0.17927573700865168,5,1.0,POINT
1.5245737130437438,1.434828509179954,1.1114729664464051,1.0805130531232412,1.206074058888233,0.599323473928901,0.599323473928901,0.11716894835265562,1.0,1.0,1.0,1.0,1.0,0.7528051137924194,0.7394507527351379,0.6906542778015137,0.6010953783988953,0.8526014097697657,0.3125934692670288,-0.4187554883583155,5,1.0,POINT
1.5219280845323349,1.382531675230026,1.056450624210654,1.018573055824887,1.2327745693523224,0.4998159362522658,0.4998159362522658,0.11538995420135335,1.0,1.0,1.0,1.0,1.0,0.7465347647666931,0.7258443236351013,0.6907782554626465,0.5921268463134766,0.9425102882074137,0.23202459187858393,-0.24049728769105558,5,1.0,POINT
1.726201209679397,1.4105576742371684,1.137873768535679,1.0917407214933614,1.1917552065251718,0.6525373070040692,0.6525373070040692,0.11999280422477675,1.0,1.0,1.0,1.0,1.0,0.7320597171783447,0.7247856855392456,0.6732454895973206,0.5830761194229126,0.9778228626997045,0.15950194966647774,-0.13572611110006463,5,1.0,POINT
1.83762948101803,1.307890174076157,1.0364613170934673,0.9737370220014453,1.1190082753778907,1.0409028654228043,1.0409028654228043,0.1105195053073211,1.0,1.0,1.0,1.0,1.0,0.7247274518013,0.728166401386261,0.6694243550300598,0.5682514905929565,0.9635079845415563,0.16340334407641377,-0.21201818523257232,5,1.0,POINT
1.8280453000436214,0.7795990154431909,0.661515970281103,0.6751172529454037,1.0998062476114525,1.0693449991406694,1.0693449991406694,0.16971748916616053,1.0,0.0,0.0,0.0,1.0,0.6993313431739807,0.8059820532798767,0.6300506591796875,0.5059942007064819,0.3108935692431882,-0.20459962838473333,0.9281617211822841,2,0.0,POINT
1.865858894632142,0.7890490777865972,0.6806665412183018,0.6983528714398464,1.1308405526273493,1.0870425248746112,1.0870425248746112,0.1699019307211881,1.0,0.0,0.0,0.0,1.0,0.7006462812423706,0.8211150169372559,0.6266151070594788,0.5070502758026123,0.31326812166704826,-0.19363631471790693,0.9297139676102899,2,0.0,POINT
1.9019103974219813,0.7722718348423394,0.686781461399278,0.71292338499845,1.1145206094843028,1.1303182346876726,1.1303182346876726,0.1649382987727785,1.0,0.0,0.0,0.0,1.0,0.7010698318481445,0.8205747604370117,0.6253134608268738,0.5092445015907288,0.29255478388550693,-0.17828373606921638,0.9394820955605839,2,0.0,POINT
1.895678326018839,0.7593295835083521,0.6890516231567321,0.7239251696073257,1.1541293965173003,1.082068691577067,1.082068691577067,0.1665246968161628,1.0,0.0,0.0,0.0,1.0,0.7046955823898315,0.8250600099563599,0.6288114786148071,0.5153597593307495,0.23779839598012337,-0.18076243645189924,0.9543463021551734,2,0.0,POINT
1.8804366675594482,0.8806950337256676,0.8862989778928722,0.9874768211647702,1.1833126237269267,1.0284629951227104,1.0284629951227104,0.17228344061584547,1.0,0.0,0.0,1.0,1.0,0.6987934708595276,0.851029634475708,0.6161629557609558,0.535381019115448,0.31460393823634686,-0.17738096774398143,0.9325022007096763,3,0.0,POINT
1.9012793937848522,1.3604014393475508,0.7086311420685265,0.8386290129095803,1.186432521691985,0.9904949257198953,0.9904949257198953,0.17891175977983564,1.0,1.0,0.0,0.0,1.0,0.7214148044586182,0.8567613959312439,0.6128621697425842,0.5534617304801941,-0.0048647378573699,-0.14793217667179295,0.9889855435903623,3,0.0,POINT
1.7976642256101916,0.9011033405918394,0.85096652922885,0.997338602075262,1.047091298319031,0.9778491747532663,0.9778491747532663,0.17739138298421814,1.0,1.0,0.0,1.0,1.0,0.7416278719902039,0.8638533353805542,0.6578154563903809,0.5365021228790283,0.8349818874108167,-0.3070283545508326,0.4566605273041215,4,0.0,POINT
1.8332322001186194,1.01446935047217,0.9641033278168627,0.9303209571459566,1.1584448603281485,0.8746036947288628,0.8746036947288628,0.17226800537218392,1.0,1.0,1.0,1.0,1.0,0.7379344701766968,0.8789445161819458,0.6822434067726135,0.5406643748283386,0.9335292454480184,0.11697874617660159,-0.338879212753163,5,1.0,POINT
1.8597980002493673,1.0445215197627467,0.9887011037915487,0.958095028692016,1.1533676779274218,0.8257469767823323,0.8257469767823323,0.1674310373284973,1.0,1.0,1.0,1.0,1.0,0.7206032276153564,0.8757482767105103,0.6680462956428528,0.5399038195610046,0.7967062472051335,0.1630364696027978,-0.5819607076459447,5,1.0,POINT
1.7385786227737074,0.7642861677778541,0.6899009538271839,0.7622499515448734,1.0801334125697015,0.8887088935408273,0.8887088935408273,0.18283735044301644,1.0,0.0,0.0,0.0,1.0,0.681111216545105,0.876858115196228,0.646711528301239,0.5582791566848755,0.6673769710414844,-0.12807314952348972,0.7336247316541527,2,0.0,POINT
1.8289093338480513,0.8500669546489678,0.6853825495013136,0.6819507652374805,1.2176134587891136,0.9148641235235261,0.9148641235235261,0.1836894373204971,1.0,0.0,0.0,0.0,1.0,0.7024962306022644,0.9034777879714966,0.6328920722007751,0.567608118057251,0.12196017279632512,-0.12654526322307993,0.9844348696624332,2,0.0,POINT
1.7731765582574355,0.8872524314164209,0.7688867276841492,0.71240420776413,1.1662580640063747,0.933098141576152,0.933098141576152,0.187055891405256,1.0,0.0,0.0,0.0,1.0,0.714393675327301,0.8967562317848206,0.6502390503883362,0.553995668888092,0.11930748504240359,-0.11000640310767242,0.9867443008642963,2,0.0,POINT
1.815183248621288,0.8447624133818559,0.8003018293880694,0.8651316652316235,1.0576133627963555,0.8919183749184864,0.8919183749184864,0.18052412022723024,1.0,0.0,0.0,0.0,1.0,0.7283990383148193,0.8940898776054382,0.7165170907974243,0.5530527830123901,0.968826719001975,0.08282574068478797,0.2334838007825898,2,0.0,POINT
1.8655440654218474,1.0558207584725152,1.0123921682904782,0.9513469425459246,1.1395292961254626,0.7875284864234045,0.7875284864234045,0.16991599601603755,1.0,1.0,1.0,1.0,1.0,0.7440059185028076,0.8836654424667358,0.7331902980804443,0.5392101407051086,0.7605869083870999,0.2890851142528421,-0.5813237923116293,5,1.0,POINT
1.9917802103676812,1.1082730341399636,1.0390701347686222,0.9435979316472092,1.152915902997068,0.7199244477514886,0.7199244477514886,0.15547530858893538,1.0,1.0,1.0,1.0,1.0,0.7364221811294556,0.8633646368980408,0.736851692199707,0.5313212871551514,0.5049846123863785,0.26878439605360743,-0.8202106373920522,5,1.0,POINT
1.884895440214604,1.058732422611823,0.9758304047261301,0.9108356656073269,1.147403768160697,0.752245542612154,0.752245542612154,0.15994821796021536,1.0,1.0,1.0,1.0,1.0,0.7259156703948975,0.8724310398101807,0.6981279253959656,0.5498191118240356,0.8108534837662742,0.23736117001855742,-0.5349544866916419,5,1.0,POINT
1.700795227156159,0.7729682543710841,0.699065661687469,0.7905494154020871,1.0121272416955207,0.913166011161709,0.913166011161709,0.18599535536484624,1.0,0.0,0.0,0.0,1.0,0.6914908289909363,0.8780840039253235,0.6664694547653198,0.5518889427185059,0.9011161324584194,0.0010196168644899444,0.4335766093836591,2,0.0,POINT
1.7656365705637933,0.7674191089683411,0.6788424631206006,0.7101001172876965,1.1187328256140059,0.9898241926032848,0.9898241926032848,0.18237141722225236,1.0,0.0,0.0,0.0,1.0,0.6916101574897766,0.8919835090637207,0.633510172367096,0.5651219487190247,0.4360098500519232,-0.15669815281739177,0.8861947300460078,2,0.0,POINT
1.8923333029804432,0.8196793827889888,0.7670642205249902,0.817747941437979,1.0863205184446167,1.105670570597416,1.105670570597416,0.1794488971637406,1.0,0.0,0.0,0.0,1.0,0.6871968507766724,0.8977372646331787,0.5846633911132812,0.5654817819595337,0.33067848602554856,-0.1710126531273849,0.9281198259654752,2,0.0,POINT
1.8746877693879012,0.7678230282940566,0.7271193249398658,0.7773290446031558,1.1324587640299932,1.0922657393760107,1.0922657393760107,0.1812606968656128,1.0,0.0,0.0,0.0,1.0,0.6904412508010864,0.8918780088424683,0.602448582649231,0.5539786219596863,0.2930908300263961,-0.15402025238752237,0.943597121238149,2,0.0,POINT
1.6178427204526626,1.2312671855798842,1.0915235369835234,1.0802172751171562,1.1118287416700807,0.5316237270597556,0.5316237270597556,0.171368027181462,1.0,1.0,1.0,1.0,1.0,0.7105541229248047,0.9005854725837708,0.6526224613189697,0.605800986289978,0.7751127819607583,-0.12098244208626323,-0.620131779501662,5,1.0,POINT
1.9161250542097006,1.143034201137861,1.0580028850959244,0.9564691051293606,1.1652588340588577,0.6134069468708726,0.6134069468708726,0.15142636563795375,1.0,1.0,1.0,1.0,1.0,0.7048173546791077,0.847381591796875,0.6605955362319946,0.5287211537361145,0.6647401514542725,0.2580920773984264,-0.7010770361584492,5,1.0,POINT
1.9049761427551912,1.1108149967617176,1.0276430221496118,0.9169853935528868,1.106644697451793,0.7993718762913321,0.7993718762913321,0.1568597433397319,1.0,1.0,1.0,1.0,1.0,0.6973860263824463,0.796513557434082,0.6569715142250061,0.4774552583694458,0.5349695058082017,0.15866204825186248,-0.8298397329001862,5,1.0,POINT
1.7417346476687339,0.924482276904044,0.8876314977458954,0.8609352781477551,1.097372472408213,0.9191189126362157,0.9191189126362157,0.1733947528903318,1.0,1.0,0.0,0.0,1.0,0.6791213154792786,0.7947809100151062,0.6275427937507629,0.4712110459804535,0.9868764691666434,0.01908170089163524,-0.16034563697295082,3,0.0,POINT
1.8785732193747107,1.9561899709576327,1.7367155412662372,1.5689946042987457,1.1545139586926392,1.0050830631127738,1.0050830631127738,0.14100179574100705,1.0,1.0,1.0,1.0,1.0,0.6867764592170715,0.78152996301651,0.6329688429832458,0.5198121070861816,-0.08195296567181627,-0.0753450550970596,0.9937840983282109,5,1.0,POINT
1.3735695031019866,1.2270857267447008,1.1559667048820803,1.329989733018875,1.2448343963967685,0.594960855739971,0.594960855739971,0.11050891199953951,1.0,1.0,1.0,1.0,1.0,0.696292519569397,0.7677463293075562,0.6636492013931274,0.6813308000564575,0.9449534485757987,-0.21403557656598798,0.24749091294180972,5,1.0,POINT
1.9058310057541847,0.8002973287593769,0.5839301591062673,0.528283723977585,1.150954554000127,1.0283636672806729,1.0283636672806729,0.1404118771087681,1.0,0.0,0.0,0.0,1.0,0.6817479133605957,0.8242948651313782,0.6468321681022644,0.5617329478263855,0.22480805038920276,-0.3172219456925373,0.9213205618302712,2,0.0,POINT
1.9389287447548031,0.8780863721407013,0.7727918597376419,0.7448446873997259,1.2124675852981996,1.0590677657863368,1.0590677657863368,0.1805991402278006,1.0,0.0,0.0,0.0,1.0,0.7094460129737854,0.889696478843689,0.6065717935562134,0.5600298643112183,0.12459300526733003,-0.18148000443267098,0.9754699334318679,2,0.0,POINT
1.9398703582690648,0.8269040202941914,0.8372536812369782,0.9753240938458053,1.2077351468372697,1.1200968410171164,1.1200968410171164,0.18478142346299142,1.0,0.0,0.0,1.0,1.0,0.7340247631072998,0.9031222462654114,0.636101484298706,0.5559859275817871,0.012104984820018868,-0.13555574135850096,0.9906957708233413,3,0.0,POINT
1.8135422982807377,0.873064498571526,0.7328850255796594,0.7227307338713171,1.147754894293474,1.0091085156345114,1.0091085156345114,0.1984145517040622,1.0,0.0,0.0,0.0,1.0,0.7555680871009827,0.8961593508720398,0.6684853434562683,0.5435168743133545,0.05897876899781644,-0.170029563408295,0.9836724314397994,2,0.0,POINT
1.7889895892152108,0.8561049536153496,0.6993878844351124,0.6892753554887336,1.1766815571622666,0.9387422238590559,0.9387422238590559,0.20272905284406265,1.0,0.0,0.0,0.0,1.0,0.7723159790039062,0.8994485139846802,0.7078466415405273,0.5275328159332275,0.1589908627455121,-0.15127783663073424,0.9756213003557082,2,0.0,POINT
1.8799014550807875,1.1535138264254483,1.0610048265616636,0.9658207023303549,1.1566737675348233,0.6524962811133916,0.6524962811133916,0.171220325710402,1.0,1.0,1.0,1.0,1.0,0.7808798551559448,0.8816741704940796,0.7645508646965027,0.5285354852676392,0.7072601271983413,0.33764536888413493,-0.6211108736340739,5,1.0,POINT
1.956910141426439,1.1037387876233784,1.0318663409462991,0.9425255622020549,1.176172440921121,0.5968884018425283,0.5968884018425283,0.1659171058314187,1.0,1.0,1.0,1.0,1.0,0.7574875950813293,0.8917696475982666,0.7512611746788025,0.5431879758834839,0.47908294339392793,0.3165486681183668,-0.8187041431808553,5,1.0,POINT
1.9827391840470623,1.1211193240419226,1.0481971393234677,0.956311935564964,1.1635495756267056,0.7035489783698233,0.7035489783698233,0.16422375710925446,1.0,1.0,1.0,1.0,1.0,0.7525047063827515,0.8825790286064148,0.7312805652618408,0.5302663445472717,0.5299599085494812,0.2789687075997963,-0.8008239229133486,5,1.0,POINT
1.8347450524224609,1.0027934665881668,0.9364779388795023,0.9264158451952028,1.1524811575308183,0.8794461942537151,0.8794461942537151,0.18125698373215968,1.0,1.0,1.0,1.0,1.0,0.7444911003112793,0.8667770624160767,0.6850469708442688,0.5169452428817749,0.9616507803028813,0.068920388428967,-0.265476471276947,5,1.0,POINT
1.7971947197921867,0.9043460947754529,0.8445662033130462,0.860094768651695,1.106861335214806,0.7738430173218586,0.7738430173218586,0.1733696030388355,1.0,1.0,0.0,0.0,1.0,0.7407820820808411,0.7770805954933167,0.6630057096481323,0.45163899660110474,0.8819850466359163,-0.04967199085595155,-0.4686523987296414,3,0.0,POINT
1.6000708520781737,1.1948356576917227,1.0158269765636512,1.047654557500475,1.1078753459987187,0.8149734103791428,0.8149734103791428,0.13804343350263562,1.0,1.0,1.0,1.0,1.0,0.7394872903823853,0.6644781827926636,0.660599410533905,0.48191386461257935,0.9674551229938098,0.047492923426009324,-0.24854578495215732,5,1.0,POINT
1.6126650521186217,1.1389470005562579,0.9588244086060187,0.9939140626528346,1.156343582023862,0.891392855212565,0.891392855212565,0.13660765124949883,1.0,1.0,1.0,1.0,1.0,0.7422287464141846,0.6590571403503418,0.6594979763031006,0.48223429918289185,0.961243899515288,0.05002786455645986,-0.2711224417353961,5,1.0,POINT
1.6396278184204893,1.1610856595024455,0.949251337862114,0.9699779552778482,1.1724381152486936,0.9126066747942904,0.9126066747942904,0.13228679941640487,1.0,1.0,1.0,1.0,1.0,0.7340010404586792,0.6495214104652405,0.6521890759468079,0.4865402281284332,0.9661658032586241,0.04639047992951897,-0.253715517825628,5,1.0,POINT
1.391239719311273,1.3292586063299976,1.1124197896355175,1.041131172597892,1.1661665839725053,0.5322183786424837,0.5322183786424837,0.11674553775019873,1.0,1.0,1.0,1.0,1.0,0.7179973721504211,0.6342049837112427,0.6348133683204651,0.559958815574646,0.9746972584659854,0.07924889645103253,-0.20900925039381796,5,1.0,POINT
1.4939432781998239,1.3800002505701916,1.1962290020442503,1.143808831543801,1.1697721300817183,0.5586499081482283,0.5586499081482283,0.13162054276548624,1.0,1.0,1.0,1.0,1.0,0.7226848006248474,0.6351595520973206,0.6253511905670166,0.5417084693908691,0.9710392835639706,0.12017233911827377,-0.20649774499110923,5,1.0,POINT
1.46695312691822,1.2797830181123049,1.053469674352102,1.0170580728262026,1.1517361983572987,0.594633248171722,0.594633248171722,0.13487970035424507,1.0,1.0,1.0,1.0,1.0,0.7237930297851562,0.638670802116394,0.649725079536438,0.5210376977920532,0.9683235869886857,0.10462793631508081,-0.2267210308370456,5,1.0,POINT
1.6024016821966178,1.5154536233906322,1.241211253215873,1.11865244596668,1.1566826588787045,0.7990751547461711,0.7990751547461711,0.12981366336072064,1.0,1.0,1.0,1.0,1.0,0.7144712209701538,0.6318257451057434,0.6449816226959229,0.5218289494514465,0.9823979975217039,0.08415725024500868,-0.16676849731452634,5,1.0,POINT
1.519961936630836,1.3212242334249842,0.997200013965027,0.9714531205407058,1.2325958510554091,0.6372125598567188,0.6372125598567188,0.11545772373171191,1.0,1.0,1.0,1.0,1.0,0.6877797245979309,0.6123021245002747,0.6390206217765808,0.5388587117195129,0.9997595175374601,-0.008262716741263238,0.020313409495169465,5,1.0,POINT
1.5039802636480708,1.2441932579124895,0.9949442619566932,0.9033448755126255,1.1094765999282763,0.6774096780517228,0.6774096780517228,0.12692361978777003,1.0,1.0,1.0,1.0,1.0,0.7049258947372437,0.6928069591522217,0.6102954745292664,0.5646187663078308,0.9490178085167063,0.07331622843948686,-0.3065777711536784,5,1.0,POINT
1.6293977870384335,1.5743920150178186,1.3793678139955627,1.2648861348443627,1.085818578544739,0.6654341486050701,0.6654341486050701,0.11249809725304379,1.0,1.0,1.0,1.0,1.0,0.7144092917442322,0.7013737559318542,0.6311317086219788,0.5669901371002197,0.9072356695205351,0.07516206521830385,-0.4138527563056044,5,1.0,POINT
1.7106069643703778,1.2623393922228499,1.0338514615828904,1.0296454074014276,1.154542584696584,0.9345789942246546,0.9345789942246546,0.13552690213214746,1.0,1.0,1.0,1.0,1.0,0.7193848490715027,0.7317999601364136,0.6386953592300415,0.5625197291374207,0.9736705150768254,-0.041834249717577585,-0.2240884281273733,5,1.0,POINT
1.819527896061792,1.192160331411796,1.045020747102928,1.0696359194814986,1.2040179933850998,1.0775900501628062,1.0775900501628062,0.1228054604254506,1.0,1.0,1.0,1.0,1.0,0.7077926397323608,0.7311033010482788,0.6376744508743286,0.5427848100662231,0.9814451575635951,-0.16471486985976316,-0.09815505255487997,5,1.0,POINT
1.847874559517386,0.6930741160169323,0.6228803730950571,0.6318181509873949,0.9957977302301523,1.21572281308843,1.21572281308843,0.157595617598391,1.0,0.0,0.0,0.0,1.0,0.6932878494262695,0.7948604822158813,0.616142988204956,0.5187327861785889,-0.0034453725146187295,-0.33075842059458505,0.9437091695082819,2,0.0,POINT
1.871430644679162,0.6784774641502194,0.6551066791149803,0.7218393604040141,1.0831454856837293,1.2030279022971762,1.2030279022971762,0.17068707010229203,1.0,0.0,0.0,0.0,1.0,0.6986995935440063,0.8526409864425659,0.6116839647293091,0.540077805519104,0.2618410895850691,-0.17265962369813392,0.9495408880871442,2,0.0,POINT
1.8709415133991345,0.7662412485861538,0.7281573193534467,0.7693238029024162,1.1782970928307128,1.1013348025310719,1.1013348025310719,0.177541122023548,1.0,0.0,0.0,0.0,1.0,0.6942357420921326,0.8658983111381531,0.6084136962890625,0.5469570159912109,0.1475974292694237,-0.21879847110468703,0.9645424966870609,2,0.0,POINT
1.9069340507515153,0.7586286230922221,0.7364771553601817,0.8513044397655491,1.1686378001590934,1.086045876015625,1.086045876015625,0.1793478819678081,1.0,0.0,0.0,0.0,1.0,0.6990489363670349,0.8776148557662964,0.6113537549972534,0.5503531694412231,0.22447935479298228,-0.2078563550453436,0.9520529160393294,2,0.0,POINT
1.8993290952629867,0.7581237924252182,0.7572484684231816,0.9095652876549664,1.1665848394392595,1.1030559098113042,1.1030559098113042,0.17785922734012982,1.0,0.0,0.0,1.0,1.0,0.7035560011863708,0.8837153911590576,0.6161781549453735,0.5579267144203186,0.20360264285487867,-0.18520062766035614,0.9613774967913067,3,0.0,POINT
1.8900384169848823,0.7589732039797669,0.7515429199568137,0.864501867246374,1.1633854025219297,1.0777615136014982,1.0777615136014982,0.17953705208976892,1.0,0.0,0.0,0.0,1.0,0.7048688530921936,0.8847203254699707,0.6192479133605957,0.5597195029258728,0.10081807960715927,-0.1778520055356501,0.9788791442007903,2,0.0,POINT
1.8804151666631523,0.7731637313252743,0.7276308823611711,0.8162492197859466,1.1699623047701735,1.054361569368012,1.054361569368012,0.18105173549202572,1.0,0.0,0.0,0.0,1.0,0.7086566090583801,0.886147677898407,0.6188576221466064,0.5633037090301514,0.10752316123073706,-0.1940515848658133,0.9750808952133228,2,0.0,POINT
1.940849991187474,1.1007149350723908,0.9150475282352615,0.9354080930634052,1.1982222392295392,0.8623883266104063,0.8623883266104063,0.15499058681153025,1.0,1.0,1.0,1.0,1.0,0.7371306419372559,0.8276772499084473,0.7026842832565308,0.5192630290985107,0.9186582955382405,0.19878884315413206,-0.34139410052930985,5,1.0,POINT
1.9044031596107533,1.1182493352994265,1.0426296204149783,0.9680399887831843,1.1430306304828488,0.7274356501431309,0.7274356501431309,0.1596568730824374,1.0,1.0,1.0,1.0,1.0,0.7229983806610107,0.853915810585022,0.680954098701477,0.5264660716056824,0.5724498134185216,0.1894392988820534,-0.797755578580417,5,1.0,POINT
1.95225838721856,1.113325333450104,1.0455219979420562,0.9411671912627285,1.112712518793827,0.8304547811915309,0.8304547811915309,0.15852165889493947,1.0,1.0,1.0,1.0,1.0,0.6930798888206482,0.8612855672836304,0.6597424149513245,0.5334375500679016,0.49424445475840034,0.14428972339984442,-0.8572647751201307,5,1.0,POINT
1.962752931854857,1.1210824574416614,1.0508542543454373,0.9360771702054114,1.1109426541942526,0.8471025402066679,0.8471025402066679,0.1588533517779641,1.0,1.0,1.0,1.0,1.0,0.6914336681365967,0.8579436540603638,0.6610509753227234,0.5308456420898438,0.45153367968099273,0.15747089369912423,-0.8782484009386762,5,1.0,POINT
1.7223720220790102,1.7119319579709271,0.6821014663722085,0.7017860889890555,1.0086794309289056,0.9134047449432691,0.9134047449432691,0.18752751464472786,1.0,1.0,0.0,0.0,1.0,0.6623173952102661,0.849586546421051,0.6146578788757324,0.5241711139678955,0.6112879122598844,-0.09645104006877325,0.7855089338731952,3,0.0,POINT
1.8068516259245444,0.8414199891717944,0.8151192476944524,0.8122397162685139,1.154612490138635,1.0303423342128177,1.0303423342128177,0.1772459466413126,1.0,0.0,0.0,0.0,1.0,0.6888718008995056,0.8635370135307312,0.612179160118103,0.5386605858802795,0.5495489913655317,-0.20560661418149,0.8097665257924354,2,0.0,POINT
1.7877347925893146,0.85089070396621,0.8262401401584176,0.9166171873307025,1.1765549975036582,0.9664653708458049,0.9664653708458049,0.19326836842363473,1.0,0.0,0.0,1.0,1.0,0.7193715572357178,0.8767801523208618,0.6458477973937988,0.5345202684402466,0.056938275686582815,-0.13196352326164856,0.9896179370293422,3,0.0,POINT
1.9050582346757714,0.8267931005499698,0.7870653092024311,0.8586668863771868,1.175305423295667,1.0886824808656237,1.0886824808656237,0.1858705463720016,1.0,0.0,0.0,0.0,1.0,0.7297304272651672,0.8968038558959961,0.6640707850456238,0.545805811882019,0.11881491259140287,-0.1505157419770197,0.9814418107880898,2,0.0,POINT
1.8951381332574757,0.8217709104074069,0.7673421464134552,0.8179882134053219,1.2009027123052267,1.065155000618364,1.065155000618364,0.192477236597406,1.0,0.0,0.0,0.0,1.0,0.7366763949394226,0.9095625281333923,0.6825375556945801,0.5571123361587524,0.041919400567296865,-0.21726226047687214,0.9752127327042845,2,0.0,POINT
1.8157852326956734,0.8660137105747953,0.7657127485623002,0.8146022057999255,1.197387230976363,0.8935830764710799,0.8935830764710799,0.19451177250748491,1.0,0.0,0.0,0.0,1.0,0.7433986663818359,0.9319812655448914,0.6819851398468018,0.5841366648674011,0.496958059506744,-0.21787014782525035,0.8399793365184022,2,0.0,POINT
1.8098254643485427,0.955418829752065,0.8779096592026826,0.9094452431092025,1.1352616523369903,0.9938863447809664,0.9938863447809664,0.16971476555684692,1.0,1.0,0.0,1.0,1.0,0.7307546138763428,0.9246428608894348,0.6960316896438599,0.5958343744277954,0.9877560156340409,0.1014225332728823,-0.11853912148854163,4,0.0,POINT
