1.4030747418454343,1.3285030512888418,1.04747694081244,0.9960972032466325,1.2301388890063212,1.0474412544410532,1.0474412544410532,0.1634729071909946,1.0,1.0,1.0,1.0,1.0,0.7232910394668579,0.764661431312561,0.7703325152397156,0.554408609867096,0.9342564397854403,-0.31564684650365793,-0.16592761377097665,5,1.0,THUMBS_UP
1.3997098337580507,1.2983920067634063,0.9799829319463214,0.9723852108011504,1.2332623486505139,1.1117069999883205,1.1117069999883205,0.15935199245960216,1.0,1.0,1.0,1.0,1.0,0.7160574793815613,0.7574564218521118,0.7684100866317749,0.5634849071502686,0.9408535244894154,-0.3142582332584588,-0.12663494101201825,5,1.0,THUMBS_UP
1.4583257338281437,1.3482024801240469,1.1854997385658157,1.0554409291381368,1.2142710550352658,0.7428166450410392,0.7428166450410392,0.17989261263054807,1.0,1.0,1.0,1.0,1.0,0.7198420763015747,0.8291351795196533,0.7798793315887451,0.5368887186050415,0.9554001402581916,-0.20222254670160994,0.21521294942484961,5,1.0,THUMBS_UP
0.912219674071214,0.9682946968106176,1.0016514034909465,0.9858345953475502,1.205423723348595,1.4452186679355579,1.4452186679355579,0.15533239295695708,1.0,1.0,1.0,1.0,1.0,0.7607716917991638,0.7864555716514587,0.6333296895027161,0.6495408415794373,0.6344138974655789,-0.12620818262911107,-0.7626208109801299,5,1.0,THUMBS_UP
0.9655843113320264,1.0016099652300114,1.0150726856908963,0.9800338564223043,1.2137379429659663,1.308497742594284,1.308497742594284,0.1636664158701852,1.0,1.0,1.0,1.0,1.0,0.7673684358596802,0.786476731300354,0.6442110538482666,0.633765459060669,0.3380941449201891,-0.0742328828165714,-0.9381800617575644,5,1.0,THUMBS_UP
0.9736200079868995,1.0024509033974218,1.0128488803904825,1.003061208195436,1.2123265639875975,1.2808356284584526,1.2808356284584526,0.173655304075625,1.0,1.0,1.0,1.0,1.0,0.7714402079582214,0.7972096800804138,0.6299789547920227,0.6595772504806519,0.21403023514597347,-0.1309356768691241,-0.9680118320383195,5,1.0,THUMBS_UP
0.9832692159637713,0.9937748148690453,0.9763364986176413,0.9518685581501006,1.2307835090119366,1.311934906846024,1.311934906846024,0.16673094156797244,1.0,1.0,1.0,1.0,1.0,0.7462220191955566,0.8070347905158997,0.6001530885696411,0.6960075497627258,0.08322842823832244,-0.04693835742421956,-0.9954244418012321,5,1.0,THUMBS_UP
1.0059940205650408,1.0061649252356648,0.9871160050338788,0.9515469066684934,1.2269881652870287,1.3296153494479006,1.3296153494479006,0.16320724847223472,1.0,1.0,1.0,1.0,1.0,0.7464902400970459,0.8038855791091919,0.5979105234146118,0.6937240362167358,0.10808346059747129,-0.04985011509866965,-0.992891198253829,5,1.0,THUMBS_UP
0.9909402413490177,1.001140400141169,0.9775444566781453,0.9426210592506773,1.2270139492538585,1.3156487707467197,1.3156487707467197,0.16508521572638402,1.0,1.0,1.0,1.0,1.0,0.7413011789321899,0.8079376220703125,0.5979883074760437,0.6899430155754089,0.10820304966389002,-0.03995296626009574,-0.9933256568368973,5,1.0,THUMBS_UP
0.9940850977527456,1.006630106536296,0.9834662969169458,0.9492181520050855,1.2259688339265449,1.3015667532648056,1.3015667532648056,0.16615256948106988,1.0,1.0,1.0,1.0,1.0,0.7423818111419678,0.8079165816307068,0.5981515645980835,0.6895331740379333,0.09597273277099079,-0.041140139092446994,-0.9945334200115761,5,1.0,THUMBS_UP
0.9894969271477576,0.9934109710394857,0.9651693066026816,0.9202487780237205,1.2247044853558586,1.2899348711018084,1.2899348711018084,0.16598427055526177,1.0,1.0,1.0,1.0,1.0,0.7380653619766235,0.8084511756896973,0.5981665849685669,0.6832930445671082,0.12141115967870705,-0.03246558261559692,-0.9920712253920589,5,1.0,THUMBS_UP
1.002660894328962,1.0104440937858976,0.978996066495391,0.937098719120029,1.2246569789396609,1.2735190645252925,1.2735190645252925,0.1688477599124954,1.0,1.0,1.0,1.0,1.0,0.7402709722518921,0.8089515566825867,0.5968716144561768,0.6831365823745728,0.08944950622443679,-0.039343121282459925,-0.995213999421209,5,1.0,THUMBS_UP
1.0025436417347902,0.9903202771919005,0.9724508476736703,0.9408249804181301,1.2206426422083267,1.2444975653543995,1.2444975653543995,0.16867109417426426,1.0,1.0,1.0,1.0,1.0,0.7356017827987671,0.8095053434371948,0.5969371795654297,0.6769017577171326,0.10801850611922481,-0.03510700572436269,-0.9935288121060408,5,1.0,THUMBS_UP
1.0130536682158935,0.9667844175866765,0.9383337101274274,0.8916765072614168,1.2233402167402871,1.2251096246200799,1.2251096246200799,0.16982482565300966,1.0,1.0,1.0,0.0,1.0,0.7310488224029541,0.8029870986938477,0.5962374806404114,0.6655206084251404,0.10449409368929347,-0.0631624693988869,-0.9925177513996855,4,0.0,THUMBS_UP
0.9757353901668743,0.9485000232508095,0.945885082639893,0.8938788214616379,1.2094142153936793,1.1153725844711737,1.1153725844711737,0.1807819714581835,1.0,1.0,1.0,0.0,1.0,0.7232255935668945,0.772376537322998,0.5951544046401978,0.6254191994667053,0.13278437235179563,-0.09644046717238156,-0.9864418618199008,4,0.0,THUMBS_UP
0.8992605267622934,0.901174385058372,0.9239262222290093,0.9497981835819411,1.2043191192986256,1.0708946819774372,1.0708946819774372,0.18817853370987067,0.0,1.0,1.0,1.0,1.0,0.7171207070350647,0.7174288630485535,0.5963038206100464,0.576740026473999,0.06011049252993348,-0.12938299076802875,-0.989771069686182,4,0.0,THUMBS_UP
0.7866801145317094,0.7555546062736426,0.805930230343413,0.8299231269769116,1.2085425441589566,0.9877047512773535,0.9877047512773535,0.21421359234893636,0.0,0.0,0.0,0.0,1.0,0.7048254609107971,0.7251322865486145,0.6011887788772583,0.5789164900779724,0.12261984058109779,-0.14277619973399636,-0.9821299972434322,1,0.0,THUMBS_UP
0.8164295976413453,0.7849329739174551,0.8201466044709081,0.8410738165230417,1.2003496913872231,0.9403638658127018,0.9403638658127018,0.21671793001201858,0.0,0.0,0.0,0.0,1.0,0.6975566148757935,0.7351260781288147,0.5993806719779968,0.5752142667770386,0.13125006540725484,-0.1560790827675696,-0.9789855669278406,1,0.0,THUMBS_UP
0.9342991470564631,0.933292257449242,0.9388570465256926,0.9446893122522594,1.2301953606797504,1.3355399350014399,1.3355399350014399,0.15738236976565487,1.0,1.0,1.0,1.0,1.0,0.7377232313156128,0.7222819924354553,0.6033896207809448,0.6145208477973938,0.18921608003480767,-0.08568582881281853,-0.9781897636946124,5,1.0,THUMBS_UP
0.9539944205069046,0.9497849005320443,0.9526757106192227,0.9497190576067128,1.2273863504630087,1.3903676990522587,1.3903676990522587,0.15190364182743538,1.0,1.0,1.0,1.0,1.0,0.7447274923324585,0.7128685712814331,0.6039943099021912,0.6195404529571533,0.20516827748154853,-0.11652539751859678,-0.9717653058472437,5,1.0,THUMBS_UP
0.9708649600233915,0.9743782579679559,0.975265694850281,0.9724312421344437,1.2173248399043008,1.4023335616098085,1.4023335616098085,0.14919420782599072,1.0,1.0,1.0,1.0,1.0,0.7438346147537231,0.710875391960144,0.6033921837806702,0.6167868375778198,0.1963504923186591,-0.10531853069206146,-0.9748612676986842,5,1.0,THUMBS_UP
0.9665652690782451,0.9583158037664148,0.9635567732430794,0.9550379332463065,1.2251518564430377,1.424463365058012,1.424463365058012,0.14993099065143295,1.0,1.0,1.0,1.0,1.0,0.7506508231163025,0.7114341259002686,0.6071063280105591,0.6239217519760132,0.19396330229218917,-0.13090904330751488,-0.972235084608769,5,1.0,THUMBS_UP
0.9815008139411451,0.9686770154297158,0.9701802914481177,0.9646030553889973,1.228110733132901,1.449829523959736,1.449829523959736,0.1497086721786863,1.0,1.0,1.0,1.0,1.0,0.7596128582954407,0.7085864543914795,0.6123160123825073,0.6263457536697388,0.16450961478584922,-0.13998548678783276,-0.9763916479219724,5,1.0,THUMBS_UP
0.9967312726564708,0.9856758761386339,0.972653730056821,0.9548461623357671,1.2332789807876834,1.4843079218613888,1.4843079218613888,0.1460917965766072,1.0,1.0,1.0,1.0,1.0,0.7642155289649963,0.7057851552963257,0.6165223121643066,0.6278391480445862,0.17751438841478093,-0.1403102503641902,-0.9740645130321013,5,1.0,THUMBS_UP
0.9940309320728834,0.9906243287912307,0.9843982716474251,0.9653353306621797,1.2292809209694224,1.4932050151422085,1.4932050151422085,0.14476932349203026,1.0,1.0,1.0,1.0,1.0,0.7623308897018433,0.6993812918663025,0.6153067946434021,0.627216100692749,0.1509883478834548,-0.10475525729499324,-0.9829694068853234,5,1.0,THUMBS_UP
0.9884756731646996,0.9718090639152422,0.9617269074729597,0.9465148959573669,1.2378729219629765,1.5081359573619473,1.5081359573619473,0.14436434054061367,1.0,1.0,1.0,1.0,1.0,0.7679827213287354,0.7040820717811584,0.6204152703285217,0.6311782002449036,0.20106885486770038,-0.14832011836382203,-0.9682832530260623,5,1.0,THUMBS_UP
1.008980747614154,0.9987322251303377,0.993747630197184,0.9758697696681856,1.2366567616972615,1.5398102136160516,1.5398102136160516,0.14240237904606137,1.0,1.0,1.0,1.0,1.0,0.768098771572113,0.6963169574737549,0.6197476387023926,0.6317497491836548,0.1271839285146045,-0.12147950501656148,-0.9844119961624417,5,1.0,THUMBS_UP
1.0017758804178687,0.995220921377752,0.9982434551691197,0.9776342893687164,1.2358116734455906,1.462652900608844,1.462652900608844,0.15108546223659394,1.0,1.0,1.0,1.0,1.0,0.7803123593330383,0.7020682096481323,0.6244440078735352,0.6365756392478943,0.1112081304462103,-0.15442190797670996,-0.9817263498854918,5,1.0,THUMBS_UP
1.0026239332890723,1.0031461821792271,1.01105949710548,1.0021906932618345,1.2341294658496837,1.4263544377882897,1.4263544377882897,0.15596581125268238,1.0,1.0,1.0,1.0,1.0,0.7840763926506042,0.7003289461135864,0.6239673495292664,0.6365582346916199,0.07101486820997124,-0.1312490001952974,-0.9888026033748369,5,1.0,THUMBS_UP
0.9821558390174707,0.9913911734848204,1.0012610894310026,0.9956104597769071,1.2363616732638667,1.4335819086312396,1.4335819086312396,0.15787893168440842,1.0,1.0,1.0,1.0,1.0,0.7865040302276611,0.7034795880317688,0.6252451539039612,0.6394023895263672,0.0953466166096542,-0.14472476124622383,-0.9848673850744145,5,1.0,THUMBS_UP
0.9739026486491231,0.9865666903581657,0.9956258501992479,0.989991617641291,1.2387062223906151,1.451240952485642,1.451240952485642,0.15616558903667224,1.0,1.0,1.0,1.0,1.0,0.7837085127830505,0.7068668603897095,0.6245181560516357,0.6408102512359619,0.11052604863199611,-0.13678678717285092,-0.9844152413634841,5,1.0,THUMBS_UP
0.9674976311747489,0.9793681773312619,0.9802069416391053,0.949383352950472,1.2359115939468635,1.3801773211047181,1.3801773211047181,0.1588660797585609,1.0,1.0,1.0,1.0,1.0,0.7874495983123779,0.7090790867805481,0.6259710192680359,0.6355488896369934,0.15797719230803303,-0.1688874502665436,-0.9728927154897072,5,1.0,THUMBS_UP
0.9513237991512838,0.9752300622153988,0.9965009636706086,0.9631907682800097,1.2206936697729527,1.3323885834424,1.3323885834424,0.1610859690426515,1.0,1.0,1.0,1.0,1.0,0.7879694700241089,0.7120257019996643,0.6276308298110962,0.6236251592636108,0.2217421466863584,-0.22664638867532957,-0.9483996177157374,5,1.0,THUMBS_UP
0.9612765405521669,0.9695983657081562,0.9896402204359026,0.9734077724160617,1.2316093276533053,1.3310888952437607,1.3310888952437607,0.15785228416861002,1.0,1.0,1.0,1.0,1.0,0.7795438170433044,0.6959000825881958,0.6242061257362366,0.6057882905006409,0.2060073643790916,-0.17873780040911333,-0.9620882311547585,5,1.0,THUMBS_UP
0.9204358336842454,0.953928309464021,0.9736384997764024,0.9522533993045733,1.2280408746837639,1.3900980020071396,1.3900980020071396,0.15764431961392517,1.0,1.0,1.0,1.0,1.0,0.7839884161949158,0.6943475604057312,0.6291324496269226,0.6103694438934326,0.27624997027235887,-0.1819613974549586,-0.9437033452101138,5,1.0,THUMBS_UP
0.922953251329107,0.9507697903874932,0.9764454158125883,0.963691855015268,1.221286175975064,1.3922006360761927,1.3922006360761927,0.15807145109595339,1.0,1.0,1.0,1.0,1.0,0.7859286665916443,0.6947919726371765,0.6297542452812195,0.6116185784339905,0.2681599312369943,-0.1895670128263519,-0.944539358061412,5,1.0,THUMBS_UP
0.9223937201664578,0.9535774835581183,0.9854462861132438,0.964023441278275,1.2173354047321663,1.384740379640843,1.384740379640843,0.1579630967059787,1.0,1.0,1.0,1.0,1.0,0.7868112921714783,0.6958906054496765,0.6309528946876526,0.6141907572746277,0.2613360283486943,-0.18132684423880052,-0.948063318478955,5,1.0,THUMBS_UP
0.9244155505742774,0.9547112295441057,0.9763891944935436,0.9492557549534022,1.2203084368783068,1.4017457944221807,1.4017457944221807,0.1559384580749929,1.0,1.0,1.0,1.0,1.0,0.7850558757781982,0.6946569681167603,0.6302943825721741,0.6128284335136414,0.28425089501620737,-0.18376810798172297,-0.9409732786701771,5,1.0,THUMBS_UP
0.9205254825509006,0.9549040197831515,0.9883296244034009,0.9716430036972111,1.2111840824892732,1.367268805219807,1.367268805219807,0.15840849640794077,1.0,1.0,1.0,1.0,1.0,0.7879151105880737,0.6976872086524963,0.6319666504859924,0.6166368722915649,0.25049085717224645,-0.17842389847395945,-0.95153520319874,5,1.0,THUMBS_UP
0.9215517357266223,0.9505261112385746,0.9833323485702072,0.9570466854139222,1.2122835391827165,1.3956911765357984,1.3956911765357984,0.15795458205891658,1.0,1.0,1.0,1.0,1.0,0.7874311804771423,0.6967278122901917,0.6305683851242065,0.6177154779434204,0.26113267215134683,-0.187368165446782,-0.9469439783388479,5,1.0,THUMBS_UP
0.9304936572601512,0.9621664570408104,0.9949600780833917,0.9669987533074506,1.2114413404676971,1.397706749458159,1.397706749458159,0.1561305401792871,1.0,1.0,1.0,1.0,1.0,0.7869281768798828,0.6979784965515137,0.6314029097557068,0.6162898540496826,0.2664960577175353,-0.18416166431701858,-0.9460783966548427,5,1.0,THUMBS_UP
0.9308754123457258,0.9641664265789526,0.9933982745634737,0.9630397622762766,1.2104657640924228,1.400020421577705,1.400020421577705,0.15647756696017226,1.0,1.0,1.0,1.0,1.0,0.7872061729431152,0.6982873678207397,0.6313090324401855,0.6159043908119202,0.2727052236317584,-0.18672216915615775,-0.9438043719699395,5,1.0,THUMBS_UP
0.9219497887694162,0.9551823861288565,0.9970688734157029,0.9870659344026852,1.2115959323027234,1.4079459906094531,1.4079459906094531,0.1584598868903704,1.0,1.0,1.0,1.0,1.0,0.7871847748756409,0.7013399004936218,0.6305003762245178,0.6208032965660095,0.25948908099457063,-0.18555388792445646,-0.9477526953381411,5,1.0,THUMBS_UP
0.9333742826216124,0.9613127568255141,1.0017576704699351,0.9821323691381586,1.2144201139531514,1.3983610992458693,1.3983610992458693,0.1582639782972476,1.0,1.0,1.0,1.0,1.0,0.7848101258277893,0.7028450965881348,0.6287198662757874,0.6194084882736206,0.24299238910997742,-0.17912578016694194,-0.9533460304182368,5,1.0,THUMBS_UP
0.9232187304088635,0.9531811128129487,0.9953701329467588,0.9745593819006226,1.2194843189108882,1.3966452437405434,1.3966452437405434,0.1593509511104409,1.0,1.0,1.0,1.0,1.0,0.7829257249832153,0.7073254585266113,0.6278246641159058,0.6233100891113281,0.23752538098943618,-0.17902875237873134,-0.9547410115877175,5,1.0,THUMBS_UP
0.9704962599752126,1.0136705051219979,1.0370311283472626,1.0106496592315082,1.2298551771382662,1.4222041613118905,1.4222041613118905,0.15627383691538638,1.0,1.0,1.0,1.0,1.0,0.7988036274909973,0.7514690160751343,0.637256920337677,0.6662077307701111,0.2377019772913961,-0.14996270019382504,-0.9596921165365158,5,1.0,THUMBS_UP
0.9653163639706809,1.016925769659381,1.0237741217947713,0.9868683975255567,1.2259117870986194,1.3743503567501625,1.3743503567501625,0.15480196726189294,1.0,1.0,1.0,1.0,1.0,0.8084266185760498,0.7508593201637268,0.6455246210098267,0.6694930195808411,0.29596273676488005,-0.1631593489018033,-0.941161561748344,5,1.0,THUMBS_UP
0.9662611010521625,1.0190123517360918,1.023413011666871,0.9899362115043633,1.2219821014224432,1.3358142159316053,1.3358142159316053,0.15583067526409428,1.0,1.0,1.0,1.0,1.0,0.8100659251213074,0.7489640116691589,0.6459972858428955,0.6675325632095337,0.2886433109720028,-0.16401999334515388,-0.9432828212228692,5,1.0,THUMBS_UP
0.9633171757313982,1.011116502008006,1.0148851213861667,0.9811861462050473,1.2229405709970995,1.3374294239707551,1.3374294239707551,0.1563246148407977,1.0,1.0,1.0,1.0,1.0,0.8100816607475281,0.7502586841583252,0.6463568806648254,0.6678705215454102,0.2953852074147148,-0.16580916217813457,-0.940879854698968,5,1.0,THUMBS_UP
0.9651283787546862,1.0160607759830245,1.0202423758432835,0.9839822645811838,1.2207689694029809,1.340917826606132,1.340917826606132,0.15410252431573043,1.0,1.0,1.0,1.0,1.0,0.8094605207443237,0.7471871972084045,0.6461220383644104,0.6675558090209961,0.31219860410913974,-0.16812356436108064,-0.935022191554206,5,1.0,THUMBS_UP
0.9654176427852564,1.0158318704273983,1.0198037711233336,0.9838693012358787,1.2209025732732721,1.3397811706328613,1.3397811706328613,0.15456239468938987,1.0,1.0,1.0,1.0,1.0,0.8095583319664001,0.7480924725532532,0.6458963751792908,0.6674268841743469,0.31184945914721446,-0.16624187896125442,-0.9354750410935726,5,1.0,THUMBS_UP
0.9659683777891235,1.0231621171909062,1.0316659866263376,1.0016326494019867,1.2197362051107357,1.3736627984291723,1.3736627984291723,0.14980893307660284,1.0,1.0,1.0,1.0,1.0,0.81299889087677,0.7449455261230469,0.6509877443313599,0.6646535396575928,0.4367393270177809,-0.20805124698508232,-0.8751990852737497,5,1.0,THUMBS_UP
0.8668850602930954,0.8941749642976244,0.9362730540207624,0.9442200697839291,1.2253646512711522,1.2482609256416588,1.2482609256416588,0.16281950072780557,0.0,0.0,1.0,1.0,1.0,0.8260988593101501,0.7496538758277893,0.6816286444664001,0.6446658968925476,0.7037523786004516,-0.32214061696648205,-0.633212454484797,3,0.0,THUMBS_UP
1.6609629175076186,1.0665303201732732,1.0476169833804798,1.0180287401823187,1.052142436480919,0.7045193719242027,0.7045193719242027,0.20082688915019525,1.0,1.0,1.0,1.0,1.0,0.8345155119895935,0.6868248581886292,0.6550866365432739,0.34080585837364197,0.6281148742262627,-0.18576610798145146,-0.7556207103442507,5,1.0,THUMBS_UP
0.863864083586129,0.9347871194666756,1.0101088987063156,1.0248414780209891,1.2172441090295445,1.1305271971774822,1.1305271971774822,0.1650247072232649,0.0,1.0,1.0,1.0,1.0,0.8276962637901306,0.5900880098342896,0.6714379787445068,0.5030950903892517,0.5187634845135294,-0.2568558799832752,-0.8154198330022384,4,0.0,THUMBS_UP
0.8283305920232167,0.8445016253629358,0.8725409166560177,0.9325273351988295,1.2213252187680388,1.1111046841314471,1.1111046841314471,0.19057414546837784,0.0,0.0,0.0,1.0,1.0,0.8062814474105835,0.669425904750824,0.6678296327590942,0.5278657078742981,0.8690730765414365,-0.23630792423236105,-0.43459239820295426,2,0.0,THUMBS_UP
0.8226702463187354,0.8446634474388494,0.859148513798531,0.9260926485124262,1.2201563274701872,1.0637237709941523,1.0637237709941523,0.19873090464436322,0.0,0.0,0.0,1.0,1.0,0.8121523857116699,0.6718555688858032,0.6677823066711426,0.5300686359405518,0.8677811235777854,-0.24284119748226377,-0.4335713025183479,2,0.0,THUMBS_UP
0.8309919381089219,0.8707375966830565,0.9153922098723463,1.028736005255267,1.2128818611545682,1.1466249803475295,1.1466249803475295,0.1941045099377099,0.0,0.0,1.0,1.0,1.0,0.7989206314086914,0.6851581931114197,0.6617236137390137,0.5426946878433228,0.8882578223515822,-0.22962741418273153,-0.3978307324566279,3,0.0,THUMBS_UP
0.8215608854804254,0.8610964900717396,0.8867723905470999,1.0038234163764435,1.2183714786324877,1.1984819938411388,1.1984819938411388,0.19378189397487755,0.0,0.0,0.0,1.0,1.0,0.7958394885063171,0.6878641247749329,0.6556310057640076,0.5516414046287537,0.9041625520978007,-0.22583472598220838,-0.362613783417747,2,0.0,THUMBS_UP
0.7876168370034734,0.8511345334090844,0.877921710097877,0.9745344943936004,1.2274424158302708,1.1579986194532763,1.1579986194532763,0.19972855950448162,0.0,0.0,0.0,1.0,1.0,0.8073941469192505,0.6993592977523804,0.6650063395500183,0.5698339343070984,0.8478411830300296,-0.24468986595302067,-0.47041704673420626,2,0.0,THUMBS_UP
0.8304553139152819,0.8533235586341158,0.8890358737329147,0.979830845367714,1.2183291787086918,1.0943248439005302,1.0943248439005302,0.19693667281665933,0.0,0.0,0.0,1.0,1.0,0.8086415529251099,0.700416624546051,0.6641103625297546,0.5579371452331543,0.8499460341440809,-0.23393098478716778,-0.47208901003863124,2,0.0,THUMBS_UP
0.9007108133892079,0.9576388996183459,1.0079856715096502,1.0161311999427816,1.2221762350389052,1.193946710495165,1.193946710495165,0.18584413383764242,1.0,1.0,1.0,1.0,1.0,0.8023301362991333,0.7207950949668884,0.6423326730728149,0.5796154141426086,0.7242166831530562,-0.20158367256345555,-0.6594499365369713,5,1.0,THUMBS_UP
0.9558150353556584,1.034571022867029,1.1046106028809317,1.0603844476260418,1.2119353296557194,1.2082537753457538,1.2082537753457538,0.1759729134875703,1.0,1.0,1.0,1.0,1.0,0.7890347242355347,0.7272093296051025,0.6339157223701477,0.5904746651649475,0.32388807956525295,-0.1498766540613412,-0.9341485430502525,5,1.0,THUMBS_UP
0.9817537724959928,0.9795535046190051,0.9855552772439046,0.9698937717187585,1.2276153527357025,1.198036794871658,1.198036794871658,0.17809062956009503,1.0,1.0,1.0,1.0,1.0,0.769910454750061,0.7256833910942078,0.615576982498169,0.6079744100570679,0.06842458159352624,-0.15772538041548417,-0.9851095274163891,5,1.0,THUMBS_UP
0.9944199011227894,0.9789435953874787,0.9911974750676187,0.9656744225287662,1.225978774309395,1.2068392510807238,1.2068392510807238,0.17578200966581461,1.0,1.0,1.0,1.0,1.0,0.7679051160812378,0.7282321453094482,0.6207196712493896,0.6030981540679932,0.05969478896577351,-0.15786964051187957,-0.9856539498094561,5,1.0,THUMBS_UP
0.9861135670639719,0.9474790833038571,0.9328252620306381,0.9293493556045734,1.227248912459078,1.1346431468907408,1.1346431468907408,0.1852006945130904,1.0,1.0,1.0,1.0,1.0,0.7649593949317932,0.7432977557182312,0.6188615560531616,0.6221492290496826,-0.03389476619029885,-0.14800082912443518,-0.9884062420904598,5,1.0,THUMBS_UP
0.982746987417736,0.9393511972972235,0.9263259682862934,0.9158108235922326,1.2267098571154633,1.1435513465882865,1.1435513465882865,0.18177647023866542,1.0,1.0,1.0,1.0,1.0,0.7625995874404907,0.7403954267501831,0.6181641817092896,0.6196675896644592,-0.02228740318216749,-0.1445237136066689,-0.9892503059715134,5,1.0,THUMBS_UP
0.9695047217492905,0.947548063817298,0.9346200849786814,0.9395195477392941,1.2279723925118968,1.0868117830327515,1.0868117830327515,0.1927316731193409,1.0,1.0,1.0,1.0,1.0,0.7647916674613953,0.7677618265151978,0.6223686933517456,0.6293209791183472,-0.030550318640947247,-0.11140825437339623,-0.9933050281199675,5,1.0,THUMBS_UP
0.9459053215043954,0.9214366659078914,0.9124578687415686,0.909522566860615,1.2267432764369033,1.0367877730611614,1.0367877730611614,0.19670968857948037,1.0,1.0,1.0,1.0,1.0,0.7687687873840332,0.7810134887695312,0.629047155380249,0.6324844360351562,0.01138860135704471,-0.11664872637691694,-0.9931079369302077,5,1.0,THUMBS_UP
0.9352621570021242,0.8897731181318764,0.8950089103601074,0.9204856730264575,1.2239897379610658,0.9971736560113831,0.9971736560113831,0.2015879617759347,1.0,0.0,0.0,1.0,1.0,0.7687612175941467,0.7825160622596741,0.6345339417457581,0.6317746043205261,-0.0357652846239939,-0.1281152101938161,-0.9911141898554168,3,0.0,THUMBS_UP
0.8508142701927477,0.7939693225338885,0.7957217124836413,0.8120443620396416,1.2311469805695787,0.9564504253974814,0.9564504253974814,0.21608865237237082,0.0,0.0,0.0,0.0,1.0,0.7174297571182251,0.8129242658615112,0.6075842380523682,0.6502290964126587,-0.08329376629350893,-0.08256332848915955,-0.9930989101219644,1,0.0,THUMBS_UP
0.8764343348778669,0.8131115706107241,0.8244709774673429,0.8301912042601175,1.2328972867829122,0.9151616784788,0.9151616784788,0.19565969002162012,0.0,0.0,0.0,0.0,1.0,0.7083924412727356,0.7430688738822937,0.597612202167511,0.5957316160202026,0.017921840512953004,-0.07665611736238609,-0.9968965078199202,1,0.0,THUMBS_UP
1.038104508902498,0.8376271200116715,0.831199277640191,0.8104956456446409,1.2511381071554835,1.2387905859923152,1.2387905859923152,0.23931533715944295,1.0,0.0,0.0,0.0,1.0,0.6210147142410278,0.7144032120704651,0.3861277997493744,0.5915714502334595,0.09906396657519743,-0.17264542211587944,-0.9799897391038429,2,0.0,THUMBS_UP
0.8294504294743028,0.7736741251769726,0.7870029655373011,0.7795309580661741,1.2222407053349835,0.9119090503298503,0.9119090503298503,0.2599550529680054,0.0,0.0,0.0,0.0,1.0,0.6879923343658447,0.741743803024292,0.5376884937286377,0.5691177248954773,0.0559081494438135,-0.13724258592409286,-0.9889584174446551,1,0.0,THUMBS_UP
0.901793456412967,0.8667772395335461,0.900946531342873,0.8997966821762655,1.2325944706622267,0.9595877332749074,0.9595877332749074,0.23373250805947512,1.0,0.0,1.0,0.0,1.0,0.8061315417289734,0.694052517414093,0.6456176042556763,0.5261992812156677,0.10441468014718319,-0.17201184187237625,-0.9795455583205072,3,0.0,THUMBS_UP
0.9380762250918687,0.9114736776576722,0.9397122513088657,0.9226400239419554,1.2203712154489974,0.9465306178811761,0.9465306178811761,0.22734860926646008,1.0,1.0,1.0,1.0,1.0,0.8180075883865356,0.7168463468551636,0.6691362857818604,0.5279867649078369,0.12415420353808343,-0.10964126760681385,-0.9861868616957921,5,1.0,THUMBS_UP
0.8796429299016812,0.9053991688115103,0.9168893879658152,0.9096722683163273,1.231290444067376,1.1886269300524996,1.1886269300524996,0.21169444629126286,0.0,1.0,1.0,1.0,1.0,0.8669906854629517,0.7331974506378174,0.7278349995613098,0.5484902858734131,0.39151419463464837,-0.08711652978197836,-0.9160389432978974,4,0.0,THUMBS_UP
0.9986938376676009,1.0067089317698852,1.029141478607297,0.9961630046575756,1.2093794562462343,1.04929838335961,1.04929838335961,0.23094270997831606,1.0,1.0,1.0,1.0,1.0,0.8367335796356201,0.8245826959609985,0.6444029211997986,0.638010561466217,0.11141645718575313,-0.08472728223747625,-0.9901553720062455,5,1.0,THUMBS_UP
1.0071044418601824,1.019994349344415,1.0460253637255637,1.016219749800866,1.2102811368771762,1.0806500434585928,1.0806500434585928,0.22825935602726574,1.0,1.0,1.0,1.0,1.0,0.837837815284729,0.8343044519424438,0.6424248814582825,0.6452246904373169,0.1458862050668881,-0.0739122428895143,-0.9865364643652172,5,1.0,THUMBS_UP
0.970776190869571,0.9908024609096189,1.0030024258267016,0.9588708106452951,1.20904126996689,1.110828433426556,1.110828433426556,0.2269339137626181,1.0,1.0,1.0,1.0,1.0,0.8351305723190308,0.8341909646987915,0.6411541104316711,0.6509050726890564,0.26153765290157743,-0.11125098705455656,-0.9587602797332192,5,1.0,THUMBS_UP
0.9707693963472023,0.9921007988181734,1.0030244946476046,0.9515850536032541,1.2127397589115094,1.1475421162728714,1.1475421162728714,0.22189148862667124,1.0,1.0,1.0,1.0,1.0,0.8316867351531982,0.8291523456573486,0.6400238275527954,0.6469883918762207,0.30797417190988147,-0.11750163014881503,-0.9441108390166877,5,1.0,THUMBS_UP
0.9625280025404355,0.9888087925875105,1.0099228398426687,0.9624839313102959,1.209890774785448,1.1308108909645875,1.1308108909645875,0.22343278366690605,1.0,1.0,1.0,1.0,1.0,0.8316555619239807,0.8262422680854797,0.640084981918335,0.6447229981422424,0.3032960688899763,-0.12026918015579323,-0.9452760543357375,5,1.0,THUMBS_UP
0.9608328469004579,0.9958403700922498,1.0240411576860158,0.974386179587034,1.2081486705408233,1.101147448193224,1.101147448193224,0.22588887409550037,1.0,1.0,1.0,1.0,1.0,0.8307902812957764,0.8251256942749023,0.6387315988540649,0.6392585635185242,0.2925990295098348,-0.12725514444838898,-0.9477298856432261,5,1.0,THUMBS_UP
0.9129839659415011,0.946381424206658,1.0066950309610223,0.9716270025350465,1.2145151288012692,1.094078580756191,1.094078580756191,0.21968436911986647,1.0,1.0,1.0,1.0,1.0,0.8122699856758118,0.7707168459892273,0.629073441028595,0.6167754530906677,0.30188028025985414,-0.16567264657400982,-0.9388401730685555,5,1.0,THUMBS_UP
0.9234513349941004,1.0051137010180202,1.0252447125231272,0.987935066674527,1.2080330586328023,1.17411338299667,1.17411338299667,0.18962531102610264,1.0,1.0,1.0,1.0,1.0,0.8282841444015503,0.7793271541595459,0.6672263741493225,0.6183676719665527,0.5756145427941405,-0.1246758822387937,-0.8081607652638618,5,1.0,THUMBS_UP
0.9291670938062772,0.9959169594704057,1.0364397290613538,1.0220056008017675,1.2108991730040406,1.2030952408067233,1.2030952408067233,0.18640719557156823,1.0,1.0,1.0,1.0,1.0,0.8264771699905396,0.7750062346458435,0.6683225631713867,0.6163891553878784,0.5582507301088973,-0.12931983554479565,-0.8195318800800553,5,1.0,THUMBS_UP
1.0184256892746015,1.079251780016263,1.116999938403679,1.0606266809960407,1.205922720625263,1.106923998718038,1.106923998718038,0.18873311255140401,1.0,1.0,1.0,1.0,1.0,0.8125866055488586,0.7767173647880554,0.6524079442024231,0.6055620908737183,0.27260602117810584,-0.07752540160557538,-0.9589972728445771,5,1.0,THUMBS_UP
1.0105225894166332,1.0764242452420032,1.1026203141387025,1.036341834350222,1.210903963568421,1.1397332930616026,1.1397332930616026,0.18573870481790108,1.0,1.0,1.0,1.0,1.0,0.8127098083496094,0.7739454507827759,0.6545880436897278,0.6068738102912903,0.316616861291255,-0.09697233088031644,-0.9435836635877671,5,1.0,THUMBS_UP
1.0019823926532436,0.993782943983023,1.0093835549746906,0.9877080239054774,1.2170299265698683,0.9497066873158513,0.9497066873158513,0.21203631482387972,1.0,1.0,1.0,1.0,1.0,0.7932955622673035,0.7738672494888306,0.633651852607727,0.6147195100784302,-6.342548033980679e-05,-0.13504666983558797,-0.9908392366794556,5,1.0,THUMBS_UP
0.9515385039561604,0.9190895445263781,0.927322372178911,0.9282872203694231,1.2297690600321276,0.9902682436096537,0.9902682436096537,0.20763924574096673,1.0,1.0,1.0,1.0,1.0,0.7636861801147461,0.7522834539413452,0.6173243522644043,0.631030797958374,-0.14362223066664961,-0.12946689396678232,-0.9811274016278057,5,1.0,THUMBS_UP
0.9783923365780227,0.9197404417740062,0.9079198313049207,0.9090662878697404,1.2242625776254425,1.0249950369147764,1.0249950369147764,0.19798817930584203,1.0,1.0,1.0,1.0,1.0,0.7486511468887329,0.7363409996032715,0.6159811019897461,0.627554178237915,-0.21855747981004908,-0.1286719951634691,-0.9673035437130022,5,1.0,THUMBS_UP
0.8893159688284842,0.8199884819674476,0.8009236541301472,0.8132500037520756,1.2188732149263777,0.9906755492134648,0.9906755492134648,0.18895721606046917,0.0,0.0,0.0,0.0,1.0,0.7279874086380005,0.7497923970222473,0.6137283444404602,0.6234829425811768,-0.1196741670928707,-0.08855746937326359,-0.988855736874106,1,0.0,THUMBS_UP
0.7872831606706667,0.7310938421102791,0.7359520373726083,0.7524390347018758,1.2294779641418971,1.0110530711051953,1.0110530711051953,0.18391323349014457,0.0,0.0,0.0,0.0,1.0,0.7109350562095642,0.7464184761047363,0.6117176413536072,0.6341040730476379,-0.09048810897328836,-0.08922568974706065,-0.9918924732165274,1,0.0,THUMBS_UP
0.7881391270922238,0.7218856763427065,0.7254031373813695,0.7416877860598396,1.2287352281373405,0.9731299877781262,0.9731299877781262,0.18376337037519738,0.0,0.0,0.0,0.0,1.0,0.7093799114227295,0.7449983358383179,0.6116389632225037,0.6307111978530884,-0.07070629551673724,-0.11087677585256427,-0.9913157722697847,1,0.0,THUMBS_UP
0.8125587702179238,0.7403068767779611,0.7360407984935049,0.7478195478234237,1.221249232368634,0.9097678257492974,0.9097678257492974,0.18888590934915342,0.0,0.0,0.0,0.0,1.0,0.7099499702453613,0.7535252571105957,0.608649730682373,0.6262797117233276,-0.04161469663980301,-0.12282870460689545,-0.9915550041970285,1,0.0,THUMBS_UP
0.8164462743161734,0.7492022459596428,0.7517468388652593,0.7663311981365989,1.2245491197270761,0.9142358325358013,0.9142358325358013,0.18773622366934228,0.0,0.0,0.0,0.0,1.0,0.7090743780136108,0.7537810802459717,0.6089059114456177,0.6262906193733215,-0.0790582482235762,-0.09470067206900969,-0.9923616155905555,1,0.0,THUMBS_UP
0.8249357180896773,0.7585555132260394,0.7555821399969536,0.7621278489721874,1.2184320099954618,0.8892649750481869,0.8892649750481869,0.18986530475331273,0.0,0.0,0.0,0.0,1.0,0.7089076042175293,0.7516671419143677,0.6066595911979675,0.6229720115661621,-0.06846712675055719,-0.12935356067609594,-0.9892319793127083,1,0.0,THUMBS_UP
0.8011606587655574,0.7172684915362283,0.7205606277712575,0.7388119731412832,1.232833393973219,0.9063636378913394,0.9063636378913394,0.18715578110126613,0.0,0.0,0.0,0.0,1.0,0.708372950553894,0.7405505180358887,0.6046509742736816,0.6222026348114014,-0.05938537433812853,-0.1215438624091138,-0.9908079868599136,1,0.0,THUMBS_UP
0.7627096640862268,0.6932593717254816,0.7020478525701446,0.7259807285175749,1.2367184105137814,0.902046486598535,0.902046486598535,0.18395603348436604,0.0,0.0,0.0,0.0,1.0,0.7046692371368408,0.7337948679924011,0.6075717210769653,0.62120121717453,-0.038968931162669695,-0.1261453822406698,-0.9912460667984486,1,0.0,THUMBS_UP
0.806711567103093,0.7397068407413684,0.7466180232543499,0.7576480371753914,1.2329944186476125,0.9023842776526613,0.9023842776526613,0.17573426420788793,0.0,0.0,0.0,0.0,1.0,0.7038460373878479,0.734876275062561,0.6073786020278931,0.621172308921814,-0.053400148122734824,-0.11899741449371226,-0.9914575328899778,1,0.0,THUMBS_UP
0.7886889712707906,0.7119634066461874,0.7202623289970514,0.7391176147988433,1.239386207004152,0.9706133458421017,0.9706133458421017,0.166598976065233,0.0,0.0,0.0,0.0,1.0,0.7017857432365417,0.7554243206977844,0.6034963130950928,0.6631807684898376,-0.04229233583977108,-0.1534702445156688,-0.9872478120398732,1,0.0,THUMBS_UP
0.8091097227920787,0.7239795088407334,0.7388797431638053,0.7597528687883632,1.2435672996566285,0.9797257028909103,0.9797257028909103,0.15328513898275634,0.0,0.0,0.0,0.0,1.0,0.7033748626708984,0.7536461353302002,0.6117525696754456,0.6592851281166077,-0.024309697818793025,-0.13017761823906676,-0.9911926282522295,1,0.0,THUMBS_UP
0.830291584300086,0.7619048226608922,0.7830711162288172,0.790475191479763,1.2264869218042513,1.058504977965875,1.058504977965875,0.15066968039987064,0.0,0.0,0.0,0.0,1.0,0.7043707966804504,0.7582094669342041,0.5967599749565125,0.6775584816932678,0.03530848685096484,-0.16326126529340954,-0.9859508456363787,1,0.0,THUMBS_UP
0.8496677419787683,0.7801411187289103,0.7991717521699769,0.8008314218210751,1.226660677541099,1.0599232317599347,1.0599232317599347,0.148416900247691,0.0,0.0,0.0,0.0,1.0,0.7035499215126038,0.7586199045181274,0.5958269238471985,0.6749308705329895,0.036309529021344794,-0.15155732709306577,-0.9877813496450789,1,0.0,THUMBS_UP
0.8952686785635633,0.8334253021291832,0.8345553899228219,0.832327545802243,1.238333821155851,1.0800879984290432,1.0800879984290432,0.14108583926859264,0.0,0.0,0.0,0.0,1.0,0.7019129395484924,0.7691528797149658,0.5917465686798096,0.6894717812538147,0.026766715414917715,-0.15973126398121465,-0.9867975811952825,1,0.0,THUMBS_UP
0.9068684173312951,0.8429835831697684,0.8360917684653281,0.8309258366291781,1.2293159754483942,1.0355851604097919,1.0355851604097919,0.14076342601255662,1.0,0.0,0.0,0.0,1.0,0.7018574476242065,0.7713274359703064,0.5915296673774719,0.6897026896476746,0.01349031315830685,-0.15607975416058653,-0.9876523283990484,2,0.0,THUMBS_UP
0.9224665460453985,0.8594424889983505,0.8565687220237798,0.8496578427683777,1.230234324928028,1.0213452241123555,1.0213452241123555,0.13872910739846028,1.0,0.0,0.0,0.0,1.0,0.7023218274116516,0.7734829187393188,0.5922129154205322,0.6903347373008728,0.015130494136722317,-0.1527044208952975,-0.9881560747099672,2,0.0,THUMBS_UP
0.9248370895759482,0.8605503066478148,0.8584314265359306,0.8493585399775755,1.2291021916097509,1.0093753088834818,1.0093753088834818,0.14076574641411274,1.0,0.0,0.0,0.0,1.0,0.7043552994728088,0.7739948630332947,0.5926470160484314,0.6904612183570862,0.006939630131064396,-0.1601701050853918,-0.9870650327970182,2,0.0,THUMBS_UP
0.9480448990069528,0.8929014423139191,0.8877210799579794,0.8750804257917871,1.222781409448245,0.9586410018788155,0.9586410018788155,0.14153127178595085,1.0,0.0,0.0,0.0,1.0,0.705410361289978,0.7783045768737793,0.5917620658874512,0.6902132630348206,-0.0005759984225527509,-0.15114944063896396,-0.9885107560468654,2,0.0,THUMBS_UP
0.951963430031106,0.899378865963183,0.8946312937961173,0.8785775188873661,1.2240109944761046,0.9489617187563392,0.9489617187563392,0.14238102000420177,1.0,0.0,0.0,0.0,1.0,0.7059768438339233,0.7799603939056396,0.5910093188285828,0.6898115277290344,0.006971503888711747,-0.1512911867893638,-0.9884646553789344,2,0.0,THUMBS_UP
0.9450323802143671,0.8930260661260646,0.8878829639357071,0.8663922768700764,1.2268649011778634,0.9609177632183872,0.9609177632183872,0.14323838928552768,1.0,0.0,0.0,0.0,1.0,0.7070105075836182,0.7800754308700562,0.5907983779907227,0.6918466091156006,0.014540057792486428,-0.15995085189322236,-0.9870178882360864,2,0.0,THUMBS_UP
0.9471712996610309,0.8970036687301988,0.8909735944529831,0.8678052143078187,1.2260068799252668,0.9584941741925663,0.9584941741925663,0.14317414414774302,1.0,0.0,0.0,0.0,1.0,0.7070735096931458,0.7805090546607971,0.5906654596328735,0.6914987564086914,0.015070411646364286,-0.15964530757311438,-0.9870593996628039,2,0.0,THUMBS_UP
0.9534324832492402,0.9099304646731605,0.9045381429226399,0.8825034052126001,1.22185589532884,0.9631810521257698,0.9631810521257698,0.14102094972156182,1.0,1.0,1.0,0.0,1.0,0.7062255144119263,0.7793455123901367,0.5898452997207642,0.6914552450180054,0.018176016874766606,-0.15966842398107986,-0.9870033570327744,4,0.0,THUMBS_UP
0.9530997193162507,0.909670450114804,0.904250124742559,0.8828568394971805,1.2225155573937094,0.9691618594557735,0.9691618594557735,0.14050577814137388,1.0,1.0,1.0,0.0,1.0,0.7057918906211853,0.7790652513504028,0.589819610118866,0.6918427348136902,0.01571843072973364,-0.16014534696987917,-0.986968286612742,4,0.0,THUMBS_UP
0.950965504211648,0.9068643862491148,0.8993189450388299,0.8749628806583469,1.2244545737819312,0.9658919001091752,0.9658919001091752,0.14083489057437823,1.0,1.0,0.0,0.0,1.0,0.706045389175415,0.7788743376731873,0.59064120054245,0.6916999220848083,0.014441844736172582,-0.1591139262972816,-0.9871545935560851,3,0.0,THUMBS_UP
0.9394241075370022,0.8901374410921544,0.8835417824043046,0.8640723730500474,1.2248056351033125,0.9721780072260435,0.9721780072260435,0.14184927665434677,1.0,0.0,0.0,0.0,1.0,0.7067679166793823,0.7787540555000305,0.5906925797462463,0.6931143403053284,0.022892775460921066,-0.16580939044638685,-0.9858920665425265,2,0.0,THUMBS_UP
0.9453443978174232,0.9068588452789655,0.8998542628675517,0.8764572296481892,1.2267601966370845,1.005923288685829,1.005923288685829,0.1388796054291381,1.0,1.0,0.0,0.0,1.0,0.7057931423187256,0.7791779041290283,0.5910923480987549,0.6940237879753113,0.0328787194595604,-0.1684578577018468,-0.9851603625731212,3,0.0,THUMBS_UP
0.9307893133869994,0.8788633515786543,0.8742282414205902,0.8596961211917622,1.230559007338956,1.0144585285295087,1.0144585285295087,0.1406118128656776,1.0,0.0,0.0,0.0,1.0,0.7108225226402283,0.7773388028144836,0.5957952737808228,0.6959192156791687,0.03657709233067542,-0.19214186176307674,-0.9806852814613117,2,0.0,THUMBS_UP
0.9091829573931514,0.8485315610472229,0.8709376828024022,0.8790392075787598,1.2196086496357463,1.0060783660597241,1.0060783660597241,0.13293125087831822,1.0,0.0,0.0,0.0,1.0,0.7241485714912415,0.7512580156326294,0.6211840510368347,0.6709679365158081,0.05099520964618371,-0.19603724190470476,-0.9792695688009191,2,0.0,THUMBS_UP
0.9243807691899162,0.8948770269138664,0.8822405896189697,0.856870749880764,1.218155780537724,1.1699485275014156,1.1699485275014156,0.11635098836052633,1.0,0.0,0.0,0.0,1.0,0.7327728867530823,0.7142332792282104,0.6408745646476746,0.6261252164840698,0.1980579020861164,-0.16491765363868655,-0.9662169709436679,2,0.0,THUMBS_UP
0.9381940081843051,0.9172345875380252,0.9470560217793449,0.94411970809874,1.2182748573004722,1.0278088297986048,1.0278088297986048,0.1415475397554231,1.0,1.0,1.0,1.0,1.0,0.7693874835968018,0.6648324131965637,0.6701993942260742,0.5658290982246399,0.023238995460481363,-0.13592751520005575,-0.9904461922293035,5,1.0,THUMBS_UP
0.8969959670422046,0.880944907531263,0.9185401611486544,0.9196428648044057,1.2376177228362188,1.0098727039989437,1.0098727039989437,0.16667819348505641,0.0,0.0,1.0,1.0,1.0,0.7801786661148071,0.6838674545288086,0.6580994129180908,0.5684778690338135,0.22172560616449474,-0.20968088282622774,-0.9522981061349439,3,0.0,THUMBS_UP
0.9202241381860664,0.9564525639009771,0.9896417038240781,0.9904017064602074,1.2131867351578638,1.1797711720498734,1.1797711720498734,0.15415697916452678,1.0,1.0,1.0,1.0,1.0,0.7834100127220154,0.7122286558151245,0.6623688340187073,0.5861186385154724,0.3951100214261758,-0.1801096752252015,-0.9008044048842565,5,1.0,THUMBS_UP
0.8502157044034936,0.7676818797034128,0.7642393313425208,0.7793738204095496,1.2428747843713257,0.9987126499169542,0.9987126499169542,0.17295393654768396,0.0,0.0,0.0,0.0,1.0,0.7204083800315857,0.7334511280059814,0.6106182932853699,0.6286208033561707,-0.09595927892976594,-0.09717835196727256,-0.9906301957320927,1,0.0,THUMBS_UP
0.7448395745625976,0.6593833130143782,0.6590052893518069,0.680415177627188,1.2415702485811684,0.9901134593335831,0.9901134593335831,0.16916229329498209,0.0,0.0,0.0,0.0,1.0,0.7168114185333252,0.7058762907981873,0.6271935105323792,0.6053934693336487,0.047260403460468114,-0.15490267230951085,-0.9867986706396225,1,0.0,THUMBS_UP
0.7939929642061294,0.6994373660090186,0.6859287224127211,0.7131072608402632,1.2280692364359536,1.0011224107896863,1.0011224107896863,0.16720161762021316,0.0,0.0,0.0,0.0,1.0,0.7265171408653259,0.6813720464706421,0.632708728313446,0.590312123298645,-0.0240400909497077,-0.20710584270185597,-0.9780231305781494,1,0.0,THUMBS_UP
0.7828027371277767,0.6908456015682936,0.6920224445923372,0.7246556176913501,1.2298727020321074,0.9513693188630408,0.9513693188630408,0.1747595708384592,0.0,0.0,0.0,0.0,1.0,0.7420328259468079,0.6707594990730286,0.6476503014564514,0.5757501721382141,-0.015201685045165138,-0.1931529495085988,-0.9810508890306946,1,0.0,THUMBS_UP
0.8164312852029201,0.7424549022857974,0.7758989729040504,0.8134257144550722,1.2444499975924639,1.0226473295298837,1.0226473295298837,0.16927041041877353,0.0,0.0,0.0,0.0,1.0,0.7566542625427246,0.6124073266983032,0.647401750087738,0.5177381038665771,0.019761781048223015,-0.11922437227375367,-0.9926706508534093,1,0.0,THUMBS_UP
0.9468822826813021,0.864403895686106,0.8207962716415714,0.9047024857423511,1.2136867840494874,1.4567367691205535,1.4567367691205535,0.12999208973425386,1.0,0.0,0.0,1.0,1.0,0.7292487025260925,0.7512040734291077,0.6363494992256165,0.6415435075759888,-0.20824743864640438,0.09961920556889454,-0.9729897317952715,3,0.0,THUMBS_UP
0.9732650194368864,0.9221053805036905,0.9062932118092026,0.8591201812685055,1.2227420920931105,1.090035433255318,1.090035433255318,0.20707643488901437,1.0,1.0,1.0,0.0,1.0,0.8101969957351685,0.8832240104675293,0.6610933542251587,0.7193125486373901,0.041470137427110476,-0.12038223702049829,-0.9918610511113526,4,0.0,THUMBS_UP
0.9504508308018726,0.902737510212297,0.9030624215128966,0.861072177540751,1.224325503400668,1.1263223987232982,1.1263223987232982,0.20299879708527088,1.0,1.0,1.0,0.0,1.0,0.8076490759849548,0.8719532489776611,0.6650558114051819,0.7160569429397583,0.043520937432133255,-0.10621517182854563,-0.9933902884961483,4,0.0,THUMBS_UP
0.9663970457673449,0.883823984195883,0.8723920822475274,0.822964999250568,1.2222443619184162,1.0955046572762255,1.0955046572762255,0.18880812891840548,1.0,0.0,0.0,0.0,1.0,0.7936360239982605,0.8255938291549683,0.6659227013587952,0.6660634875297546,0.07617583295758866,-0.09771849687566167,-0.9922944814124378,2,0.0,THUMBS_UP
0.9374927387117238,0.861662453206863,0.8766293324046501,0.8700180576195148,1.2320844684227328,1.0264829413065841,1.0264829413065841,0.20243157734655753,1.0,0.0,0.0,0.0,1.0,0.7955008745193481,0.7661916017532349,0.6604151725769043,0.6166993975639343,0.016777770322543333,-0.1492156823053226,-0.9886623218152703,2,0.0,THUMBS_UP
0.9391014645923924,0.9012191748196555,0.916248963548086,0.9058605062424715,1.2241732240754468,1.0169690097371245,1.0169690097371245,0.20175291777777818,1.0,1.0,1.0,1.0,1.0,0.788089394569397,0.7353277206420898,0.6509712338447571,0.5861639976501465,0.02859150076183135,-0.16913802846800574,-0.9851775745570654,5,1.0,THUMBS_UP
0.8668278721314827,0.7836215703329782,0.8009654682514028,0.8099234950526117,1.2313520671407958,0.9381798235839869,0.9381798235839869,0.20536463048159972,0.0,0.0,0.0,0.0,1.0,0.7754853367805481,0.7103670239448547,0.6583036780357361,0.5697399973869324,-0.0019146922713008737,-0.1445076672486781,-0.989501828224613,1,0.0,THUMBS_UP
0.9481017234268893,0.9399189112457561,0.9673059216848213,0.9555006888546063,1.2175865238196792,1.1255538183392861,1.1255538183392861,0.18522527424696247,1.0,1.0,1.0,1.0,1.0,0.7650049924850464,0.7214434146881104,0.6245518922805786,0.5890869498252869,0.11554299501635007,-0.20069777424503774,-0.9728156144489765,5,1.0,THUMBS_UP
0.9478854544885921,0.9383603174920262,0.9718852949850141,0.9468674666256548,1.2227829846152065,1.119531069095661,1.119531069095661,0.18613252208743708,1.0,1.0,1.0,1.0,1.0,0.7665845155715942,0.7217226624488831,0.6251828074455261,0.5876034498214722,0.13440854565063762,-0.19593674395713365,-0.9713614853511318,5,1.0,THUMBS_UP
0.9645039480316873,0.9601749283633433,0.9971100780393289,0.9730161399167316,1.2206929925467527,1.0739236547419138,1.0739236547419138,0.18417524065268207,1.0,1.0,1.0,1.0,1.0,0.763037919998169,0.7205649614334106,0.6194130182266235,0.5873631834983826,0.13423413802699444,-0.19975700366756088,-0.970607199475621,5,1.0,THUMBS_UP
0.9511359671887196,0.9519859303909677,0.989011342939301,0.9564824750013708,1.2183789799614926,1.0593826755854807,1.0593826755854807,0.1851656865579513,1.0,1.0,1.0,1.0,1.0,0.7633283734321594,0.7210578918457031,0.6210540533065796,0.5870872735977173,0.165418977565074,-0.20195252819711335,-0.9653246802066752,5,1.0,THUMBS_UP
0.9565240242352214,0.9613867580170582,0.9995427913112767,0.9806564165546485,1.2104597602324714,1.0807790942781228,1.0807790942781228,0.18043521630829762,1.0,1.0,1.0,1.0,1.0,0.7593621015548706,0.7209441661834717,0.6099366545677185,0.5925599336624146,0.185708684827256,-0.2008544648941795,-0.9618574573770293,5,1.0,THUMBS_UP
0.9302811912845379,0.9354488513865191,0.9781238436406345,0.9561404296936453,1.214877557541817,1.108303294769911,1.108303294769911,0.1820109126572989,1.0,1.0,1.0,1.0,1.0,0.7602806687355042,0.7219998836517334,0.6105561256408691,0.599578857421875,0.21439762939569054,-0.2123361957513167,-0.9533871178505439,5,1.0,THUMBS_UP
0.9557087028302905,0.9512707612564191,0.9906296562433721,0.9700507381006229,1.2165467286456044,1.1097157731931426,1.1097157731931426,0.18071048282547908,1.0,1.0,1.0,1.0,1.0,0.7560403943061829,0.7268763184547424,0.6017571091651917,0.5999362468719482,0.20657319100901073,-0.2057696029024746,-0.956549207975059,5,1.0,THUMBS_UP
0.9304115438688417,0.9237375401268573,0.9398352482313302,0.9095651231813142,1.215315477641342,1.0888151836262199,1.0888151836262199,0.17745005765669938,1.0,1.0,1.0,1.0,1.0,0.739274799823761,0.7336353659629822,0.5975649356842041,0.6006799936294556,0.23450884785163995,-0.16637462917061152,-0.9577708927753223,5,1.0,THUMBS_UP
0.731982447342087,0.6625367374622906,0.6708855443797984,0.6949123847555637,1.239293996297975,0.9398066163009914,0.9398066163009914,0.18402535130030365,0.0,0.0,0.0,0.0,1.0,0.7217498421669006,0.7020080089569092,0.6353859305381775,0.5856819748878479,0.015137097925698562,-0.1165717584932247,-0.9930669128453455,1,0.0,THUMBS_UP
0.7388068041756157,0.6716262674963139,0.680120274430455,0.7021256039969616,1.2346989243269588,0.943615563399481,0.943615563399481,0.18358155478986873,0.0,0.0,0.0,0.0,1.0,0.7211396098136902,0.702155590057373,0.6349484324455261,0.5849577188491821,-0.0017620048121989456,-0.11864439687420343,-0.9929352458390216,1,0.0,THUMBS_UP
0.742355381246276,0.6671262359678795,0.6626365530769688,0.6859345473082589,1.233680295798538,0.9440144226756139,0.9440144226756139,0.1834747427634942,0.0,0.0,0.0,0.0,1.0,0.724141001701355,0.7006008625030518,0.6324771046638489,0.5856994390487671,0.0238625059804983,-0.13324235132625786,-0.9907961730958496,1,0.0,THUMBS_UP
0.7466282961652674,0.6715399690778436,0.6697838768687061,0.695149980039098,1.2298311946782012,0.9467687810367761,0.9467687810367761,0.18094940572171622,0.0,0.0,0.0,0.0,1.0,0.723122239112854,0.7000348567962646,0.633398175239563,0.5851976871490479,0.010902490954600445,-0.12580914643176452,-0.991994553596488,1,0.0,THUMBS_UP
0.7473992783027723,0.6672190068120526,0.6598734237612564,0.6849651587305334,1.2282678970888286,0.9435510057263352,0.9435510057263352,0.18425890904918527,0.0,0.0,0.0,0.0,1.0,0.7258703112602234,0.7016100287437439,0.6358832716941833,0.5853345394134521,-0.007582965556689319,-0.1353663808883915,-0.990766592875711,1,0.0,THUMBS_UP
0.7624182687784714,0.6777595531781356,0.6674558009457399,0.6906244309169071,1.2337971768943754,0.9603537280461424,0.9603537280461424,0.18444900461139074,0.0,0.0,0.0,0.0,1.0,0.7293863892555237,0.6972374320030212,0.6353809237480164,0.5867047905921936,-0.05202710833347377,-0.15205983892146932,-0.9870010057672857,1,0.0,THUMBS_UP
0.7471763584344735,0.6748480326329425,0.6803200513142237,0.7073555029224551,1.2243693332357375,0.9486947177987313,0.9486947177987313,0.18536919260577525,0.0,0.0,0.0,0.0,1.0,0.7295644879341125,0.6989003419876099,0.6366366744041443,0.5868111848831177,-0.02725752271706975,-0.13329289142201206,-0.9907017879017319,1,0.0,THUMBS_UP
0.7435415028901108,0.6685625645144858,0.6716548017327275,0.6979373202110204,1.2279173293113492,0.9517884241418395,0.9517884241418395,0.1850025318953155,0.0,0.0,0.0,0.0,1.0,0.7286738753318787,0.6987932324409485,0.6363323330879211,0.5871572494506836,-0.017886881704114267,-0.13990649646076952,-0.9900031473237728,1,0.0,THUMBS_UP
0.7361709517379669,0.6635069757115865,0.6747971640129019,0.7033197826352952,1.2341051874978928,1.0041152740606887,1.0041152740606887,0.18073258652949145,0.0,0.0,0.0,0.0,1.0,0.7273936867713928,0.6954376101493835,0.6324117183685303,0.593492329120636,-0.002278048727772013,-0.1459185931822866,-0.9892939778739667,1,0.0,THUMBS_UP
0.7362863966096419,0.663042525636159,0.6740530402358249,0.7026802465593472,1.2323612259249421,0.9977155803171756,0.9977155803171756,0.18399078007006853,0.0,0.0,0.0,0.0,1.0,0.7284864783287048,0.6977548599243164,0.6305224299430847,0.5949012637138367,0.011357688096542305,-0.16042083941389823,-0.9869833621712384,1,0.0,THUMBS_UP
0.7460242529038873,0.6808505975477026,0.6938732414413374,0.7124590816619686,1.231242881591331,0.9846066418568397,0.9846066418568397,0.1822945644864196,0.0,0.0,0.0,0.0,1.0,0.7249881029129028,0.7002424001693726,0.630852222442627,0.592093288898468,0.006934804022573401,-0.13982706235133072,-0.9901516556201709,1,0.0,THUMBS_UP
0.7419586653414517,0.6668073863864702,0.677454757152281,0.6986299590864797,1.2293105455508841,0.9379602718810328,0.9379602718810328,0.18609525067443314,0.0,0.0,0.0,0.0,1.0,0.7269093990325928,0.7004299759864807,0.6318097114562988,0.5887545943260193,0.0064568480164321805,-0.13092236716535535,-0.991371596773638,1,0.0,THUMBS_UP
0.7479518161256798,0.674313204504449,0.6786468301474979,0.7000217708825467,1.2317312694845366,0.9166701384074568,0.9166701384074568,0.18629722185356176,0.0,0.0,0.0,0.0,1.0,0.7255021929740906,0.696670651435852,0.6337146162986755,0.5827316045761108,-0.018114701451747588,-0.10689965269366059,-0.9941047841376125,1,0.0,THUMBS_UP
0.7167653719573456,0.6280069872716721,0.6277553353055293,0.6553768878250364,1.239708523308898,0.9620393892478143,0.9620393892478143,0.18543998929669794,0.0,0.0,0.0,0.0,1.0,0.7262292504310608,0.6867464184761047,0.6358602046966553,0.5836589336395264,-0.04096349922432129,-0.12202473344501574,-0.9916813783463779,1,0.0,THUMBS_UP
0.738786669140906,0.6487840145118668,0.6445257343169587,0.6636331688015382,1.2299421101882684,0.9430211065015315,0.9430211065015315,0.18674408792920807,0.0,0.0,0.0,0.0,1.0,0.7278043031692505,0.6887834668159485,0.6320360898971558,0.5812022089958191,0.0034589428436477094,-0.15266185098619778,-0.9882724295293643,1,0.0,THUMBS_UP
0.7596882526136496,0.6830407886165296,0.6878572960202782,0.7015349232227153,1.242017127617071,1.0440300905129702,1.0440300905129702,0.17850460299802504,0.0,0.0,0.0,0.0,1.0,0.737753689289093,0.6931929588317871,0.6309698224067688,0.5961419939994812,0.02412723756542492,-0.12423733941011775,-0.9919591523363029,1,0.0,THUMBS_UP
0.8888469837764934,0.8147469600016605,0.7990132644770697,0.8063621208216499,1.22600097596032,1.0217370386600753,1.0217370386600753,0.18915746727381258,0.0,0.0,0.0,0.0,1.0,0.7532860636711121,0.7833517789840698,0.6244760751724243,0.6616957187652588,-0.11975089455885597,-0.03830602058246023,-0.9920647015389116,1,0.0,THUMBS_UP
0.9914780481441909,0.9195074933786177,0.9001043790933287,0.8337680855299054,1.22903899401154,1.084660629852761,1.084660629852761,0.16637714795663242,1.0,1.0,1.0,0.0,1.0,0.760012686252594,0.7355579137802124,0.6306962370872498,0.6139710545539856,0.018869851237238586,-0.12274384955282522,-0.992258976331904,4,0.0,THUMBS_UP
0.78921185274487,0.7192666441321091,0.740852240312992,0.7811686241709382,1.2300034210609934,0.9031681903325548,0.9031681903325548,0.1721999810348082,0.0,0.0,0.0,0.0,1.0,0.7044816613197327,0.6102578043937683,0.6018088459968567,0.5251244306564331,0.013962274913452364,-0.2005830857917721,-0.9795771948006403,1,0.0,THUMBS_UP
0.7864636895486727,0.7118811313051204,0.7267044965490718,0.7709925437836247,1.2295598304851791,0.8985871982741801,0.8985871982741801,0.17184164437271074,0.0,0.0,0.0,0.0,1.0,0.7024644613265991,0.6111621856689453,0.6035500168800354,0.5224891304969788,0.008030589806588679,-0.19759425851703374,-0.9802509977696845,1,0.0,THUMBS_UP
0.7640683493400243,0.6948482251169246,0.7056518281494263,0.7434878941556631,1.227645926135691,0.9166635740388973,0.9166635740388973,0.17109518001550056,0.0,0.0,0.0,0.0,1.0,0.700188934803009,0.6119605302810669,0.6049813628196716,0.5207242369651794,0.02112560856183445,-0.18523717895128616,-0.9824667405042582,1,0.0,THUMBS_UP
0.7636874871283605,0.6937376051111053,0.705899429702933,0.7360627680005676,1.2309212504085534,0.9600237935307897,0.9600237935307897,0.16781248417505326,0.0,0.0,0.0,0.0,1.0,0.7019085884094238,0.6096389293670654,0.6007589101791382,0.5248824954032898,0.03976053985637616,-0.1911707792064632,-0.9807511573523242,1,0.0,THUMBS_UP
0.756150602647065,0.6874738083971424,0.7046445385913007,0.733203852818696,1.2368714207288851,1.0296881744831128,1.0296881744831128,0.1628768055540282,0.0,0.0,0.0,0.0,1.0,0.7025275230407715,0.6027599573135376,0.5964048504829407,0.5328011512756348,0.044927961165327775,-0.19280741171575405,-0.9802075189943192,1,0.0,THUMBS_UP
0.7213155025140254,0.6725837785382199,0.68879981028175,0.7279473447072631,1.2507437275854003,1.0322249033564603,1.0322249033564603,0.1596239363353916,0.0,0.0,0.0,0.0,1.0,0.7048827409744263,0.5965967178344727,0.6018644571304321,0.5373064279556274,0.01007177950813462,-0.15399509019134802,-0.9880202788680493,1,0.0,THUMBS_UP
0.7274544694041833,0.6611971755155003,0.6846829032072963,0.7260934071123633,1.2630265460767094,1.102542300471492,1.102542300471492,0.15642943693341624,0.0,0.0,0.0,0.0,1.0,0.7075212001800537,0.5965782403945923,0.600027322769165,0.5505220293998718,0.0012877336550252325,-0.15913815577153856,-0.9872554832056732,1,0.0,THUMBS_UP
0.7352502151925764,0.670753986992256,0.6870175530781322,0.7191460335144568,1.2498510714530948,1.0471998807618923,1.0471998807618923,0.1520160175712489,0.0,0.0,0.0,0.0,1.0,0.7066745162010193,0.6007794737815857,0.6033036708831787,0.5461667776107788,-0.009970991100737151,-0.1409106784075491,-0.9899721006408178,1,0.0,THUMBS_UP
0.7495473345000613,0.6916460354771032,0.6982412214814437,0.7276912322907757,1.2490130947684215,1.0999902846030498,1.0999902846030498,0.1482869901041896,0.0,0.0,0.0,0.0,1.0,0.7082525491714478,0.6010376811027527,0.6037352085113525,0.5517359972000122,-0.02887520031150976,-0.13557012679712266,-0.990346890502102,1,0.0,THUMBS_UP
0.7610235026695548,0.7088781109966789,0.7241271892644454,0.7573899340089524,1.244592821310995,1.111935895476506,1.111935895476506,0.14743790549636537,0.0,0.0,0.0,0.0,1.0,0.7127758860588074,0.6071129441261292,0.6057162880897522,0.555925726890564,-0.009736784067802567,-0.13165499721190496,-0.9912477776747599,1,0.0,THUMBS_UP
0.8028349018363515,0.7496725125206994,0.7681029190108806,0.785300614758646,1.243512618844444,1.1003358092929265,1.1003358092929265,0.1470831733589809,0.0,0.0,0.0,0.0,1.0,0.715445876121521,0.6072909235954285,0.603662371635437,0.5544700622558594,-0.013645879838863685,-0.12909325466698765,-0.9915385628218942,1,0.0,THUMBS_UP
0.7982165061733931,0.7317302408370875,0.744158019085675,0.7698234198744925,1.2395087648572791,1.0823397595418338,1.0823397595418338,0.1474403291576448,0.0,0.0,0.0,0.0,1.0,0.7188396453857422,0.6102120876312256,0.6057900786399841,0.5558623671531677,0.004846866124138291,-0.148453088179063,-0.9889075732842145,1,0.0,THUMBS_UP
0.8045901838828811,0.7439506743008331,0.7577460134845035,0.7809232549887724,1.2480621873733269,1.06841153516545,1.06841153516545,0.14814336452784693,0.0,0.0,0.0,0.0,1.0,0.7192047238349915,0.6103357076644897,0.6068602800369263,0.5533989667892456,-0.017165840541698306,-0.12854706560290094,-0.9915548324945931,1,0.0,THUMBS_UP
0.8272514409679185,0.7601642798295954,0.7605042842425856,0.7776318209783116,1.2498816260985477,1.080403163211901,1.080403163211901,0.1469597016745916,0.0,0.0,0.0,0.0,1.0,0.7224075794219971,0.6110705137252808,0.60718834400177,0.556769073009491,-0.022337963372687085,-0.1420557609087972,-0.9896065764661142,1,0.0,THUMBS_UP
0.8099157221927391,0.7551522282405223,0.7602955471087032,0.7690022000328893,1.2522314344475105,1.077465641040935,1.077465641040935,0.15183049065428528,0.0,0.0,0.0,0.0,1.0,0.7289456725120544,0.6182999014854431,0.6095978021621704,0.5695452094078064,0.02565000083242147,-0.1784649186034202,-0.983611890069031,1,0.0,THUMBS_UP
0.846187636121153,0.7799822060084951,0.7903209537719957,0.8000689117595138,1.2207575127239665,0.9667134646435681,0.9667134646435681,0.15552675554826295,0.0,0.0,0.0,0.0,1.0,0.7362884879112244,0.6316619515419006,0.6154229044914246,0.5691317915916443,0.02798570379382235,-0.2041900376970319,-0.9785311588745905,1,0.0,THUMBS_UP
0.8568329357842923,0.790453987105917,0.7987656939226306,0.8125538182096366,1.2267997835000701,0.9524753075343394,0.9524753075343394,0.1623656698306187,0.0,0.0,0.0,0.0,1.0,0.7383661270141602,0.6552377939224243,0.6255578398704529,0.5752004981040955,-0.04132470348960584,-0.18999713787451464,-0.9809145510598714,1,0.0,THUMBS_UP
0.8572292008894036,0.787661781966706,0.7870747733665724,0.8010312752515106,1.2102702765201037,0.8879105489373688,0.8879105489373688,0.1704320634209322,0.0,0.0,0.0,0.0,1.0,0.7379275560379028,0.6706627011299133,0.6308625936508179,0.583641767501831,-0.04151800933910925,-0.21841350014509792,-0.97497271646692,1,0.0,THUMBS_UP
0.8687705565837597,0.78300459672845,0.7989907627897047,0.8046174743496312,1.1819265215351193,0.7857797414327238,0.7857797414327238,0.17701679723748884,0.0,0.0,0.0,0.0,1.0,0.7374473810195923,0.6908879280090332,0.6406069397926331,0.583954930305481,0.025512745470185352,-0.2445339327152009,-0.9693050374208375,1,0.0,THUMBS_UP
0.7725740904468543,0.7048893487327162,0.7176423126021796,0.7592869751205376,1.2098659708662243,0.8013934337693079,0.8013934337693079,0.18624548258628507,0.0,0.0,0.0,0.0,1.0,0.7245258092880249,0.6950081586837769,0.6308910846710205,0.5881103277206421,0.0733978762605067,-0.21030516439759234,-0.9748766535250236,1,0.0,THUMBS_UP
0.7931467635558821,0.721428232674064,0.7297773186235573,0.7492173599035443,1.2004279878204622,0.7718900301194015,0.7718900301194015,0.18517270962641422,0.0,0.0,0.0,0.0,1.0,0.7240397930145264,0.6969932913780212,0.6329403519630432,0.583597719669342,0.08339165723974727,-0.207315212368993,-0.9747134113282775,1,0.0,THUMBS_UP
0.790965101725547,0.7152409925291204,0.7312735570558696,0.7541825588893498,1.2186103195427742,0.8457704124795407,0.8457704124795407,0.18024173532497445,0.0,0.0,0.0,0.0,1.0,0.7263253331184387,0.6939573287963867,0.6268304586410522,0.5923140645027161,0.067142729875574,-0.22096053273794508,-0.9729688056649192,1,0.0,THUMBS_UP
0.789894251489156,0.7044441786048758,0.7135343678083002,0.7477763117469918,1.2299655961982485,0.8600606986512268,0.8600606986512268,0.17970903968658924,0.0,0.0,0.0,0.0,1.0,0.7294283509254456,0.6970757842063904,0.6274391412734985,0.5972669124603271,0.07937452223040789,-0.23700514807015127,-0.9682604221018951,1,0.0,THUMBS_UP
0.7729927786119876,0.6912244654797006,0.7125992555470877,0.7597904431806728,1.2468610436924732,0.9505787429808389,0.9505787429808389,0.1751819054613805,0.0,0.0,0.0,0.0,1.0,0.7275764346122742,0.6964786052703857,0.6195260882377625,0.6112154126167297,0.05680467745602997,-0.21670018177894568,-0.9745841471294762,1,0.0,THUMBS_UP
0.8079070139742974,0.7234949010813508,0.7372248095831548,0.7396795158784927,1.2298370798550997,0.8772309692838132,0.8772309692838132,0.17642526463509303,0.0,0.0,0.0,0.0,1.0,0.7276830077171326,0.7006213068962097,0.6194955706596375,0.5989616513252258,0.09053477866363036,-0.20403543812745736,-0.9747681744089023,1,0.0,THUMBS_UP
0.7842484947341684,0.72978499290614,0.7362706558445541,0.753519408156488,1.2437797078468515,0.9928243112873996,0.9928243112873996,0.169023641203914,0.0,0.0,0.0,0.0,1.0,0.7265923619270325,0.7012133598327637,0.6169628500938416,0.6132921576499939,0.02514680846283402,-0.13049824909954527,-0.9911295803304866,1,0.0,THUMBS_UP
0.8280697461329621,0.7432505887241514,0.7554345989894831,0.7683400095464992,1.224726543954684,0.977241984124603,0.977241984124603,0.1661155182685566,0.0,0.0,0.0,0.0,1.0,0.7259195446968079,0.7013428211212158,0.6153630614280701,0.6103666424751282,0.03874985619219918,-0.1754261962910834,-0.9837296876174502,1,0.0,THUMBS_UP
0.8118473542116387,0.7507465016127307,0.759829474861833,0.7607964623737419,1.2415902986344909,1.0074536041359903,1.0074536041359903,0.1697354376140028,0.0,0.0,0.0,0.0,1.0,0.731959342956543,0.713827908039093,0.6155207753181458,0.6209154725074768,0.055660057795463236,-0.13533030282134978,-0.9892359006346705,1,0.0,THUMBS_UP
0.8535926751849153,0.7795459985480083,0.7901355509554832,0.7901145489879468,1.2423319078875765,1.0026969741197815,1.0026969741197815,0.16712871400694013,0.0,0.0,0.0,0.0,1.0,0.7307872176170349,0.7232624292373657,0.6159399747848511,0.6200226545333862,0.022076054565864034,-0.118643376324352,-0.9926914913854974,1,0.0,THUMBS_UP
0.8726784857526017,0.8053667536628548,0.816751992821851,0.8171424197585738,1.2394378204114636,1.0495842114653142,1.0495842114653142,0.16889342263077314,0.0,0.0,0.0,0.0,1.0,0.7405316233634949,0.721908450126648,0.6170691251754761,0.6225517392158508,0.05432489890083323,-0.18164249471699873,-0.9818629280466796,1,0.0,THUMBS_UP
0.8846011974483236,0.8286514313364571,0.8402342041464453,0.8323834020074248,1.2347881258724909,0.9915302681612276,0.9915302681612276,0.1711640356291317,0.0,0.0,0.0,0.0,1.0,0.741391658782959,0.7257219552993774,0.6173240542411804,0.6179330348968506,0.0406129679166764,-0.15143867223057259,-0.9876319736572122,1,0.0,THUMBS_UP
0.7567193455812895,0.6860458906369055,0.7042686239565678,0.7382093316484916,1.2593010767941009,0.9832770016334039,0.9832770016334039,0.16847737313346195,0.0,0.0,0.0,0.0,1.0,0.7024889588356018,0.6888521909713745,0.6004708409309387,0.6053299307823181,0.0012787036165538847,-0.15870334742244321,-0.9873254845459891,1,0.0,THUMBS_UP
0.7640714154589541,0.6964237030208855,0.7058444844665347,0.7387764137719691,1.2334525168991608,0.9365430006658406,0.9365430006658406,0.15699745075677005,0.0,0.0,0.0,0.0,1.0,0.6864508986473083,0.6712697744369507,0.5927099585533142,0.5934801697731018,0.025428649005233568,-0.1956438012722331,-0.9803452895962319,1,0.0,THUMBS_UP
0.7576017289786108,0.700450833628326,0.7095788156949647,0.7281834141175718,1.2222203364168267,0.9044554123104596,0.9044554123104596,0.1507982699182092,0.0,0.0,0.0,0.0,1.0,0.6850695610046387,0.6694188714027405,0.5981956720352173,0.5894668102264404,0.02698319497597274,-0.16604444810932542,-0.9857490291351841,1,0.0,THUMBS_UP
0.8445485093635184,0.7472261198769533,0.750077919314836,0.7715719728502419,1.2155128423852966,0.9932289392023275,0.9932289392023275,0.14573376047073605,0.0,0.0,0.0,0.0,1.0,0.7108947038650513,0.702486515045166,0.6250445246696472,0.5989458560943604,0.046850191817098395,-0.13257560578060937,-0.9900650323481814,1,0.0,THUMBS_UP
0.9693492130089689,0.9315629015582655,0.9261238679103707,0.9194620546252215,1.2152274974062154,1.1224737442376433,1.1224737442376433,0.17677873068138691,1.0,1.0,1.0,1.0,1.0,0.8367687463760376,0.7753574252128601,0.7091760635375977,0.6392307877540588,-0.04681661866558713,-0.08948454000921287,-0.9948872907601446,5,1.0,THUMBS_UP
0.950733735980475,0.9334052586357858,0.9419028407869054,0.9241512366282343,1.2175418735645371,1.1591507643859182,1.1591507643859182,0.18965528456217165,1.0,1.0,1.0,1.0,1.0,0.8680970668792725,0.7859684824943542,0.7187795042991638,0.6515011787414551,0.0729011359843312,-0.13072962523579987,-0.9887341348703914,5,1.0,THUMBS_UP
0.9417737078797153,0.9675661278988923,1.0032551233396412,0.9461249768175214,1.2140076610878776,1.0630654440070482,1.0630654440070482,0.18648088378096556,1.0,1.0,1.0,1.0,1.0,0.8263096213340759,0.7397372722625732,0.6753800511360168,0.5964585542678833,0.2504578363978325,-0.1347037704550002,-0.9587104705864661,5,1.0,THUMBS_UP
0.7724443224255163,0.6884376764015454,0.6905407417532161,0.7310867010556481,1.221684402905444,0.9491172402071453,0.9491172402071453,0.15832494688337334,0.0,0.0,0.0,0.0,1.0,0.7612112164497375,0.6620638370513916,0.6695446968078613,0.5758821964263916,-0.041341103048999406,-0.1349495268596198,-0.9899896658041724,1,0.0,THUMBS_UP
