1.8268202223924666,1.8991437182751862,0.912911261173554,0.8502711502431994,1.2653134791798155,1.030888034741005,1.030888034741005,0.29225431998246576,1.0,1.0,1.0,0.0,1.0,0.7573580145835876,0.9150438904762268,0.6303496956825256,0.4090214967727661,-0.02075848632788522,-0.2142496301125569,0.9765583347870253,4,0.0,TWO_FINGER
1.8548821825561945,1.9565055404323386,1.36259438630504,0.9751285473812547,1.2846276997680621,1.1470586365865847,1.1470586365865847,0.28073537191742304,1.0,1.0,1.0,1.0,1.0,0.7651352882385254,0.9220924377441406,0.6629985570907593,0.4215589165687561,-0.12876706421841444,-0.2665255693840959,0.9551875020314358,5,1.0,TWO_FINGER
1.8553607526901632,1.958736134079724,0.891401467604872,0.8120302640402159,1.2765356489497095,1.143945086843367,1.143945086843367,0.28059427186213765,1.0,1.0,0.0,0.0,1.0,0.7648378014564514,0.9183647036552429,0.6664668321609497,0.41595953702926636,-0.04551313820818819,-0.2710605601529002,0.961485687350591,3,0.0,TWO_FINGER
1.8440218596010025,1.9499919037217563,0.9583432280837451,0.8100423646189687,1.2726431579996091,1.1373350019064696,1.1373350019064696,0.2807979956364138,1.0,1.0,1.0,0.0,1.0,0.7628874778747559,0.9190878868103027,0.6650182604789734,0.4169326424598694,-0.06871141161115836,-0.25803811445051544,0.963688265677872,4,0.0,TWO_FINGER
1.8069891920007914,1.8951001364853717,0.7938407458547274,0.7546989177785568,1.213974502756319,1.019096999187064,1.019096999187064,0.29186017685727655,1.0,1.0,0.0,0.0,1.0,0.7719523310661316,0.8948387503623962,0.6413283944129944,0.38233599066734314,-0.2787965432859172,-0.05370303214615123,0.9588474705552146,3,0.0,TWO_FINGER
1.8796316909761468,1.9272910172941276,0.8274809200130395,0.8485239250106877,1.2417050832425638,1.065921312936876,1.065921312936876,0.2848504295743674,1.0,1.0,0.0,0.0,1.0,0.7330612540245056,0.8478506803512573,0.6179713010787964,0.33677494525909424,-0.07798817329950727,-0.14466785189344078,0.9864020769716291,3,0.0,TWO_FINGER
1.9050099543153438,2.019437031890873,0.8368447144003056,0.8604110367950171,1.2592310713298862,1.1483972368003132,1.1483972368003132,0.3036602830342607,1.0,1.0,0.0,0.0,1.0,0.7812946438789368,0.9342195987701416,0.6131737232208252,0.4050760269165039,-0.2901275030459765,-0.20910788475654693,0.933862904557703,3,0.0,TWO_FINGER
1.9455219870343925,2.043422114747373,0.7952396302862265,0.8415747723134733,1.2727468874257322,1.1494186844128311,1.1494186844128311,0.30506675364816405,1.0,1.0,0.0,0.0,1.0,0.7847945094108582,0.9371194839477539,0.596061110496521,0.4165952205657959,-0.32015924255687594,-0.24798622108684293,0.9143308446927046,3,0.0,TWO_FINGER
1.9317623694375283,2.0281629917001855,0.7936806123709231,0.8359975281420731,1.2729593853329813,1.1627995526629944,1.1627995526629944,0.30495979417489755,1.0,1.0,0.0,0.0,1.0,0.7879224419593811,0.9417542219161987,0.5845817923545837,0.4308812618255615,-0.1956556781574045,-0.2647092850358592,0.9442710680840383,3,0.0,TWO_FINGER
1.9142126622978992,2.0077737328336243,0.8092413039579552,0.8444140906842129,1.2743017272042465,1.1475410986931014,1.1475410986931014,0.3094139879137801,1.0,1.0,0.0,0.0,1.0,0.7875831127166748,0.9488643407821655,0.5812035202980042,0.4404328465461731,-0.08768070381073274,-0.2901664096992125,0.9529509687604726,3,0.0,TWO_FINGER
1.919231075591109,1.9838860158512377,0.8719928785356365,0.8444853510747831,1.2789781803642402,1.1676647268898859,1.1676647268898859,0.30891583775831255,1.0,1.0,0.0,0.0,1.0,0.7881389856338501,0.9529640674591064,0.5815161466598511,0.4455767273902893,-0.08147551269220106,-0.31697236110699545,0.9449287079593887,3,0.0,TWO_FINGER
1.9233964883312573,1.9702116984114841,0.9545595057228626,0.8403900554060485,1.2837866575565693,1.1640434549461507,1.1640434549461507,0.30949938252033216,1.0,1.0,1.0,0.0,1.0,0.7829105257987976,0.9577808976173401,0.5822579860687256,0.44912704825401306,-0.09928764945731706,-0.3310753410612986,0.9383661765038134,4,0.0,TWO_FINGER
1.9307531053230036,1.9515688784201464,0.9933335253249399,0.8442203508558475,1.2909585093804288,1.1611819945882689,1.1611819945882689,0.3151704434754815,1.0,1.0,1.0,0.0,1.0,0.7782106995582581,0.9667465686798096,0.5816571712493896,0.45329248905181885,-0.03325677583280548,-0.35411068873082546,0.9346120087971195,4,0.0,TWO_FINGER
1.9285757003817587,1.9272017764065807,1.483346769763325,0.924733060267076,1.2934725004146457,1.171385151828477,1.171385151828477,0.3205432775352428,1.0,1.0,1.0,1.0,1.0,0.7768169045448303,0.9738764762878418,0.5803775191307068,0.45521581172943115,-0.12925638043912577,-0.35508710533966464,0.9258541654803276,5,1.0,TWO_FINGER
1.9258373932970212,1.9239682084903909,1.3123935392242319,0.9315465312400806,1.2828370427606468,1.1868222439411276,1.1868222439411276,0.3229073687124385,1.0,1.0,1.0,1.0,1.0,0.771421492099762,0.9772754311561584,0.5807911157608032,0.45585301518440247,-0.10519060630835969,-0.3793771345441766,0.9192431267785087,5,1.0,TWO_FINGER
1.933999189601874,1.937225965822009,1.4401329016334918,0.9277783447191841,1.2936672829435187,1.2245338091041547,1.2245338091041547,0.32314471066685335,1.0,1.0,1.0,1.0,1.0,0.7701607942581177,0.9784002304077148,0.5835855603218079,0.4559357762336731,-0.04363278180077164,-0.41319256991669984,0.9095977575378907,5,1.0,TWO_FINGER
1.9341922394170867,1.9367717198402095,1.526563331541865,0.9398287336805973,1.2953430196046618,1.2313989838153352,1.2313989838153352,0.3216093787953155,1.0,1.0,1.0,1.0,1.0,0.7669037580490112,0.9787423014640808,0.5838642120361328,0.4566338360309601,-0.13140951462200562,-0.41063579592418253,0.9022803237201407,5,1.0,TWO_FINGER
1.9536479190554241,1.9552217674760388,1.3776688866668032,0.9257215886005533,1.2931859762940257,1.2485547870865612,1.2485547870865612,0.32120943384133255,1.0,1.0,1.0,1.0,1.0,0.7686294913291931,0.977440357208252,0.5843117833137512,0.4543948769569397,-0.08105916653119286,-0.4311554219096316,0.8986291858598829,5,1.0,TWO_FINGER
1.9569603271212594,1.9640271753700023,1.0744140092134766,0.872466751215298,1.2912051944224718,1.2463509517469047,1.2463509517469047,0.319441277317739,1.0,1.0,1.0,0.0,1.0,0.7650991678237915,0.9753390550613403,0.5870858430862427,0.4548863172531128,-0.08615060343395899,-0.44559096018854405,0.8910817974384934,4,0.0,TWO_FINGER
1.9486296635911,1.976043325724333,1.0908369876468251,0.8623331724134138,1.2931231210200063,1.2355231016215746,1.2355231016215746,0.3205504831267975,1.0,1.0,1.0,0.0,1.0,0.7655918598175049,0.9793137907981873,0.594319224357605,0.4541115462779999,-0.004739148463270818,-0.4336211756526866,0.9010828022426268,4,0.0,TWO_FINGER
1.934472955788138,2.0519426889208914,0.8476058693220545,0.8553436909879263,1.2814931674465637,1.2076048704247178,1.2076048704247178,0.30948484288097167,1.0,1.0,0.0,0.0,1.0,0.7657175660133362,0.8946008682250977,0.6467899084091187,0.3294026851654053,-0.06386074251156369,-0.2890473196252497,0.9551824184852495,3,0.0,TWO_FINGER
1.9415448943766997,2.0393101110552347,0.8678748283079473,0.8596237300221096,1.279542607436609,1.223782079048463,1.223782079048463,0.3106289615523025,1.0,1.0,0.0,0.0,1.0,0.767316460609436,0.893875241279602,0.6509726643562317,0.32367372512817383,0.01884261243281886,-0.3124221981960146,0.9497564561670938,3,0.0,TWO_FINGER
1.9392940187839647,1.7862483633248107,1.5608267571739176,1.536959508123453,1.0652086807638241,1.0198982579365166,1.0198982579365166,0.2603105900646368,1.0,1.0,1.0,1.0,1.0,0.7408899068832397,0.872596800327301,0.6930055022239685,0.35159364342689514,-0.30695664341858414,0.0012484723421588902,0.9517226803948758,5,1.0,TWO_FINGER
1.8648653558951838,2.0254249594533147,1.0371611828612488,0.9739920254706389,1.1507879676995043,0.9873880217506403,0.9873880217506403,0.2538862215224919,1.0,1.0,1.0,1.0,1.0,0.7434554696083069,0.8854178786277771,0.694639265537262,0.3865613043308258,0.9206288763338305,-0.03802408869411005,-0.3885828621276176,5,1.0,TWO_FINGER
1.9145976773379114,2.0959609118058244,1.0020203608532234,0.8449149799569121,1.155400549308515,0.9099814040945341,0.9099814040945341,0.2345487218426344,1.0,1.0,1.0,0.0,1.0,0.7267167568206787,0.8601911664009094,0.7426495552062988,0.38670364022254944,0.8329368964647113,0.08966658567693983,-0.5460549696878284,4,0.0,TWO_FINGER
1.9782174969278075,2.132345778865902,1.00216092633751,0.8388137367729303,1.1446260891238489,0.9852219496673563,0.9852219496673563,0.2259104220186843,1.0,1.0,1.0,0.0,1.0,0.7164357304573059,0.8606728315353394,0.705746054649353,0.39274635910987854,0.6669800885378177,0.08943874373142,-0.7396879562449495,4,0.0,TWO_FINGER
1.9725375570209365,2.1364334002118164,1.0208141761728684,0.8568835020797465,1.159370775006321,0.9361161026720797,0.9361161026720797,0.2251056708094632,1.0,1.0,1.0,0.0,1.0,0.7152217626571655,0.8591176271438599,0.7051081657409668,0.3932322859764099,0.6500016617897874,0.09936910981391765,-0.7534080034651242,4,0.0,TWO_FINGER
1.9587934380667653,2.141025564977908,1.0082293391409296,0.839092921895003,1.1585909287946679,0.9694714777239304,0.9694714777239304,0.22397122551361842,1.0,1.0,1.0,0.0,1.0,0.7140134572982788,0.8554561734199524,0.7058439254760742,0.39115458726882935,0.668452339321254,0.09140905650707445,-0.7381164233672284,4,0.0,TWO_FINGER
1.9846463638514271,2.158654074198128,1.0366549147145994,0.8862490903734809,1.1476780877119241,0.9569068228255606,0.9569068228255606,0.22168814987414504,1.0,1.0,1.0,0.0,1.0,0.7140122056007385,0.8566908240318298,0.7072996497154236,0.3918664753437042,0.6229220834880097,0.08681100194235136,-0.7774522029325803,4,0.0,TWO_FINGER
1.9589325196106409,2.1141058698726796,1.0632287129099522,0.8658835728687196,1.1102148462888928,0.9869881228988506,0.9869881228988506,0.23096391717647416,1.0,1.0,1.0,0.0,1.0,0.6813834309577942,0.8651092648506165,0.7114878296852112,0.39854785799980164,0.5325684590286255,0.09101329880313799,-0.8414793021155339,4,0.0,TWO_FINGER
1.9859000291742814,2.1210880923992734,1.0976623758338613,0.8798227571048887,1.0995810277789515,1.0599817353732734,1.0599817353732734,0.22578773240432476,1.0,1.0,1.0,0.0,1.0,0.6832274794578552,0.8677465915679932,0.7132278680801392,0.4084658920764923,0.509487845072265,0.05320301131086136,-0.8588315174183329,4,0.0,TWO_FINGER
1.8550935896015115,2.0099576112285744,1.035696368734045,0.8690061165647517,1.0959983874704626,0.9334903003969376,0.9334903003969376,0.23632450149843734,1.0,1.0,1.0,0.0,1.0,0.6853234171867371,0.8715969920158386,0.6734623908996582,0.4103037416934967,0.5047796918175135,-0.015172696430195306,-0.8631148544728293,4,0.0,TWO_FINGER
1.9996552221606283,2.127555749290073,1.0735223745527365,0.8788877997649096,1.086921971101591,1.0643814482632945,1.0643814482632945,0.23160746600150464,1.0,1.0,1.0,0.0,1.0,0.6991621851921082,0.8882052898406982,0.6474541425704956,0.40406638383865356,0.4727848086645334,0.07550785892812072,-0.8779368359603847,4,0.0,TWO_FINGER
1.9308967646204076,2.0113299364236115,1.0234966117366178,0.9141358836880231,1.0884350681602217,1.0573669888359045,1.0573669888359045,0.21372455478044772,1.0,1.0,1.0,1.0,1.0,0.7875940799713135,0.7944512367248535,0.6171147227287292,0.3726215362548828,0.5669865185198285,-0.16616685642424625,-0.8067929496734886,5,1.0,TWO_FINGER
1.9800027400195768,2.0416789036042045,0.9904587464623983,0.8652759004867262,1.0921543390173574,1.110703191918723,1.110703191918723,0.2075306150333699,1.0,1.0,1.0,0.0,1.0,0.8077099323272705,0.8015167713165283,0.6114411354064941,0.39625346660614014,0.6450161750257553,-0.18245297714174297,-0.7420680865576008,4,0.0,TWO_FINGER
1.8829773714594866,1.980125959676458,1.0645192637740748,0.9387039000146513,1.0766572558673555,0.9053634197583345,0.9053634197583345,0.2128491475052594,1.0,1.0,1.0,1.0,1.0,0.8369762897491455,0.8206459283828735,0.6161308288574219,0.42279142141342163,0.5845459757180307,-0.07563825993953109,-0.8078272438493117,5,1.0,TWO_FINGER
1.9126321993935445,2.0099397693805123,1.0180258468461945,0.8602683472665615,1.1079889794001752,0.946824885654655,0.946824885654655,0.20928630293224607,1.0,1.0,1.0,0.0,1.0,0.8727236986160278,0.8356348276138306,0.6325507760047913,0.4526546001434326,0.6896829777341624,-0.08203736814765279,-0.7194492758013905,4,0.0,TWO_FINGER
1.8680842263034714,1.918835087076251,1.075846687710312,0.8764144886905251,1.138348168787333,0.820053301685712,0.820053301685712,0.20179313481886177,1.0,1.0,1.0,0.0,1.0,0.8823564052581787,0.8390374779701233,0.6584558486938477,0.4697127044200897,0.7942977942689147,-0.09845429821397327,-0.5994979275883535,4,0.0,TWO_FINGER
1.9462774698785852,2.024274724357279,0.9883201670414041,0.8608123047902283,1.1993910463130828,0.9126951563813147,0.9126951563813147,0.19647508134289604,1.0,1.0,1.0,0.0,1.0,0.8963229656219482,0.8459726572036743,0.6822607517242432,0.4745033085346222,0.8080935188296315,-0.09640937694314382,-0.5811110882292465,4,0.0,TWO_FINGER
1.8917061643129514,1.9710068281654876,0.9864848460264496,0.8449009395308853,1.2003588079653418,0.8228574571091046,0.8228574571091046,0.19743686499773933,1.0,1.0,1.0,0.0,1.0,0.904981255531311,0.847553551197052,0.6969427466392517,0.4809415340423584,0.8222492546651687,-0.1468139521266969,-0.5498652804674199,4,0.0,TWO_FINGER
1.89046446243129,1.9932446435882025,1.0181591809604236,0.8860804860928869,1.1935760673341025,0.7627085252805467,0.7627085252805467,0.19327299699312758,1.0,1.0,1.0,0.0,1.0,0.9086658358573914,0.8541226387023926,0.703459620475769,0.488114595413208,0.7968871291508289,-0.14604032102058842,-0.5862108221706194,4,0.0,TWO_FINGER
1.9098592936543044,1.9815155381339296,0.9961895643807873,0.8733230715757824,1.214466707989628,0.78808269721607,0.78808269721607,0.19220278539614208,1.0,1.0,1.0,0.0,1.0,0.9101628065109253,0.8553622364997864,0.7039340734481812,0.4889001250267029,0.7919540962577686,-0.1515076771724362,-0.5914846854977346,4,0.0,TWO_FINGER
1.8772252364691655,1.9537965830189254,1.0253424123931636,0.8752373381004981,1.1978818481217004,0.7071667978832923,0.7071667978832923,0.19515872667862644,1.0,1.0,1.0,0.0,1.0,0.9103058576583862,0.8594051003456116,0.7045016884803772,0.4933900535106659,0.7877698311768596,-0.15094659455739623,-0.5971882606675278,4,0.0,TWO_FINGER
1.843416899085174,1.9657429662453614,1.0162700528692779,0.8927922367499604,1.1715219440995261,0.7788284962645139,0.7788284962645139,0.19967675526174763,1.0,1.0,1.0,0.0,1.0,0.9047544002532959,0.8661789298057556,0.6918757557868958,0.5031259655952454,0.7780930409564083,-0.16911149379215987,-0.604956628430992,4,0.0,TWO_FINGER
1.884977007204102,1.9289108465364033,1.0414325957232407,0.927015746778487,1.2060717589771353,0.8719772934905742,0.8719772934905742,0.19827485327897051,1.0,1.0,1.0,1.0,1.0,0.8872823119163513,0.8708953857421875,0.6669396758079529,0.504658579826355,0.7596102609315273,-0.14394918270691745,-0.6342482828400464,5,1.0,TWO_FINGER
1.8139596520201107,1.8568568032066322,1.0979892920299257,1.001044876068102,1.1683359411052405,0.9926097589925915,0.9926097589925915,0.2056768794786192,1.0,1.0,1.0,1.0,1.0,0.8758780360221863,0.8654701709747314,0.6341671943664551,0.5034666061401367,0.530574602671071,-0.16158609472155033,-0.8320940601837471,5,1.0,TWO_FINGER
1.7080708380256933,1.7977295591406908,1.0078420809712971,0.9413061193022209,1.1091991919821298,0.9434096609317636,0.9434096609317636,0.2081919268708083,1.0,1.0,1.0,1.0,1.0,0.860819399356842,0.837195634841919,0.6133000254631042,0.5058449506759644,0.5197439860696634,-0.2639681590533693,-0.8125189228260427,5,1.0,TWO_FINGER
1.7179355099153404,1.7930152627795017,0.9946117892613503,0.9194106083966282,1.118791266908473,0.8965037780221261,0.8965037780221261,0.20280384924131165,1.0,1.0,1.0,1.0,1.0,0.8517082333564758,0.8185380101203918,0.5963534712791443,0.5063948631286621,0.49213956656271124,-0.32756922278768685,-0.8065339740554873,5,1.0,TWO_FINGER
1.7572449581320055,1.8089462473707514,0.9684820784703784,0.8928885518864473,1.1463790557032876,0.7775606044809799,0.7775606044809799,0.19409093722454504,1.0,1.0,1.0,0.0,1.0,0.8467392325401306,0.7924810647964478,0.5911931991577148,0.49561330676078796,0.5364365145224763,-0.3227770103093375,-0.7797761650004077,4,0.0,TWO_FINGER
1.7325428985519622,1.7658853889164543,0.939196250641355,0.8821235340840483,1.1317433062080307,0.7580046920156588,0.7580046920156588,0.19611170797166377,1.0,1.0,1.0,0.0,1.0,0.8465160727500916,0.782839298248291,0.5916368365287781,0.48152780532836914,0.5099198988721254,-0.29659478163618913,-0.8074733631770293,4,0.0,TWO_FINGER
1.7346918887366687,1.769674178310102,1.0335488967299846,0.9434512451392593,1.1086292945871934,0.8093796617800872,0.8093796617800872,0.19524152997325556,1.0,1.0,1.0,1.0,1.0,0.8520200252532959,0.7717326283454895,0.5901768207550049,0.4737479090690613,0.4453702024345028,-0.2674144655053417,-0.8544793071935344,5,1.0,TWO_FINGER
1.7471758255878755,1.7811937079824656,1.0127737489337068,0.9348575368951767,1.1250507535197667,0.8290703328438871,0.8290703328438871,0.19050679908445595,1.0,1.0,1.0,1.0,1.0,0.8522377014160156,0.7563080191612244,0.587143063545227,0.46941131353378296,0.4988753516282075,-0.30047445344659246,-0.8129197293483557,5,1.0,TWO_FINGER
1.762452411641159,1.824041937226419,0.9914300680817862,0.9158558287352223,1.1212495709747088,0.8817424003281897,0.8817424003281897,0.18525833888069015,1.0,1.0,1.0,1.0,1.0,0.8484222292900085,0.7451581954956055,0.5862179398536682,0.4649960994720459,0.49081843964573385,-0.2716909126620792,-0.827817194361517,5,1.0,TWO_FINGER
1.7725301420922606,1.8476164853763564,0.9898406528174788,0.9083696013193918,1.1374594959291044,0.9187294076213005,0.9187294076213005,0.18168082610240435,1.0,1.0,1.0,1.0,1.0,0.8454137444496155,0.7374454140663147,0.5865229964256287,0.4620344042778015,0.5158697967910987,-0.28801010353449535,-0.8068014210577222,5,1.0,TWO_FINGER
1.8128623431438853,1.9094501903716472,0.9891560147741593,0.8944193924161965,1.1298684264374488,0.9829174508807205,0.9829174508807205,0.1756083145530785,1.0,1.0,1.0,0.0,1.0,0.8443277478218079,0.7257246971130371,0.5859055519104004,0.4618433713912964,0.5259270394172715,-0.2575319336851738,-0.8106035111829698,4,0.0,TWO_FINGER
1.8275603273974652,1.9212866919103189,0.970167334616204,0.8949847085104218,1.1378344330637504,1.0306621511706444,1.0306621511706444,0.17293459619432197,1.0,1.0,1.0,0.0,1.0,0.8414921760559082,0.7237171530723572,0.5868855118751526,0.461821585893631,0.5280322506050318,-0.2597017984943977,-0.8085399917009425,4,0.0,TWO_FINGER
1.8409249146821383,1.96477200449689,0.9850783886611625,0.8946845784592731,1.1363652789631697,1.132293570100386,1.132293570100386,0.16844476676408657,1.0,1.0,1.0,0.0,1.0,0.8411461710929871,0.7164005637168884,0.5878473520278931,0.4639677405357361,0.5612148476529218,-0.2869590978704582,-0.7763326419282398,4,0.0,TWO_FINGER
1.8261460158110376,1.946626491295203,0.9834376033918282,0.8985766720167592,1.1342339301266553,1.0930267522111967,1.0930267522111967,0.16971101262855282,1.0,1.0,1.0,0.0,1.0,0.8415226936340332,0.7187350392341614,0.5873656272888184,0.4658365845680237,0.5609162691273034,-0.3092962992897779,-0.7679249561473793,4,0.0,TWO_FINGER
1.8199881102961095,1.9261709829195452,0.9774729770096129,0.8903202831898819,1.115779434093799,1.0842727763995506,1.0842727763995506,0.17238952878086122,1.0,1.0,1.0,0.0,1.0,0.8423516154289246,0.7255579233169556,0.5867676734924316,0.4671677350997925,0.5492776350524944,-0.2952920298872659,-0.781726740438241,4,0.0,TWO_FINGER
1.829895932617544,1.937662694231776,0.9853076817498735,0.901068128832456,1.1248212166442384,1.0258744299623785,1.0258744299623785,0.1726233639753371,1.0,1.0,1.0,1.0,1.0,0.8445330858230591,0.726226806640625,0.5894364714622498,0.4673241376876831,0.5410394935032535,-0.2844966459135302,-0.7914151407028389,5,1.0,TWO_FINGER
1.7779587330018913,1.896333988604891,1.0231689665145618,0.9627181968146608,1.1109581721715844,0.8677433742210237,0.8677433742210237,0.17841454129338435,1.0,1.0,1.0,1.0,1.0,0.8473262190818787,0.7467342615127563,0.5981860756874084,0.47444474697113037,0.42711679842333317,-0.2111084828617349,-0.8792067157207221,5,1.0,TWO_FINGER
1.859339067698751,1.9201482683289357,0.9693288986099918,0.9011857608847595,1.10199095812153,1.1278804318457265,1.1278804318457265,0.19761412020067867,1.0,1.0,1.0,1.0,1.0,0.8451632857322693,0.7499279379844666,0.6285644769668579,0.3978126049041748,0.5828767033735031,-0.24608459063872862,-0.7744011382446481,5,1.0,TWO_FINGER
1.8617527155777553,1.9325378914849112,0.9631068326575648,0.8848176150180345,1.101337030798989,1.070532186515714,1.070532186515714,0.19958202069553585,1.0,1.0,1.0,0.0,1.0,0.8456403613090515,0.7545235753059387,0.6327536106109619,0.3957124352455139,0.5712628581590814,-0.22510477827355596,-0.7892949928172168,4,0.0,TWO_FINGER
1.8845648411295282,2.035679520443347,1.0638887754717754,0.8976327087304495,1.1377405287789875,0.693374884151095,0.693374884151095,0.2340484726699764,1.0,1.0,1.0,0.0,1.0,0.7288881540298462,0.8761874437332153,0.7394060492515564,0.4156814515590668,0.3539936126237518,0.08479347153355442,-0.9313960432634838,4,0.0,TWO_FINGER
1.8411300290689774,2.000352609284252,1.0823180993199424,0.928122829046596,1.1365417383835226,0.6578938350385432,0.6578938350385432,0.23619223024565864,1.0,1.0,1.0,1.0,1.0,0.7165806889533997,0.8751582503318787,0.7336535453796387,0.420171320438385,0.3806353721590766,0.0915479970197227,-0.9201824154497836,5,1.0,TWO_FINGER
1.8748263075730993,2.0216091258052287,1.0479167374566283,0.8947316341122906,1.134969580574678,0.7410687264139078,0.7410687264139078,0.22764982468428646,1.0,1.0,1.0,0.0,1.0,0.7064484357833862,0.8700829148292542,0.7202613353729248,0.4251217246055603,0.41266364985878834,0.06656294577734309,-0.9084481748204825,4,0.0,TWO_FINGER
1.9452535653302798,2.095036670684022,1.0794931905316492,0.9136793072932566,1.1084031043642637,0.9342987318259118,0.9342987318259118,0.21782645168841155,1.0,1.0,1.0,1.0,1.0,0.6991724967956543,0.8696814179420471,0.7117899060249329,0.43083733320236206,0.47141294559366004,0.05745744826963574,-0.8800389061655463,5,1.0,TWO_FINGER
1.9351683594102702,2.0894517136066737,1.1020476223957891,0.92805652822632,1.1075462447141322,0.9481245869063987,0.9481245869063987,0.21690724096691966,1.0,1.0,1.0,1.0,1.0,0.6962114572525024,0.8690934777259827,0.7148925065994263,0.43486329913139343,0.44695046530903204,0.06612415351806654,-0.8921114716679519,5,1.0,TWO_FINGER
1.949870342860602,2.1065038540105143,1.0893240947855691,0.9181573732192226,1.112739698206723,0.9438802787310888,0.9438802787310888,0.2146329353619564,1.0,1.0,1.0,1.0,1.0,0.6964535713195801,0.8665822744369507,0.714930534362793,0.433402955532074,0.45305990129381374,0.08080678563937006,-0.8878102214067332,5,1.0,TWO_FINGER
1.943206909904324,2.10966410005578,1.1169850028126604,0.9383580892334605,1.1082546346032642,0.9374155347246171,0.9374155347246171,0.212791277881273,1.0,1.0,1.0,1.0,1.0,0.6920287609100342,0.8666909337043762,0.7061451077461243,0.43550407886505127,0.4832033288396735,0.04110137757117979,-0.874542863306316,5,1.0,TWO_FINGER
1.9379819125161033,2.1052841705821073,1.108160660164311,0.9288767789075856,1.0848334324628242,1.0038527867304825,1.0038527867304825,0.20831836211064073,1.0,1.0,1.0,1.0,1.0,0.6873223185539246,0.8627830147743225,0.7024093866348267,0.4410828649997711,0.4884196317273307,0.044156712317901504,-0.87149093403237,5,1.0,TWO_FINGER
1.9540746573512864,2.1023855818367836,1.078084946821069,0.9067485445938963,1.1039565786026477,0.9764840514546911,0.9764840514546911,0.20679948242580132,1.0,1.0,1.0,1.0,1.0,0.6838632822036743,0.8625403046607971,0.6989091038703918,0.44209325313568115,0.47143421166230515,0.06572649053605033,-0.8794485843505323,5,1.0,TWO_FINGER
1.941261691651198,2.0877165586899187,1.0917531623174495,0.9268478779057338,1.0943894358045307,0.9823105259209503,0.9823105259209503,0.2082903386564733,1.0,1.0,1.0,1.0,1.0,0.6831540465354919,0.8640233278274536,0.6995136737823486,0.4447935223579407,0.43975280144017304,0.05326757811488148,-0.8965378066469337,5,1.0,TWO_FINGER
1.9418264227250508,2.0805992827065594,1.1110166832499109,0.9504927436883324,1.0932203865260859,1.002233329682871,1.002233329682871,0.20811831131054703,1.0,1.0,1.0,1.0,1.0,0.6845155358314514,0.8670417070388794,0.6982043385505676,0.44705528020858765,0.4637679510901182,0.018787498845353724,-0.8857574822877928,5,1.0,TWO_FINGER
1.930810116028026,2.0794289467112193,1.1293733653936529,0.9680230303813101,1.1059384751304693,0.9582388652476214,0.9582388652476214,0.20873754725080818,1.0,1.0,1.0,1.0,1.0,0.6834807395935059,0.8655283451080322,0.6988926529884338,0.4472340941429138,0.4452270087571758,0.02121608063474642,-0.8951663468851127,5,1.0,TWO_FINGER
1.9311283930625378,2.0870508443162596,1.1179255074063597,0.9569133956049422,1.1061680004482133,0.9561072194784948,0.9561072194784948,0.20706901939696426,1.0,1.0,1.0,1.0,1.0,0.6832717061042786,0.8669125437736511,0.6978821754455566,0.45138031244277954,0.4674828037330593,0.015224064992311104,-0.8838710630284192,5,1.0,TWO_FINGER
1.9338785594752506,2.090762487821908,1.1123612135295817,0.9549764242994364,1.112587456451915,0.9377234156470681,0.9377234156470681,0.20647503339417264,1.0,1.0,1.0,1.0,1.0,0.6829780340194702,0.864986777305603,0.6981709599494934,0.44964462518692017,0.4847770563447688,0.013070091013614081,-0.8745400953430303,5,1.0,TWO_FINGER
1.9458503238786227,2.088068358612337,1.1170984471444165,0.9617080583271621,1.1054532220362856,0.9924805431453905,0.9924805431453905,0.20635785824495814,1.0,1.0,1.0,1.0,1.0,0.6839281916618347,0.8680117726325989,0.6975889801979065,0.44968944787979126,0.47204921097930647,0.005377360626730929,-0.8815557988048767,5,1.0,TWO_FINGER
1.9456129073976371,2.1000064852895695,1.1203983493154912,0.9630420973478935,1.1154159369142365,0.9741064035631909,0.9741064035631909,0.2065229630047605,1.0,1.0,1.0,1.0,1.0,0.6830090880393982,0.8679800033569336,0.6984131336212158,0.4499320387840271,0.49312306222980856,0.00031592358394243517,-0.8699595080745917,5,1.0,TWO_FINGER
1.9401829433834685,2.0736955569553377,1.1235527333672295,0.9687584137219805,1.108475071403011,0.9706204514976072,0.9706204514976072,0.20727623733597594,1.0,1.0,1.0,1.0,1.0,0.6842992305755615,0.868995189666748,0.6971455812454224,0.45033344626426697,0.47539638754753777,-0.00045848304235687325,-0.8797715979162156,5,1.0,TWO_FINGER
1.9344948867929759,2.0643371187484005,1.1198635808218862,0.9689746829927925,1.10600129730256,0.9809526792933412,0.9809526792933412,0.20693654454958307,1.0,1.0,1.0,1.0,1.0,0.685461699962616,0.8684371709823608,0.6973440647125244,0.45158371329307556,0.4858979941973419,-0.009648126166756976,-0.873962272009765,5,1.0,TWO_FINGER
1.9044698507846098,2.0323347831766805,1.120765070685532,0.9702342817036987,1.1043262431971281,0.9653743201063372,0.9653743201063372,0.21086715135467185,1.0,1.0,1.0,1.0,1.0,0.6853352189064026,0.86994469165802,0.6979369521141052,0.4520869851112366,0.4634756487825855,-0.007694232710470136,-0.8860762505386083,5,1.0,TWO_FINGER
1.9095609033655039,2.033516051274293,1.0906342212016393,0.9379817518774012,1.0996115517902532,0.9783337363733352,0.9783337363733352,0.21078699339110152,1.0,1.0,1.0,1.0,1.0,0.6878630518913269,0.8715494871139526,0.6986119747161865,0.4545975923538208,0.49701381361001395,-0.02066445008993518,-0.8674965415396829,5,1.0,TWO_FINGER
1.9117280316168173,2.0406428328615394,1.1134888851765021,0.9558244026902523,1.1114131070339726,0.9409367699366963,0.9409367699366963,0.21101602561665048,1.0,1.0,1.0,1.0,1.0,0.6896169185638428,0.8737953901290894,0.6986149549484253,0.4535159766674042,0.49799455129995046,-0.027211201191392004,-0.8667531236778341,5,1.0,TWO_FINGER
1.9439560111125442,2.08240845144082,1.0962422050993081,0.9250074797186415,1.1174914104621598,0.9755359106769674,0.9755359106769674,0.20790443433063055,1.0,1.0,1.0,1.0,1.0,0.6947999000549316,0.8789955377578735,0.722297191619873,0.46163731813430786,0.4994416879849306,0.03509824160707644,-0.8656362479349248,5,1.0,TWO_FINGER
1.803148575301467,1.8909364544063865,1.3573578120790495,1.2103217405091298,1.2389394716925597,0.9767513839128538,0.9767513839128538,0.2607054223343658,1.0,1.0,1.0,1.0,1.0,0.7372981309890747,0.8803661465644836,0.6489953994750977,0.4307379126548767,0.13559388440419345,-0.2436849291294533,0.9603290862133436,5,1.0,TWO_FINGER
1.7983106138236604,1.9057029001256771,0.9305454852442292,0.9946319073659705,1.2416977658584933,1.0277068033567518,1.0277068033567518,0.2724293601653764,1.0,1.0,1.0,1.0,1.0,0.7564951777458191,0.8834065794944763,0.637358546257019,0.4209480881690979,0.17956289622820795,-0.24268995086914777,0.9533408383391894,5,1.0,TWO_FINGER
1.7999337196872525,1.9143620246541162,0.940681700927701,0.9622714111094773,1.245711504185017,1.0164958867385305,1.0164958867385305,0.2733631969949834,1.0,1.0,1.0,1.0,1.0,0.7569477558135986,0.8846126794815063,0.6376641988754272,0.42170655727386475,0.2196203050116001,-0.24432736971028585,0.9444951339403845,5,1.0,TWO_FINGER
1.8024481833275146,1.9186832490545085,0.982576252178749,1.0513733516130022,1.2435539593386071,1.0125996309236578,1.0125996309236578,0.2735021857451219,1.0,1.0,1.0,1.0,1.0,0.7564126253128052,0.8848244547843933,0.6347075700759888,0.42228400707244873,0.19473181301856254,-0.24784464024588967,0.9490271625722253,5,1.0,TWO_FINGER
1.8011700925022145,1.926740707530173,0.9606562570557347,1.1261960929677468,1.2363880024828262,1.035553276500442,1.035553276500442,0.2732389169056661,1.0,1.0,1.0,1.0,1.0,0.7563226819038391,0.8844524621963501,0.6336079835891724,0.4208410978317261,0.1734402235032738,-0.24614453410082202,0.9535886729630463,5,1.0,TWO_FINGER
1.791030419340005,1.910199188130769,0.9302131833168151,1.053492989807989,1.2430279269601132,1.0242665876187287,1.0242665876187287,0.2718673393529509,1.0,1.0,1.0,1.0,1.0,0.7574101686477661,0.8799408078193665,0.6357695460319519,0.41867920756340027,0.1892649532698236,-0.24341182420469118,0.9512778044825371,5,1.0,TWO_FINGER
1.7798278180644287,1.9147997524664333,0.904258893365582,1.0101042363139314,1.2344939588780623,1.0266259282288426,1.0266259282288426,0.2707538366356434,1.0,1.0,1.0,1.0,1.0,0.756986677646637,0.8790730237960815,0.636216938495636,0.41889941692352295,0.1976826463018961,-0.2303562024321555,0.9528156124624089,5,1.0,TWO_FINGER
1.7829571228028205,1.9219358064770504,0.9256506491087866,0.9740618318046029,1.2322836332682536,1.0231954472307525,1.0231954472307525,0.2703055288448349,1.0,1.0,1.0,1.0,1.0,0.7543081641197205,0.8803395628929138,0.6347383260726929,0.4200080633163452,0.23417481003230103,-0.2225058742972048,0.9463896101762594,5,1.0,TWO_FINGER
1.7974191163315272,1.9338012251279357,0.9671177524083681,0.9710762685807727,1.237252696806116,1.0271648284014014,1.0271648284014014,0.2706518136854434,1.0,1.0,1.0,1.0,1.0,0.7535891532897949,0.8833064436912537,0.6328608393669128,0.42149925231933594,0.25092884170880114,-0.23916445829842203,0.9379952442765911,5,1.0,TWO_FINGER
1.7948489447391023,1.9265513260122187,0.9451657201233018,0.9349511850316352,1.2443955388868784,1.0046229241696778,1.0046229241696778,0.2720014101516676,1.0,1.0,1.0,1.0,1.0,0.7530210018157959,0.8862069845199585,0.6298522353172302,0.4219125509262085,0.22018670977085386,-0.23113498817871428,0.9476784423420802,5,1.0,TWO_FINGER
1.8069623439238254,1.9164764402190344,0.9608767987958421,0.9415020127048016,1.2524324151553035,0.9948391236670445,0.9948391236670445,0.2725589575592611,1.0,1.0,1.0,1.0,1.0,0.7534551620483398,0.8856650590896606,0.6306715607643127,0.42101091146469116,0.19096580515352474,-0.24963835760492076,0.9493222591272069,5,1.0,TWO_FINGER
1.7994230440519576,1.9062871837144733,0.8804633499192362,0.8684939599427189,1.245527179427732,0.9874051700023702,0.9874051700023702,0.2716552374315422,1.0,1.0,0.0,0.0,1.0,0.7549623250961304,0.8866082429885864,0.6346414685249329,0.4194556474685669,0.16261296281265905,-0.21662792022459573,0.9626158987386687,3,0.0,TWO_FINGER
1.8044281092709187,1.9053133679691783,0.8822680472938791,0.8656097916692015,1.245664217603001,0.9808391575303913,0.9808391575303913,0.2723205579298057,1.0,1.0,0.0,0.0,1.0,0.7550749182701111,0.8875265717506409,0.6346181631088257,0.4190552830696106,0.18150813917749878,-0.21671512808165883,0.9592128797471768,3,0.0,TWO_FINGER
1.8019480131505996,1.8953451512984136,0.9255099482867974,0.8839070372926807,1.2461153412144406,0.9694355787663705,0.9694355787663705,0.2733327816358322,1.0,1.0,1.0,0.0,1.0,0.7547510266304016,0.8863140940666199,0.6471423506736755,0.41498973965644836,0.26587773024639844,-0.2148801946268772,0.9397529114166866,4,0.0,TWO_FINGER
1.8047821766504786,1.8913467242153577,0.9311154858320402,0.9225795856041283,1.2429410543116943,0.9984626363100729,0.9984626363100729,0.27484843353725635,1.0,1.0,1.0,1.0,1.0,0.7543770670890808,0.8872681856155396,0.6461362838745117,0.4162874221801758,0.2677169790869906,-0.213305964913969,0.9395893701190199,5,1.0,TWO_FINGER
1.8084792363294915,1.910514964460632,0.9024065918886004,0.939944788766682,1.243054376101084,1.0259815066224913,1.0259815066224913,0.27196231972830076,1.0,1.0,1.0,1.0,1.0,0.7604637742042542,0.880057692527771,0.6545655727386475,0.4042067527770996,0.08445338313260169,-0.18343416527335835,0.9793975357779517,5,1.0,TWO_FINGER
1.8158046005553794,1.9137567912659257,0.9106722770133643,0.9258834936584447,1.244223614983125,1.0287527712606144,1.0287527712606144,0.2727712279256509,1.0,1.0,1.0,1.0,1.0,0.7596486806869507,0.8802421689033508,0.6548867225646973,0.4034680724143982,0.12374447416870807,-0.19341223008667055,0.9732825973814649,5,1.0,TWO_FINGER
1.8366968174700047,1.9186237351195754,0.8823881191692667,0.8858627465475919,1.2632113673999297,1.005191302994103,1.005191302994103,0.2720058911237803,1.0,1.0,0.0,0.0,1.0,0.7607418894767761,0.8760685920715332,0.6608486175537109,0.39886367321014404,0.19534737942361663,-0.22944001905795045,0.9535180538442956,3,0.0,TWO_FINGER
1.9200282992108493,1.9974356331055283,0.922552374561146,0.7738140210968527,1.1091112210732417,0.9726690255401198,0.9726690255401198,0.24717230038247093,1.0,1.0,1.0,0.0,1.0,0.7917925119400024,0.8107020258903503,0.7904711365699768,0.3273019790649414,0.7375735224902499,0.03693769634151119,-0.6742558160745129,4,0.0,TWO_FINGER
1.9419387792097769,2.0257391745550497,0.9547069663618093,0.7908318668861268,1.1396788100699404,0.8820482388654785,0.8820482388654785,0.24517089934989247,1.0,1.0,1.0,0.0,1.0,0.7897268533706665,0.8136633634567261,0.7809084057807922,0.330696702003479,0.75792682732215,0.023675622930714967,-0.6519098015095512,4,0.0,TWO_FINGER
1.9326764875270923,2.016735637396635,0.9401396472360443,0.7873556575831852,1.1414525436300962,0.8643457627801487,0.8643457627801487,0.243457685155895,1.0,1.0,1.0,0.0,1.0,0.7752938270568848,0.8080068230628967,0.7820231914520264,0.3307703137397766,0.7367168493236106,0.05584041983784422,-0.6738917802103139,4,0.0,TWO_FINGER
1.94536592267275,2.038242522756717,0.9487104206358299,0.7990380658875573,1.1311698228999278,0.9284672139504537,0.9284672139504537,0.23896918427284808,1.0,1.0,1.0,0.0,1.0,0.7611249089241028,0.8059291839599609,0.7734382748603821,0.3285951614379883,0.782557596689057,0.051868931047464484,-0.620413750537688,4,0.0,TWO_FINGER
1.9033834166003754,2.0039694378198822,0.9753147345590097,0.8160950128575556,1.1213552614833668,0.9176496056460535,0.9176496056460535,0.24371882957905275,1.0,1.0,1.0,0.0,1.0,0.7607548236846924,0.8083087801933289,0.7778772115707397,0.3304387331008911,0.7861072063523278,0.03930162528072112,-0.6168393975511232,4,0.0,TWO_FINGER
1.9182306971324412,2.0174922694221347,0.9635233660349078,0.8103182300224939,1.1350808996112798,0.8905039647445313,0.8905039647445313,0.2414543918317355,1.0,1.0,1.0,0.0,1.0,0.7566675543785095,0.808506190776825,0.7728532552719116,0.3295685946941376,0.7953846929043239,0.060291062920764846,-0.6030988128204025,4,0.0,TWO_FINGER
1.9240495230167385,2.032460375117029,0.9720402466213697,0.8150864182463607,1.118127259669033,0.9962680052824399,0.9962680052824399,0.2416547725919322,1.0,1.0,1.0,0.0,1.0,0.7561103701591492,0.8159273266792297,0.7705956101417542,0.3360486924648285,0.7897469341427329,0.028127531606648236,-0.6127875830806878,4,0.0,TWO_FINGER
1.908100288004003,2.0311965920288158,0.9860602113852877,0.831870453033041,1.1116919395409626,1.0018212903557446,1.0018212903557446,0.24059146286667726,1.0,1.0,1.0,0.0,1.0,0.7540398836135864,0.8171263933181763,0.7685988545417786,0.34009742736816406,0.769248889335226,0.015357630557382165,-0.6387646588847762,4,0.0,TWO_FINGER
1.92185130464504,2.029308006124911,0.9788638712573745,0.8236605174298667,1.1167797407452777,0.9980931808802429,0.9980931808802429,0.239779866610613,1.0,1.0,1.0,0.0,1.0,0.7516851425170898,0.8168071508407593,0.7702749371528625,0.33808597922325134,0.7659209456433126,0.03206939205470028,-0.6421344556384554,4,0.0,TWO_FINGER
1.9010560805914731,2.0151921391159116,0.9847491690610773,0.8440092118693273,1.121121010290066,0.9811657914510776,0.9811657914510776,0.24124249077155172,1.0,1.0,1.0,0.0,1.0,0.7518656253814697,0.8178351521492004,0.7709929943084717,0.3399322032928467,0.7684392603868909,0.027182744086652985,-0.6393451348997407,4,0.0,TWO_FINGER
1.8957997284451964,2.023330849655297,0.9944149888227565,0.841596054156063,1.1274926860278753,0.9606648277125024,0.9606648277125024,0.23997343951101488,1.0,1.0,1.0,0.0,1.0,0.7489103078842163,0.8183149695396423,0.7692111134529114,0.34414753317832947,0.7513649655212318,0.036975640159541384,-0.6588501275875038,4,0.0,TWO_FINGER
1.902823423326899,2.0245129554000036,1.001482253981324,0.8469410669831582,1.1280934130191551,0.9326666238720656,0.9326666238720656,0.24026302306204894,1.0,1.0,1.0,0.0,1.0,0.7509005069732666,0.8197695016860962,0.7672512531280518,0.34449222683906555,0.7198949384991448,0.04223207663192444,-0.6927970332115083,4,0.0,TWO_FINGER
1.9041437806420833,2.03100490816062,0.9932343517372676,0.8491958767586819,1.123954807566296,0.9175544094807379,0.9175544094807379,0.23935928903697637,1.0,1.0,1.0,0.0,1.0,0.7502502202987671,0.8197119235992432,0.7629303932189941,0.3447321951389313,0.7057139730338867,0.040321288650499186,-0.707348557605294,4,0.0,TWO_FINGER
1.8923683259104371,2.0242699112125186,1.0019035576356037,0.850609536560393,1.1349466628357523,0.8923194787839008,0.8923194787839008,0.23869480145733998,1.0,1.0,1.0,0.0,1.0,0.7476524710655212,0.8191608786582947,0.7615604400634766,0.34631720185279846,0.7093577589184964,0.0312900973872942,-0.7041537471799905,4,0.0,TWO_FINGER
1.8921794058181236,2.0316640840956914,1.0028711175382656,0.850526787959347,1.1415705408788073,0.8759769857323838,0.8759769857323838,0.23772718078646807,1.0,1.0,1.0,0.0,1.0,0.7472278475761414,0.8183496594429016,0.7616273164749146,0.3469092845916748,0.7216395389485768,0.03920565111440476,-0.6911579361815803,4,0.0,TWO_FINGER
1.8996257504548844,2.037578003368926,0.9901875487322183,0.842762681968438,1.129771731444111,0.9158263000710608,0.9158263000710608,0.23644212931370862,1.0,1.0,1.0,0.0,1.0,0.7459571957588196,0.8172523379325867,0.7599362730979919,0.347706139087677,0.7247042267814966,0.03412159255862609,-0.6882147198413416,4,0.0,TWO_FINGER
1.8991766782947754,2.033917907186392,0.9966621517174623,0.8583067441120822,1.1421688945180093,0.853401696301099,0.853401696301099,0.23466913797491332,1.0,1.0,1.0,0.0,1.0,0.7458919882774353,0.8140774369239807,0.7561163902282715,0.3478718101978302,0.7062859834257068,0.0328896831888831,-0.7071622008818891,4,0.0,TWO_FINGER
1.8981915074345213,2.034245172829228,1.0096628101070695,0.8622712781909091,1.1440526020984114,0.8279231289421051,0.8279231289421051,0.23452761118564133,1.0,1.0,1.0,0.0,1.0,0.7463892102241516,0.8138033151626587,0.7534971833229065,0.3467985689640045,0.7053880425074583,0.018465313005931294,-0.7085807940546294,4,0.0,TWO_FINGER
1.9069505161436813,2.0248582862076705,1.0006937978422625,0.8633387437263501,1.1387173080004889,0.8424944907973169,0.8424944907973169,0.23445894447889332,1.0,1.0,1.0,0.0,1.0,0.7452421188354492,0.8126809597015381,0.7503467202186584,0.34345850348472595,0.7024661428966493,0.02841283427475409,-0.7111497935965247,4,0.0,TWO_FINGER
1.9119575089685217,2.0381016498745876,1.0178868725291872,0.8881954835610928,1.1370568372897139,0.8280660146893524,0.8280660146893524,0.2327637533951081,1.0,1.0,1.0,0.0,1.0,0.7479139566421509,0.8110877871513367,0.7515571713447571,0.34381529688835144,0.6795010482894263,0.010717287453693781,-0.7335962548454059,4,0.0,TWO_FINGER
1.8914716232247886,2.021908544480077,1.043042271993881,0.9040400450944895,1.143875491792897,0.7799013603466022,0.7799013603466022,0.23251298848506444,1.0,1.0,1.0,1.0,1.0,0.7456115484237671,0.8083658814430237,0.7589201927185059,0.343719482421875,0.6677738542608448,0.014234639733978241,-0.7442280931255282,5,1.0,TWO_FINGER
1.9029137404012386,2.03632374282142,1.0407272362571471,0.8976554967257628,1.130155321589831,0.8291851004892068,0.8291851004892068,0.23165953718558924,1.0,1.0,1.0,0.0,1.0,0.7482842803001404,0.8091130256652832,0.7589747905731201,0.3447270393371582,0.6495498196828501,0.020202981924100253,-0.7600505715222845,4,0.0,TWO_FINGER
1.8907498238898484,2.025453619287946,1.0279315071784971,0.8861384999442502,1.137898366156701,0.8090658002795609,0.8090658002795609,0.23196723180735793,1.0,1.0,1.0,0.0,1.0,0.746453046798706,0.8069056868553162,0.7591741681098938,0.34302717447280884,0.6571572963527976,0.025943361678006267,-0.7533068629948392,4,0.0,TWO_FINGER
1.8885813830197784,2.02353241768196,1.0279666967785903,0.8919922990223139,1.1387085323270842,0.8047812199831198,0.8047812199831198,0.2324062286314483,1.0,1.0,1.0,0.0,1.0,0.7467586398124695,0.8074373006820679,0.758620023727417,0.34325721859931946,0.6540071917581589,0.02237186992920627,-0.7561574522310001,4,0.0,TWO_FINGER
1.8981154550925388,2.0520789421494987,1.0340971006061181,0.8906350295754366,1.1395336718139524,0.8039269564456509,0.8039269564456509,0.23127846006489117,1.0,1.0,1.0,0.0,1.0,0.7467250823974609,0.8095342516899109,0.7583794593811035,0.34715890884399414,0.6491406587775953,0.03657014938742409,-0.7597888057187807,4,0.0,TWO_FINGER
1.9025675617687068,2.0405388551713513,1.0358948023618855,0.8888156555796916,1.132633397127103,0.8334165182521764,0.8334165182521764,0.23124004561597622,1.0,1.0,1.0,0.0,1.0,0.747428834438324,0.8092303276062012,0.7572891712188721,0.3452144265174866,0.6485079656155899,0.02650325310436368,-0.7607463415015645,4,0.0,TWO_FINGER
1.9051403410439056,2.049149308841801,1.0334191208006618,0.8879056922282386,1.1346283294427344,0.8395802345057534,0.8395802345057534,0.23034355294013306,1.0,1.0,1.0,0.0,1.0,0.7467274069786072,0.8092550039291382,0.757988452911377,0.3463387191295624,0.6562861343855789,0.03244627314752705,-0.7538141343673983,4,0.0,TWO_FINGER
1.900871733924917,2.0415353197568353,1.0216160039366984,0.8845750024940572,1.1418774087423604,0.8269036771292395,0.8269036771292395,0.23051303561852926,1.0,1.0,1.0,0.0,1.0,0.7458617091178894,0.8084114193916321,0.7561956644058228,0.34425684809684753,0.6504819916544939,0.041927175855703276,-0.7583635608716756,4,0.0,TWO_FINGER
1.9053872435603731,2.0542583644746126,1.0327572404982597,0.8928375550760013,1.152854819777976,0.794726243169071,0.794726243169071,0.22894713066602276,1.0,1.0,1.0,0.0,1.0,0.7466179728507996,0.8072595000267029,0.7547786831855774,0.34466928243637085,0.6442705952988581,0.04240054372873778,-0.7636213681693057,4,0.0,TWO_FINGER
1.9054053317803372,2.0416009512469504,1.0357844665078149,0.8886639246170689,1.1491954535480613,0.7888085983027442,0.7888085983027442,0.2303921142580323,1.0,1.0,1.0,0.0,1.0,0.7475357055664062,0.8072916269302368,0.7546411156654358,0.34242361783981323,0.6576566909446874,0.02505124673950547,-0.7529011302239361,4,0.0,TWO_FINGER
1.7567339209434265,0.8187984703280697,0.7758896498784829,0.822731311343847,1.0728142974547603,0.9299135729262914,0.9299135729262914,0.261313481429388,1.0,0.0,0.0,0.0,1.0,0.7493017911911011,0.8003775477409363,0.7288225889205933,0.33363452553749084,0.9977997225407137,-0.009424733749017375,0.0656268854314664,2,0.0,TWO_FINGER
1.7550652546166436,1.9351547456569338,0.9433986037631104,1.00488667556536,1.2031443019953476,0.8187434377960846,0.8187434377960846,0.2639771235887582,1.0,1.0,1.0,1.0,1.0,0.7312374711036682,0.783734142780304,0.6268752217292786,0.33532094955444336,0.49355304313495946,-0.20266983396939492,0.845772033121833,5,1.0,TWO_FINGER
1.8637635813828004,1.9356682738480544,0.869913365325657,0.847115795298106,1.1559058290562425,0.97657133717277,0.97657133717277,0.28214675222451313,1.0,1.0,0.0,0.0,1.0,0.7658159136772156,0.7982403039932251,0.6467517614364624,0.30583295226097107,-0.16021741090115915,-0.0983641033276711,0.9821684603064142,3,0.0,TWO_FINGER
1.8274345661391767,1.9097030312955083,0.9170324412621857,0.8541338088485697,1.2480509416010435,1.0660483253173691,1.0660483253173691,0.292838653500097,1.0,1.0,1.0,0.0,1.0,0.7814323902130127,0.8152374029159546,0.6783887147903442,0.29656797647476196,0.0035014724836252057,-0.18359730816420877,0.9829953042234244,4,0.0,TWO_FINGER
1.8421918483620208,1.9671825645063161,0.856571004935786,0.8913806370105392,1.2481663655121118,1.0928161309762379,1.0928161309762379,0.2955166753702813,1.0,1.0,0.0,0.0,1.0,0.77607661485672,0.8555933237075806,0.673711895942688,0.31684088706970215,-0.07745958278291828,-0.1939573786683902,0.9779471091501742,3,0.0,TWO_FINGER
1.7954813138460728,1.924111103050562,0.9255126716333036,0.8583374136628973,1.276737798171409,0.9976765752589856,0.9976765752589856,0.3111695702283662,1.0,1.0,1.0,0.0,1.0,0.8129088878631592,0.7974039316177368,0.5962356925010681,0.31589531898498535,-0.14703501775246633,-0.1461981077915839,0.9782672522540516,4,0.0,TWO_FINGER
1.845635410963235,2.0302974959179925,0.8471567270728088,0.8528170675244642,1.2823508671366597,1.1274735014613535,1.1274735014613535,0.29095323718185606,1.0,1.0,0.0,0.0,1.0,0.8429598808288574,0.7926657199859619,0.587250292301178,0.3668455183506012,-0.2567541826765474,-0.16429019296119168,0.9524106373696549,3,0.0,TWO_FINGER
1.9124058553160665,2.0594394879963374,0.8191016370707449,0.7850248656187622,1.3089785769582256,1.148134594485957,1.148134594485957,0.2888403639019617,1.0,1.0,0.0,0.0,1.0,0.8532785773277283,0.7962477207183838,0.577223539352417,0.38608479499816895,-0.1361576657339705,-0.312661368858976,0.9400552954401713,3,0.0,TWO_FINGER
1.9369345050840856,2.1056531348036853,0.7834377609050793,0.7818617829474696,1.304086035763802,1.2057232306008885,1.2057232306008885,0.2781672849061873,1.0,1.0,0.0,0.0,1.0,0.8561831116676331,0.8018127679824829,0.5649203062057495,0.4210597276687622,-0.1180058704377767,-0.30608987553476863,0.9446605753588599,3,0.0,TWO_FINGER
1.9605515121273578,2.1326728469161993,0.7780021591105359,0.7859092242142418,1.2887214051405114,1.2223230760594577,1.2223230760594577,0.2756715750238925,1.0,1.0,0.0,0.0,1.0,0.8488874435424805,0.8257168531417847,0.5696772336959839,0.42817163467407227,-0.2066090824656119,-0.2750101531225546,0.9389792876960744,3,0.0,TWO_FINGER
1.974878867041784,2.1013431169055354,0.7554246980952828,0.7901813685180231,1.2826663178971676,1.2519126446348612,1.2519126446348612,0.2790817421575847,1.0,1.0,0.0,0.0,1.0,0.8381698727607727,0.8344526290893555,0.587563157081604,0.39898011088371277,-0.1529483735732526,-0.27542916477138246,0.9490761667087819,3,0.0,TWO_FINGER
1.9822615242460597,2.110014171797796,0.7881020438220505,0.8002961272371202,1.2767940858053928,1.2324786037956417,1.2324786037956417,0.2799490011965062,1.0,1.0,0.0,0.0,1.0,0.8265886306762695,0.8438396453857422,0.5937705039978027,0.3972036838531494,-0.23409409241213966,-0.2554499557689023,0.9380539835187539,3,0.0,TWO_FINGER
1.996817245883111,2.0859529816896996,0.773559082336961,0.7968005491721578,1.2682460783298413,1.2392552624440343,1.2392552624440343,0.2759406595467403,1.0,1.0,0.0,0.0,1.0,0.8084808588027954,0.8600121736526489,0.625577986240387,0.3798336982727051,-0.1973062448587459,-0.2628963297333942,0.9444340980462592,3,0.0,TWO_FINGER
1.9680349136099102,2.0230329666740827,1.0293823567132678,0.8667402290645227,1.2678857241220989,1.2194728759245126,1.2194728759245126,0.29112796156788295,1.0,1.0,1.0,0.0,1.0,0.7922041416168213,0.8761919140815735,0.6164392232894897,0.39012080430984497,-0.18605473839393383,-0.36097310644887864,0.9138282391903915,4,0.0,TWO_FINGER
1.957227840107532,1.9626015931509146,1.905732118842058,1.07179337954989,1.2844899875328502,1.2085454711333254,1.2085454711333254,0.3015774835642131,1.0,1.0,1.0,1.0,1.0,0.7847729921340942,0.8901045322418213,0.6076979041099548,0.39148038625717163,-0.0905254943420709,-0.39285335508573055,0.9151346219393126,5,1.0,TWO_FINGER
2.0256784951048634,1.8759710044007434,1.9363928147025717,1.190661929603346,1.2887691918076811,1.2751696114287765,1.2751696114287765,0.29331038468604487,1.0,1.0,1.0,1.0,1.0,0.7701445817947388,0.8875673413276672,0.6186383962631226,0.38366377353668213,-0.05542636162727485,-0.4378880894101322,0.8973193074873106,5,1.0,TWO_FINGER
1.967948549082942,1.9561632126393191,1.0667003811345712,0.8838860034365107,1.2727232938428532,1.2405506173337502,1.2405506173337502,0.3003985801262627,1.0,1.0,1.0,0.0,1.0,0.7338456511497498,0.9199422001838684,0.6295683979988098,0.38848114013671875,0.14969400921680584,-0.4229658328520777,0.8936954782499165,4,0.0,TWO_FINGER
1.9363001522998233,1.9925819739285318,0.814432735382187,0.7997309505780372,1.2651672953305846,1.2285428119061546,1.2285428119061546,0.30184496975147784,1.0,1.0,0.0,0.0,1.0,0.7348731756210327,0.9426108002662659,0.6242834329605103,0.40662017464637756,0.18175862111422725,-0.3645155944591199,0.9132864747968018,3,0.0,TWO_FINGER
1.946636172133975,2.0085993650492044,0.8174583476328375,0.8025612066017906,1.2677906227245193,1.2341664144111824,1.2341664144111824,0.2997258480509382,1.0,1.0,0.0,0.0,1.0,0.7360589504241943,0.9409990906715393,0.6240197420120239,0.40763553977012634,0.1593029977173234,-0.37310170613498594,0.91401185539217,3,0.0,TWO_FINGER
1.9328723707768027,2.0132938014562853,0.820769653916192,0.8240039903071286,1.2707679327418284,1.2360341394746386,1.2360341394746386,0.3030599237707733,1.0,1.0,0.0,0.0,1.0,0.7337307333946228,0.9438685178756714,0.6198331713676453,0.4083457589149475,0.2008831351907718,-0.37150103931822126,0.906439707747519,3,0.0,TWO_FINGER
1.9244593650572468,2.0027703056412807,0.7937797951686941,0.8024930028365355,1.2647081395585649,1.2445212525717668,1.2445212525717668,0.30189134343320334,1.0,1.0,0.0,0.0,1.0,0.7355022430419922,0.9407768845558167,0.6179260015487671,0.40803784132003784,0.18434705144082375,-0.3607337920416235,0.9142687219326411,3,0.0,TWO_FINGER
1.9415692988667788,2.018594021859598,0.8095659789230613,0.8114519958770015,1.27255068528228,1.235962090377111,1.235962090377111,0.3015848957864232,1.0,1.0,0.0,0.0,1.0,0.7335928678512573,0.9393489360809326,0.6172147393226624,0.4090445637702942,0.1839400429005285,-0.3854079377035128,0.9042271739849876,3,0.0,TWO_FINGER
1.9404383806212882,2.023466168761497,0.8131916405614963,0.8069343318527228,1.274038291546378,1.2434207958129488,1.2434207958129488,0.3003995059876927,1.0,1.0,0.0,0.0,1.0,0.7330304980278015,0.9385854601860046,0.6159564852714539,0.40993261337280273,0.17408744918592262,-0.3846235272357844,0.9065088539736622,3,0.0,TWO_FINGER
1.93149588582309,2.016642015655984,0.797838063631627,0.8129953236816891,1.2688227497166795,1.2423681639288011,1.2423681639288011,0.30058614022895475,1.0,1.0,0.0,0.0,1.0,0.7342453598976135,0.9369450807571411,0.6159729957580566,0.4083127975463867,0.1768916925835721,-0.37614887095044974,0.9095171004316636,3,0.0,TWO_FINGER
1.936437928892008,2.0115356885650777,0.815537832128387,0.8095468945412314,1.268530840985408,1.2536557443737115,1.2536557443737115,0.2999503772655244,1.0,1.0,0.0,0.0,1.0,0.735453188419342,0.9365224242210388,0.6153736710548401,0.4078054130077362,0.16049451545073476,-0.3779413229931598,0.9118124077267286,3,0.0,TWO_FINGER
1.9464959500594103,2.0278362626502897,0.8190836606253484,0.8114817375730797,1.2713641091830759,1.2580139833685342,1.2580139833685342,0.2990783999171423,1.0,1.0,0.0,0.0,1.0,0.7344393134117126,0.9352058172225952,0.6175051331520081,0.4049276113510132,0.17258910683665588,-0.38679082315239094,0.9058729818944934,3,0.0,TWO_FINGER
1.9531800891755267,2.023194653035833,0.7551815379118897,0.7841846759773817,1.2594214011912357,1.2696613951747953,1.2696613951747953,0.29707597345782155,1.0,1.0,0.0,0.0,1.0,0.7388061285018921,0.9334679245948792,0.6227774024009705,0.3995020091533661,0.17320632340790149,-0.3699823222301562,0.9127500483531611,3,0.0,TWO_FINGER
2.0198232932408158,2.0670297758638214,1.74313483274903,1.056538112161331,1.2776948711912601,1.3253247801058412,1.3253247801058412,0.29817138988179104,1.0,1.0,1.0,1.0,1.0,0.739811360836029,0.9353736639022827,0.6608604192733765,0.40108904242515564,0.2864348617884042,-0.47265192037777637,0.8333998032849887,5,1.0,TWO_FINGER
1.9996006578913086,2.0529213702911875,0.8940263908269338,0.8662984242227956,1.2566436304892816,1.3077857445514989,1.3077857445514989,0.2921184027187438,1.0,1.0,0.0,0.0,1.0,0.7435916662216187,0.9377183318138123,0.6928243637084961,0.4074237644672394,0.1469402794324156,-0.44091362476346296,0.8854398510222294,3,0.0,TWO_FINGER
1.9762350142195628,2.020272489891642,0.8730599374231202,0.8626901052796001,1.2605637839129142,1.2937240311812324,1.2937240311812324,0.29804338097871824,1.0,1.0,0.0,0.0,1.0,0.7451962828636169,0.9589551091194153,0.691024124622345,0.4149032235145569,0.24566423937714046,-0.3972719960796156,0.8842081443993652,3,0.0,TWO_FINGER
1.9500054988030304,2.0108230642205718,0.8546600645214251,0.856334704125001,1.260749418445494,1.2736621056771575,1.2736621056771575,0.2991388179072618,1.0,1.0,0.0,0.0,1.0,0.7381457090377808,0.9591860771179199,0.6949807405471802,0.41363129019737244,0.1314762304869861,-0.40001391750557974,0.9070296944525974,3,0.0,TWO_FINGER
1.9673124157871333,2.009719069505285,0.8525772831312116,0.8540013744789686,1.2564645523305846,1.307314453904037,1.307314453904037,0.2923668598147693,1.0,1.0,0.0,0.0,1.0,0.7140988111495972,0.9565118551254272,0.7076287865638733,0.41713523864746094,0.1702682177165634,-0.4105973680219739,0.8957781731037282,3,0.0,TWO_FINGER
1.9677225537999405,2.044079006836512,0.876639854341515,0.8705277245118741,1.2641077218547467,1.321749377463341,1.321749377463341,0.29643911194820566,1.0,1.0,0.0,0.0,1.0,0.7043144106864929,0.9659356474876404,0.6987490653991699,0.4212946593761444,0.32772204789698056,-0.38622258894515576,0.8622240840470129,3,0.0,TWO_FINGER
1.9861893132034876,2.0554828606205056,0.9192825168990719,0.8776063497882443,1.265288530609282,1.2879214352049428,1.2879214352049428,0.29406011678917593,1.0,1.0,1.0,0.0,1.0,0.7148125767707825,0.9542958736419678,0.6814767122268677,0.4128859043121338,0.29028709961074783,-0.39811906000922764,0.8701922855650633,4,0.0,TWO_FINGER
2.014355906244967,2.0935034566011255,1.2083689951904397,0.9613956055747725,1.2921274384801449,1.2853436638795195,1.2853436638795195,0.29722065465283093,1.0,1.0,1.0,1.0,1.0,0.7422318458557129,0.9301064610481262,0.6722774505615234,0.4007859528064728,0.20288926108876879,-0.4794873663134954,0.8537726941526071,5,1.0,TWO_FINGER
1.9852770497388357,2.1271259968788128,0.8771109433064609,0.8451217739576703,1.2869627474119785,1.2003165036190289,1.2003165036190289,0.28996608828156456,1.0,1.0,0.0,0.0,1.0,0.8039214611053467,0.8804566860198975,0.6323261260986328,0.3866431415081024,-0.040621558216164776,-0.40281253482438717,0.9143806378070582,3,0.0,TWO_FINGER
1.9542374783254508,2.1199085628773178,0.8125825081779925,0.8209754099573754,1.3004509876652224,1.2308545999083502,1.2308545999083502,0.27758952204156295,1.0,1.0,0.0,0.0,1.0,0.8371507525444031,0.8339722156524658,0.5891068577766418,0.43377742171287537,-0.010359984013545433,-0.4152698962725362,0.909639260356014,3,0.0,TWO_FINGER
2.028972177108399,2.1722587290785955,0.788929439814715,0.7822212421237407,1.2917484235867882,1.2903385430454577,1.2903385430454577,0.2644824236372395,1.0,1.0,0.0,0.0,1.0,0.8492239713668823,0.8193336129188538,0.6055105328559875,0.4241834282875061,-0.2201376883246742,-0.36588357268195326,0.9042503024166253,3,0.0,TWO_FINGER
2.0348023848026595,1.916474191827681,1.5137654213181573,1.127880967875175,1.2743196687815816,1.2540002062989652,1.2540002062989652,0.2825944707842129,1.0,1.0,1.0,1.0,1.0,0.7768827676773071,0.849318265914917,0.5862506628036499,0.4000706076622009,-0.3336905939412795,-0.4021313704654807,0.8526083206271626,5,1.0,TWO_FINGER
2.016725173395782,1.9361382522346808,1.174265070110014,0.9299648129959819,1.267974166450201,1.2919641122770684,1.2919641122770684,0.2811207075250664,1.0,1.0,1.0,1.0,1.0,0.7708103060722351,0.8574246168136597,0.5891096591949463,0.3997077941894531,-0.14502507163170916,-0.4330215668202897,0.8896404055947095,5,1.0,TWO_FINGER
1.995627953115159,1.891062293452158,1.1585279184360013,0.9209032146941732,1.262993893904284,1.2651262102728364,1.2651262102728364,0.28268013934640734,1.0,1.0,1.0,1.0,1.0,0.7772638201713562,0.8663052320480347,0.5938245058059692,0.4021288752555847,-0.19201398769386407,-0.3901355157119948,0.9005136911285894,5,1.0,TWO_FINGER
1.9922450200733801,2.0437548600398427,0.729997929173281,0.7892523884393762,1.2531718229224806,1.2695958815196862,1.2695958815196862,0.27606129837597426,1.0,1.0,0.0,0.0,1.0,0.7882035374641418,0.8742717504501343,0.6216295957565308,0.4051535129547119,-0.06853468055107112,-0.35533651381694675,0.9322225911820532,3,0.0,TWO_FINGER
2.0083732526421656,2.0879395686250346,0.7731974765754319,0.8118496234536833,1.2592464953148883,1.3122102096355213,1.3122102096355213,0.26789641022131055,1.0,1.0,0.0,0.0,1.0,0.7845683097839355,0.8741759657859802,0.6543921232223511,0.4028969407081604,-0.02177788188848778,-0.3531471925594267,0.9353142703112394,3,0.0,TWO_FINGER
2.0027464330559734,2.070369630020958,0.8651257189206573,0.8520748472170416,1.2579811107248104,1.32572694273208,1.32572694273208,0.26815858597743797,1.0,1.0,0.0,0.0,1.0,0.7870231866836548,0.868107795715332,0.6550975441932678,0.4025637209415436,-0.0061108462229461655,-0.3858841679646146,0.9225270004030758,3,0.0,TWO_FINGER
2.0125372310047447,2.092658273496359,0.7743442189459445,0.8105350252446492,1.256373631666983,1.3212917301510834,1.3212917301510834,0.26646946719924797,1.0,1.0,0.0,0.0,1.0,0.7865674495697021,0.8697340488433838,0.6552225947380066,0.40279391407966614,-0.037343771833219436,-0.3610008634302453,0.9318174817569618,3,0.0,TWO_FINGER
1.9797889519970087,2.03924086129434,0.958113448611791,0.8208534083459558,1.2640766641379557,1.3083653468672878,1.3083653468672878,0.27108113405948203,1.0,1.0,1.0,0.0,1.0,0.7867056131362915,0.8753270506858826,0.6495249271392822,0.4040817618370056,-0.004257223179940274,-0.35102495832661124,0.9363564250233972,4,0.0,TWO_FINGER
1.7932297804147679,1.8936720041215227,0.8105735565767845,0.8437266848892777,1.1542059194983698,0.8983944489632377,0.8983944489632377,0.24686096511239958,1.0,1.0,0.0,0.0,1.0,0.7010847926139832,0.8798235058784485,0.6183329820632935,0.439810574054718,0.48954434056152457,-0.13724946281390518,0.8611091240844428,3,0.0,TWO_FINGER
1.8215040375170028,1.9373244986386018,0.8353516134891925,0.8453836060283145,1.2196117257807604,0.8903588859414341,0.8903588859414341,0.23513941857977816,1.0,1.0,0.0,0.0,1.0,0.6736406683921814,0.8807311654090881,0.598302960395813,0.4559948146343231,0.533742088827422,-0.16769674538934043,0.8288529327932448,3,0.0,TWO_FINGER
1.815311475263921,1.9262192529825044,0.8963353794252557,0.7949339308523194,1.205544020272846,0.9595369955187991,0.9595369955187991,0.23551598485535913,1.0,1.0,0.0,0.0,1.0,0.6800724864006042,0.8859100341796875,0.5890836715698242,0.4658086895942688,0.46636290235676203,-0.20150082256270732,0.8613379486658704,3,0.0,TWO_FINGER
1.8579665998100579,1.939486220845957,0.7876180552977496,0.7391492975923004,1.2333442089661044,1.0459445053418424,1.0459445053418424,0.2297102523626772,1.0,1.0,0.0,0.0,1.0,0.6852389574050903,0.8773245811462402,0.591152012348175,0.4625668525695801,0.3428708707956265,-0.19217264170856693,0.9195157648124362,3,0.0,TWO_FINGER
1.915837224120055,1.9754484628372229,0.7856800797368855,0.7760917476814699,1.2538628613928497,1.082997504285223,1.082997504285223,0.2196175636638383,1.0,1.0,0.0,0.0,1.0,0.7221845388412476,0.8655716180801392,0.6372612118721008,0.4613604247570038,-0.24733452638195375,-0.12910497475570823,0.9602903402371299,3,0.0,TWO_FINGER
1.8874030883372106,1.9411726244085281,1.2566689792791663,1.1332074874927482,1.2655650935947906,1.1315103448712238,1.1315103448712238,0.22856797665364603,1.0,1.0,1.0,1.0,1.0,0.7353218197822571,0.8699384927749634,0.6440847516059875,0.45460063219070435,-0.20037448591702048,-0.1608288899271905,0.9664285455005339,5,1.0,TWO_FINGER
1.8443916428701808,1.917504268112491,0.9723546628674677,0.9408774078583616,1.2490473485920062,1.1320911036122672,1.1320911036122672,0.23195094319495713,1.0,1.0,1.0,1.0,1.0,0.7400657534599304,0.8739408850669861,0.647100567817688,0.4557533264160156,-0.16402755913440936,-0.13787099276485848,0.9767735403861225,5,1.0,TWO_FINGER
1.8192841698739488,1.8795482407361794,0.7430309722005674,0.7081235006434026,1.244798086001974,1.048366112683872,1.048366112683872,0.24981068572103735,1.0,1.0,0.0,0.0,1.0,0.7456212043762207,0.8726013898849487,0.6113227009773254,0.45263540744781494,0.10991003349634357,-0.17632283873472118,0.978176896618072,3,0.0,TWO_FINGER
1.8859643281507805,1.9276598250873256,0.8072284533525915,0.7824084383860578,1.2417092360341877,1.0561220368585356,1.0561220368585356,0.24411036604424474,1.0,1.0,0.0,0.0,1.0,0.7497418522834778,0.8599324822425842,0.6053991913795471,0.44641757011413574,-0.07359975650325215,-0.15681308834879173,0.9848820899809154,3,0.0,TWO_FINGER
1.9803160658587537,2.0145352877345823,0.768138537710003,1.0509316164261517,1.2519805424601202,1.2587213323986592,1.2587213323986592,0.22905242737332765,1.0,1.0,0.0,1.0,1.0,0.7622254490852356,0.8510053157806396,0.6600456833839417,0.4450281858444214,-0.1749630931147013,-0.35497805550178263,0.9183564102024386,4,0.0,TWO_FINGER
1.9616094775152098,2.017956214351722,1.6716372340972336,1.6468242312248471,1.2482344766790865,1.177853870258104,1.177853870258104,0.24346275298517173,1.0,1.0,1.0,1.0,1.0,0.7599366307258606,0.8701781034469604,0.6285828351974487,0.45313411951065063,-0.3045236472936835,-0.25934151943001355,0.9165191348459037,5,1.0,TWO_FINGER
1.919419803975718,2.01082453878528,0.707957434194507,0.8610720888835006,1.2545027100164132,1.1385691974706185,1.1385691974706185,0.23851590526390498,1.0,1.0,0.0,0.0,1.0,0.7602012157440186,0.863688588142395,0.6130999326705933,0.45283883810043335,-0.05250806245123943,-0.21546986624818554,0.9750977592614013,3,0.0,TWO_FINGER
1.9144258929289968,1.9856365017532704,0.8139906831245798,0.8486135708591923,1.252832579477341,1.027812592861557,1.027812592861557,0.24206027186216608,1.0,1.0,0.0,0.0,1.0,0.7562600374221802,0.8275807499885559,0.6168621778488159,0.39498934149742126,-0.11132113415470864,-0.07870933809960597,0.990662629347868,3,0.0,TWO_FINGER
1.8512158508515975,1.9279630072803569,0.7067729976467239,0.6982818334187108,1.2512281903013578,0.9155261844325597,0.9155261844325597,0.24633485801281513,1.0,1.0,0.0,0.0,1.0,0.7368320226669312,0.7491915225982666,0.6290871500968933,0.3091919720172882,0.054704126834762494,-0.09044716769762884,0.9943976912496947,3,0.0,TWO_FINGER
1.9174417790706666,1.9684720489016925,0.8981613726328904,0.91212544786346,1.1634028535073544,0.9065312799465636,0.9065312799465636,0.25637068653667605,1.0,1.0,0.0,1.0,1.0,0.756484866142273,0.7646584510803223,0.6379446387290955,0.2985496520996094,-0.17144419185908472,-0.028170206187922354,0.9847910075549611,4,0.0,TWO_FINGER
1.9509417835727008,2.098245670494562,0.8247363596842978,0.7886657131997538,1.2349059067884918,0.8986059261706402,0.8986059261706402,0.26226094613104584,1.0,1.0,0.0,0.0,1.0,0.7769888639450073,0.8909121155738831,0.6583063006401062,0.38002368807792664,-0.22020227423054636,-0.055901402833646634,0.9738511136641606,3,0.0,TWO_FINGER
1.909984070033563,1.9949203673956537,1.5794177994327272,0.9297084065128142,1.2736376714748738,1.2671589399980183,1.2671589399980183,0.3204136838417622,1.0,1.0,1.0,1.0,1.0,0.7935425043106079,0.991290807723999,0.6686739325523376,0.427869975566864,0.17503337664183577,-0.3185070899255701,0.9316203898200716,5,1.0,TWO_FINGER
1.7599130260000453,1.8384707082849046,0.9103630611779376,0.8358011982944507,1.176581218812505,0.9300847021163154,0.9300847021163154,0.22019855840399946,1.0,1.0,1.0,0.0,1.0,0.7196885943412781,0.8520653247833252,0.6134865283966064,0.4707895815372467,0.03146375176591321,-0.056172230092717323,0.9979252040565082,4,0.0,TWO_FINGER
1.787770531250804,1.8337575426954131,0.9177437662157918,0.7986569762769202,1.2504215644000845,0.900846847013008,0.900846847013008,0.20323973767722858,1.0,1.0,1.0,0.0,1.0,0.7009036540985107,0.8195174932479858,0.6273170709609985,0.4627174735069275,0.17940518591399807,-0.14935926796444146,0.9723711165703607,4,0.0,TWO_FINGER
1.8054486811146928,1.862179582451389,1.062471492385388,0.8555693867097645,1.2489795042605192,0.9450575947513279,0.9450575947513279,0.19666762367440416,1.0,1.0,1.0,0.0,1.0,0.7118684649467468,0.809395432472229,0.6369607448577881,0.4610738754272461,0.17678716098373917,-0.16560507505012306,0.9702171194268593,4,0.0,TWO_FINGER
1.8366509636032937,1.913906045138743,0.9764717987230189,0.8500694383897304,1.264895297074354,0.9585643629334533,0.9585643629334533,0.19427018415830108,1.0,1.0,1.0,0.0,1.0,0.7290672659873962,0.7984178066253662,0.6418171525001526,0.4606371819972992,0.13992041907564542,-0.21214860906450095,0.9671686740159098,4,0.0,TWO_FINGER
